metricId;crawlJobId;organizationId;sourceId;dimensions;rawValue;rawLast;avg3d;avg7d;avg15d;avg30d;stddev7d;stddev30d
3;23672;108;220;;0;0;0;0;0;0;0;0
4;23672;108;220;;59229;59039;58679.333333333336;58796.42857142857;58375.666666666664;57358.65517241379;343.21166194923967;1171.8419416740253
2;23672;108;220;;31320;31299;31139.666666666668;31554.714285714286;31722.8;31403.793103448275;450.84926663408226;521.0682250193839
3;23672;108;220;;122234;121431;121255;119195.57142857143;113507.86666666667;111709.41379310345;3376.781513180132;14109.13705789374
4;23672;108;220;;59229;59039;58679.333333333336;58796.42857142857;58375.666666666664;57358.65517241379;343.21166194923967;1171.8419416740253
2;23672;108;220;;31320;31299;31139.666666666668;31554.714285714286;31722.8;31403.793103448275;450.84926663408226;521.0682250193839
9;23672;108;220;;0;0;0;0;0;0;0;0
8;23672;108;220;;0.01;0.01;0.01;0.01;0.01;0.01;0;0
7;23672;108;220;;0;0;0;0;0;0;0;0
3;23672;108;220;;122234;121431;121255;119195.57142857143;113507.86666666667;111709.41379310345;3376.781513180132;14109.13705789374
5;23672;108;220;;0;0;0;0;0;0;0;0
4;23672;108;220;;59229;59039;58679.333333333336;58796.42857142857;58375.666666666664;57358.65517241379;343.21166194923967;1171.8419416740253
2;23672;108;220;;31320;31299;31139.666666666668;31554.714285714286;31722.8;31403.793103448275;450.84926663408226;521.0682250193839
12;23672;108;220;;0;0;0;0;0;0;0;0
9;23672;108;220;;0;0;0;0;0;0;0;0
8;23672;108;220;;0.01;0.01;0.01;0.01;0.01;0.01;0;0
7;23672;108;220;;0;0;0;0;0;0;0;0
3;23672;108;220;;122234;121431;121255;119195.57142857143;113507.86666666667;111709.41379310345;3376.781513180132;14109.13705789374
5;23672;108;220;;0;0;0;0;0;0;0;0
4;23672;108;220;;59229;59039;58679.333333333336;58796.42857142857;58375.666666666664;57358.65517241379;343.21166194923967;1171.8419416740253
2;23672;108;220;;31320;31299;31139.666666666668;31554.714285714286;31722.8;31403.793103448275;450.84926663408226;521.0682250193839
12;23672;108;220;;0;0;0;0;0;0;0;0
9;23672;108;220;;0;0;0;0;0;0;0;0
8;23672;108;220;;0.01;0.01;0.01;0.01;0.01;0.01;0;0
7;23672;108;220;;0;0;0;0;0;0;0;0
3;23672;108;220;;122234;121431;121255;119195.57142857143;113507.86666666667;111709.41379310345;3376.781513180132;14109.13705789374
5;23672;108;220;;0;0;0;0;0;0;0;0
4;23672;108;220;;59229;59039;58679.333333333336;58796.42857142857;58375.666666666664;57358.65517241379;343.21166194923967;1171.8419416740253
2;23672;108;220;;31320;31299;31139.666666666668;31554.714285714286;31722.8;31403.793103448275;450.84926663408226;521.0682250193839
12;23672;108;220;;0;0;0;0;0;0;0;0
9;23672;108;220;;0;0;0;0;0;0;0;0
8;23672;108;220;;0.01;0.01;0.01;0.01;0.01;0.01;0;0
7;23672;108;220;;0;0;0;0;0;0;0;0
3;23672;108;220;;122234;121431;121255;119195.57142857143;113507.86666666667;111709.41379310345;3376.781513180132;14109.13705789374
5;23672;108;220;;0;0;0;0;0;0;0;0
4;23672;108;220;;59229;59039;58679.333333333336;58796.42857142857;58375.666666666664;57358.65517241379;343.21166194923967;1171.8419416740253
2;23672;108;220;;31320;31299;31139.666666666668;31554.714285714286;31722.8;31403.793103448275;450.84926663408226;521.0682250193839
12;23672;108;220;;0;0;0;0;0;0;0;0
9;23672;108;220;;0;0;0;0;0;0;0;0
8;23672;108;220;;0.01;0.01;0.01;0.01;0.01;0.01;0;0
15;23672;108;220;;0;;;;;;;
7;23672;108;220;;0;0;0;0;0;0;0;0
3;23672;108;220;;122234;121431;121255;119195.57142857143;113507.86666666667;111709.41379310345;3376.781513180132;14109.13705789374
5;23672;108;220;;0;0;0;0;0;0;0;0
4;23672;108;220;;59229;59039;58679.333333333336;58796.42857142857;58375.666666666664;57358.65517241379;343.21166194923967;1171.8419416740253
2;23672;108;220;;31320;31299;31139.666666666668;31554.714285714286;31722.8;31403.793103448275;450.84926663408226;521.0682250193839
12;23672;108;220;;0;0;0;0;0;0;0;0
9;23672;108;220;;0;0;0;0;0;0;0;0
8;23672;108;220;;0.01;0.01;0.01;0.01;0.01;0.01;0;0
15;23672;108;220;;0;;;;;;;
13;23672;108;220;"{""proxy_name"": ""ZYTE_PROXY_MODE"", ""spider_name"": ""pdp_mercadolivre_com_br_sellers_variants""}";0;0;1.5133333333333334;0.6485714285714286;0.3026666666666667;0.8046428571428572;1.5886690617479469;1.7160804221557107
13;23672;108;220;"{""proxy_name"": ""ZYTE_PROXY_MODE"", ""spider_name"": ""plp_mercadolivre_com_br""}";0;0;0;0;0.13866666666666666;1.335357142857143;0;3.521679268821762
7;23672;108;220;;0;0;0;0;0;0;0;0
3;23672;108;220;;122234;121886;121451.66666666667;119511.71428571429;113886.93333333333;112317.03448275862;3507.73466639025;14154.81084657295
5;23672;108;220;;0;0;0;0;0;0;0;0
14;23672;108;220;;0.11185180537691752;0.08967786848933612;0.09702731503174063;0.09707778222499339;0.07733443239616426;0.09564468969219192;0.01051929699123986;0.02782496844919326
10;23672;108;220;;0.8869168993318066;0.9092209353838364;0.9020485611779581;0.9020255756810852;0.9218508632725343;0.9035463714225409;0.01049775348734965;0.027786228959325
24;25130;181;431;;;;;;;;;
11;23672;108;220;"{""percentile"": ""p50"", ""proxy_name"": ""ZYTE_PROXY_MODE"", ""spider_name"": ""pdp_mercadolivre_com_br_sellers_variants""}";1.523960828781128;1.44780421257019;1.5082249641418455;1.5335356167384557;1.5048362255096435;1.514758723122733;0.05636133637206491;0.04345131893182673
11;23672;108;220;"{""percentile"": ""p50"", ""proxy_name"": ""ZYTE_PROXY_MODE"", ""spider_name"": ""plp_mercadolivre_com_br""}";2.09452486038208;2.075186252593994;2.04939858118693;2.0466205392565047;2.051373847325643;2.0463936924934387;0.03763499050092346;0.04300409867372674
6;23672;108;220;"{""percentile"": ""p95"", ""proxy_name"": ""ZYTE_PROXY_MODE"", ""spider_name"": ""pdp_mercadolivre_com_br_sellers_variants""}";6.393235921859741;9.394354581832886;6.824268738428752;5.894289834158761;5.041108687718709;4.572431232248034;1.582968617731938;1.164103557878127
6;23672;108;220;"{""percentile"": ""p95"", ""proxy_name"": ""ZYTE_PROXY_MODE"", ""spider_name"": ""plp_mercadolivre_com_br""}";4.469002723693848;6.247473478317261;6.162005265553792;5.138778516224453;4.839616441726685;4.736837897981916;1.2156632657123954;0.8005782798714521
4;23672;108;220;;59229;59351;59117.666666666664;58904.71428571428;58498.46666666667;57487.41379310345;379.59478932360577;1178.5216196937638
2;23672;108;220;;31320;31439;31372.666666666668;31529.571428571428;31688;31419.896551724138;451.6929605520158;514.6516964013614
12;23672;108;220;;0;0;0;0;0;0;0;0
9;23672;108;220;;0;0;0;0;0;0;0;0
8;23672;108;220;;0.01;0.01;0.01;0.01;0.01;0.01;0;0
15;23672;108;220;;0;;;;;;;
13;23672;108;220;"{""proxy_name"": ""ZYTE_PROXY_MODE"", ""spider_name"": ""pdp_mercadolivre_com_br_sellers_variants""}";0;0;1.5133333333333334;0.6485714285714286;0.3026666666666667;0.8046428571428572;1.5886690617479469;1.7160804221557107
13;23672;108;220;"{""proxy_name"": ""ZYTE_PROXY_MODE"", ""spider_name"": ""plp_mercadolivre_com_br""}";0;0;0;0;0.13866666666666666;1.335357142857143;0;3.521679268821762
7;23672;108;220;;0;0;0;0;0;0;0;0
1;23672;108;220;;;;;;;;;
3;23672;108;220;;122234;121886;121451.66666666667;119511.71428571429;113886.93333333333;112317.03448275862;3507.73466639025;14154.81084657295
5;23672;108;220;;0;0;0;0;0;0;0;0
14;23672;108;220;;0.11185180537691752;0.08967786848933612;0.09702731503174063;0.09707778222499339;0.07733443239616426;0.09564468969219192;0.01051929699123986;0.02782496844919326
10;23672;108;220;;0.8869168993318066;0.9092209353838364;0.9020485611779581;0.9020255756810852;0.9218508632725343;0.9035463714225409;0.01049775348734965;0.027786228959325
11;23672;108;220;"{""percentile"": ""p50"", ""proxy_name"": ""ZYTE_PROXY_MODE"", ""spider_name"": ""pdp_mercadolivre_com_br_sellers_variants""}";1.524112224578857;1.4479820728302;1.5082929929097493;1.5335241045270647;1.5047426064809164;1.5147217767579215;0.056177917422399616;0.04349141178027525
11;23672;108;220;"{""percentile"": ""p50"", ""proxy_name"": ""ZYTE_PROXY_MODE"", ""spider_name"": ""plp_mercadolivre_com_br""}";2.09452486038208;2.075186252593994;2.04939858118693;2.0466205392565047;2.051373847325643;2.0463936924934387;0.03763499050092346;0.04300409867372674
6;23672;108;220;"{""percentile"": ""p95"", ""proxy_name"": ""ZYTE_PROXY_MODE"", ""spider_name"": ""pdp_mercadolivre_com_br_sellers_variants""}";6.426228761672974;9.459142923355103;6.826418320337932;5.893355471747262;5.0379443327585856;4.5703549810818265;1.6070110353052687;1.1725926860825753
6;23672;108;220;"{""percentile"": ""p95"", ""proxy_name"": ""ZYTE_PROXY_MODE"", ""spider_name"": ""plp_mercadolivre_com_br""}";4.469002723693848;6.247473478317261;6.162005265553792;5.138778516224453;4.839616441726685;4.736837897981916;1.2156632657123954;0.8005782798714521
4;23672;108;220;;59229;59351;59117.666666666664;58904.71428571428;58498.46666666667;57487.41379310345;379.59478932360577;1178.5216196937638
2;23672;108;220;;31320;31439;31372.666666666668;31529.571428571428;31688;31459.35714285714;451.6929605520158;478.71585773711274
12;23672;108;220;;0;0;0;0;0;0;0;0
9;23672;108;220;;0;0;0;0;0;0;0;0
8;23672;108;220;;0.01;0.01;0.01;0.01;0.01;0.01;0;0
15;23672;108;220;;0;;;;;;;
16;23672;108;220;;46.07;72.24;78.82333333333334;77.98142857142857;75.816;77.85000000000001;5.685051648393174;8.711733057041112
13;23672;108;220;"{""proxy_name"": ""ZYTE_PROXY_MODE"", ""spider_name"": ""pdp_mercadolivre_com_br_sellers_variants""}";0;0;1.5133333333333334;0.6485714285714286;0.3026666666666667;0.8046428571428572;1.5886690617479469;1.7160804221557107
13;23672;108;220;"{""proxy_name"": ""ZYTE_PROXY_MODE"", ""spider_name"": ""plp_mercadolivre_com_br""}";0;0;0;0;0.13866666666666666;1.335357142857143;0;3.521679268821762
7;23672;108;220;;0;0;0;0;0;0;0;0
1;23672;108;220;;;;;;;;;
3;23672;108;220;;122234;121886;121451.66666666667;119511.71428571429;113886.93333333333;112317.03448275862;3507.73466639025;14154.81084657295
5;23672;108;220;;0;0;0;0;0;0;0;0
14;23672;108;220;;0.11185180537691752;0.08967786848933612;0.09702731503174063;0.09707778222499339;0.07733443239616426;0.09564468969219192;0.01051929699123986;0.02782496844919326
10;23672;108;220;;0.8869168993318066;0.9092209353838364;0.9020485611779581;0.9020255756810852;0.9218508632725343;0.9035463714225409;0.01049775348734965;0.027786228959325
11;23672;108;220;"{""percentile"": ""p50"", ""proxy_name"": ""ZYTE_PROXY_MODE"", ""spider_name"": ""pdp_mercadolivre_com_br_sellers_variants""}";1.523945808410645;1.448405981063843;1.5083043575286865;1.5335516589028495;1.5047114531199137;1.514736839703151;0.0561687657750348;0.043466577001804875
11;23672;108;220;"{""percentile"": ""p50"", ""proxy_name"": ""ZYTE_PROXY_MODE"", ""spider_name"": ""plp_mercadolivre_com_br""}";2.09452486038208;2.075186252593994;2.04939858118693;2.0466205392565047;2.051373847325643;2.0463936924934387;0.03763499050092346;0.04300409867372674
6;23672;108;220;"{""percentile"": ""p95"", ""proxy_name"": ""ZYTE_PROXY_MODE"", ""spider_name"": ""pdp_mercadolivre_com_br_sellers_variants""}";6.413662672042847;9.432436227798462;6.837134043375651;5.904105016163418;5.043804391225179;4.573353316102709;1.5995157596884897;1.1733382474489484
6;23672;108;220;"{""percentile"": ""p95"", ""proxy_name"": ""ZYTE_PROXY_MODE"", ""spider_name"": ""plp_mercadolivre_com_br""}";4.469002723693848;6.247473478317261;6.162005265553792;5.138778516224453;4.839616441726685;4.736837897981916;1.2156632657123954;0.8005782798714521
4;23672;108;220;;59229;59351;59117.666666666664;58904.71428571428;58498.46666666667;57487.41379310345;379.59478932360577;1178.5216196937638
2;23672;108;220;;31320;31439;31372.666666666668;31529.571428571428;31688;31459.35714285714;451.6929605520158;478.71585773711274
12;23672;108;220;;0;0;0;0;0;0;0;0
9;23672;108;220;;0;0;0;0;0;0;0;0
8;23672;108;220;;0.01;0.01;0.01;0.01;0.01;0.01;0;0
15;23672;108;220;;0;;;;;;;
16;23672;108;220;;46.07;72.24;78.82333333333334;77.98142857142857;75.816;77.85000000000001;5.685051648393174;8.711733057041112
13;23672;108;220;"{""proxy_name"": ""ZYTE_PROXY_MODE"", ""spider_name"": ""pdp_mercadolivre_com_br_sellers_variants""}";0;0;1.5133333333333334;0.6485714285714286;0.3026666666666667;0.8046428571428572;1.5886690617479469;1.7160804221557107
13;23672;108;220;"{""proxy_name"": ""ZYTE_PROXY_MODE"", ""spider_name"": ""plp_mercadolivre_com_br""}";0;0;0;0;0.13866666666666666;1.335357142857143;0;3.521679268821762
7;23672;108;220;;0;0;0;0;0;0;0;0
1;23672;108;220;;;;;;;;;
3;23672;108;220;;122234;121886;121451.66666666667;119511.71428571429;113886.93333333333;112317.03448275862;3507.73466639025;14154.81084657295
5;23672;108;220;;0;0;0;0;0;0;0;0
14;23672;108;220;;0.11185180537691752;0.08967786848933612;0.09702731503174063;0.09707778222499339;0.07733443239616426;0.09564468969219192;0.01051929699123986;0.02782496844919326
10;23672;108;220;;0.8869168993318066;0.9092209353838364;0.9020485611779581;0.9020255756810852;0.9218508632725343;0.9035463714225409;0.01049775348734965;0.027786228959325
11;23672;108;220;"{""percentile"": ""p50"", ""proxy_name"": ""ZYTE_PROXY_MODE"", ""spider_name"": ""pdp_mercadolivre_com_br_sellers_variants""}";1.523678541183472;1.448076486587524;1.5083269278208415;1.5335732528141566;1.504853169123332;1.5148059981209892;0.0562077511508398;0.04341700291377087
11;23672;108;220;"{""percentile"": ""p50"", ""proxy_name"": ""ZYTE_PROXY_MODE"", ""spider_name"": ""plp_mercadolivre_com_br""}";2.09452486038208;2.075186252593994;2.04939858118693;2.0466205392565047;2.051373847325643;2.0463936924934387;0.03763499050092346;0.04300409867372674
6;23672;108;220;"{""percentile"": ""p95"", ""proxy_name"": ""ZYTE_PROXY_MODE"", ""spider_name"": ""pdp_mercadolivre_com_br_sellers_variants""}";6.389295339584351;9.437614440917969;6.815411408742269;5.879306963511875;5.0343891143798825;4.56853483404432;1.600802056426287;1.16729841125943
6;23672;108;220;"{""percentile"": ""p95"", ""proxy_name"": ""ZYTE_PROXY_MODE"", ""spider_name"": ""plp_mercadolivre_com_br""}";4.469002723693848;6.247473478317261;6.162005265553792;5.138778516224453;4.839616441726685;4.736837897981916;1.2156632657123954;0.8005782798714521
4;23672;108;220;;59229;59351;59117.666666666664;58904.71428571428;58498.46666666667;57487.41379310345;379.59478932360577;1178.5216196937638
2;23672;108;220;;31320;31439;31372.666666666668;31529.571428571428;31688;31459.35714285714;451.6929605520158;478.71585773711274
12;23672;108;220;;0;0;0;0;0;0;0;0
9;23672;108;220;;0;0;0;0;0;0;0;0
8;23672;108;220;;0.01;0.01;0.01;0.01;0.01;0.01;0;0
15;23672;108;220;;0;;;;;;;
16;23672;108;220;;46.07;72.24;78.82333333333334;77.98142857142857;75.816;77.85000000000001;5.685051648393174;8.711733057041112
13;23672;108;220;"{""proxy_name"": ""ZYTE_PROXY_MODE"", ""spider_name"": ""pdp_mercadolivre_com_br_sellers_variants""}";0;0;1.5133333333333334;0.6485714285714286;0.3026666666666667;0.8046428571428572;1.5886690617479469;1.7160804221557107
13;23672;108;220;"{""proxy_name"": ""ZYTE_PROXY_MODE"", ""spider_name"": ""plp_mercadolivre_com_br""}";0;0;0;0;0.13866666666666666;1.335357142857143;0;3.521679268821762
7;23672;108;220;;0;0;0;0;0;0;0;0
1;23672;108;220;;;;;;;;;
3;23672;108;220;;122234;121886;121451.66666666667;119511.71428571429;113886.93333333333;112317.03448275862;3507.73466639025;14154.81084657295
5;23672;108;220;;0;0;0;0;0;0;0;0
14;23672;108;220;;0.11185180537691752;0.08967786848933612;0.09702731503174063;0.09707778222499339;0.07733443239616426;0.09564468969219192;0.01051929699123986;0.02782496844919326
10;23672;108;220;;0.8869168993318066;0.9092209353838364;0.9020485611779581;0.9020255756810852;0.9218508632725343;0.9035463714225409;0.01049775348734965;0.027786228959325
11;23672;108;220;"{""percentile"": ""p50"", ""proxy_name"": ""ZYTE_PROXY_MODE"", ""spider_name"": ""pdp_mercadolivre_com_br_sellers_variants""}";1.523986577987671;1.448333263397217;1.508573293685913;1.5336747510092599;1.5048380851745606;1.514783161027091;0.05606866095252891;0.04343419435887403
11;23672;108;220;"{""percentile"": ""p50"", ""proxy_name"": ""ZYTE_PROXY_MODE"", ""spider_name"": ""plp_mercadolivre_com_br""}";2.09452486038208;2.075186252593994;2.04939858118693;2.0466205392565047;2.051373847325643;2.0463936924934387;0.03763499050092346;0.04300409867372674
6;23672;108;220;"{""percentile"": ""p95"", ""proxy_name"": ""ZYTE_PROXY_MODE"", ""spider_name"": ""pdp_mercadolivre_com_br_sellers_variants""}";6.389295339584351;9.468001127243042;6.841639518737793;5.894408566611154;5.041996717453003;4.573481236185346;1.610709314261612;1.1745097259386061
6;23672;108;220;"{""percentile"": ""p95"", ""proxy_name"": ""ZYTE_PROXY_MODE"", ""spider_name"": ""plp_mercadolivre_com_br""}";4.469002723693848;6.247473478317261;6.162005265553792;5.138778516224453;4.839616441726685;4.736837897981916;1.2156632657123954;0.8005782798714521
4;23672;108;220;;59229;59351;59117.666666666664;58904.71428571428;58498.46666666667;57487.41379310345;379.59478932360577;1178.5216196937638
2;23672;108;220;;31320;31439;31372.666666666668;31529.571428571428;31688;31459.35714285714;451.6929605520158;478.71585773711274
12;23672;108;220;;0;0;0;0;0;0;0;0
18;25027;108;221;;92.92;94.04;94.21666666666665;94.56428571428572;94.81066666666668;95.99137931034483;0.3757224333717302;2.12846832437032
19;25027;108;221;;11;11;11;11;11;11;0;0
9;25027;108;221;;0;0;0;0;0;0;0;0
20;25027;108;221;;0.39;0.39;0.38999999999999996;0.39;0.37933333333333336;0.5362068965517242;0;0.5849869659208358
8;25027;108;221;;0.15;0.15;0.15;0.15;0.13666666666666666;0.21310344827586206;0;0.5265967733591304
15;25027;108;221;;334;;;;;;;
24;25027;108;221;;0;0;0;0;0;0;0;0
23;25027;108;221;;0;0;0;0;0;5.357142857142857;0;20.43843418260642
22;25027;108;221;;0;0;0;0;0;0;0;0
25;25027;108;221;;0;0;0;0;0;0;0;0
13;25027;108;221;;;;;;;;;
7;25027;108;221;;0;0;0;0;0;0;0;0
3;25027;108;221;;2097;2096;2093.3333333333335;2089.1428571428573;2080.3333333333335;2062.448275862069;6.334228364970104;21.196268713435767
5;25027;108;221;;0;0;0;0;0;0;0;0
21;25027;108;221;;0;;;;;;;
14;25027;108;221;;;;;;;;;
10;25027;108;221;;0;0;0;0;0.3018600200702405;0.5958840604064355;0;0.4323357125133659
11;25027;108;221;;0;;;;;;;
6;25027;108;221;;0;;;;;;;
4;25027;108;221;;2048;2047;2046.6666666666667;2041.857142857143;2032.9333333333334;1642;5.3030603409344526;607.0739317584718
29;25027;108;221;;100;100;100;100;100;100;0;0
27;25027;108;221;;29.23;29.83;29.80333333333333;30.12;30.281333333333336;37.3451724137931;0.38370375477518;22.199690992054087
31;25027;108;221;;100;100;100;100;100;100;0;0
26;25027;108;221;;0;0;0;0;0;0;0;0
2;25027;108;221;;8526;8537;8500;8423.857142857143;8333.066666666668;6170.103448275862;77.67961411451265;3189.6144329178355
32;25027;108;221;;29.59;30.19;30.166666666666668;30.5;30.728;37.48034482758621;0.3954743986657038;21.950017906325055
28;25027;108;221;;100;100;100;100;100;100;0;0
30;25027;108;221;;100;100;100;100;100;100;0;0
12;25027;108;221;;0;0;0;0;0;0;0;0
17;25027;108;221;;;;;;;;;
35;25131;59;139;;12;12;12;12;11.266666666666667;11.266666666666667;0;2.4890872936792627
36;25131;59;139;;13;13;13;13;12.133333333333333;12.133333333333333;0;2.7535835237417845
34;25131;59;139;;14;14;14;14;13;13;0;3.03315017762062
30;25131;59;139;;100;100;100;100;100;100;0;0
12;25131;59;139;;0;0;0;0;0;0;0;0
22;25118;159;352;;0.25;0.36;0.6733333333333333;1.06;0.9733333333333333;1.0505263157894738;0.7827424316374539;0.7807720449334649
25;25118;159;352;;0;0.27;0.09000000000000001;0.27285714285714285;0.26799999999999996;0.33157894736842103;0.5658549608642606;0.5030984329542254
16;25118;159;352;;16.95;16.49;39.14333333333333;34.14;31.623333333333335;35.31736842105263;16.70258234953078;16.416147648005243
13;25118;159;352;;;;;;;;;
7;25118;159;352;;0;0;0;0;0;0;0;0
35;25118;159;352;;9;10;9.333333333333334;8.428571428571429;7.4;8.928571428571429;0.9035079029052513;2.0861545523586047
36;25118;159;352;;79;80;79.33333333333333;79;77.66666666666667;60.142857142857146;0.9258200997725514;22.270599269816127
3;25135;164;371;;2495;2485;1622.3333333333333;2083.1428571428573;2219.866666666667;2256.7241379310344;851.3391851449487;437.5593671288364
5;25118;159;352;;0;0;0;0;0;0;0;0
21;25118;159;352;;0;;;;;;;
14;25135;164;371;;;;;;;;;
10;25135;164;371;;;;;;;;;
11;25118;159;352;;0;;;;;;;
6;25118;159;352;;0;;;;;;;
4;25118;159;352;;674;744;712.3333333333334;692.2857142857143;723.7333333333333;1394.857142857143;25.437398147015664;919.7016097737397
29;25118;159;352;;0;0;0.05333333333333334;0.022857142857142857;0.010666666666666666;7.162857142857143;0.05598833697790122;25.748420042672084
27;25118;159;352;;100;100;100;100;100;100;0;0
31;25118;159;352;;0;0;0.05333333333333334;0.022857142857142857;0.010666666666666666;7.162857142857143;0.05598833697790122;25.748420042672084
34;25118;159;352;;147;148;145.33333333333334;146.57142857142858;152.53333333333333;194.64285714285714;2.3211538298959886;52.91719561576119
26;25118;159;352;;0;0;0;0;0;0;0;0
2;25118;159;352;;614;678;645.3333333333334;632.7142857142857;674.2;1273.857142857143;21.419045501704357;811.7894129763015
32;25118;159;352;;100;100;100;100;100;100;0;0
28;25118;159;352;;100;100;100;100;100;100;0;0
15;25116;164;421;;3;;;;;;;
3;25116;164;421;;18;12;16.333333333333332;22.571428571428573;20.6;24;11.437496514998912;14.647715028479888
14;25116;164;421;;;;;;;;;
10;25116;164;421;;;;;;;;;
23;25130;181;431;;;;;;;;;
18;25135;164;371;;91.07;93.36;94.77666666666666;95.18714285714285;96.58533333333334;97.70928571428571;0.8051213623816379;1.6837244611944358
17;25116;164;421;;;;;;;;;
18;25117;159;422;;;;;;;;;
19;25117;159;422;;;;;;;;;
9;25117;159;422;;;;;;;;;
20;25117;159;422;;;;;;;;;
8;25117;159;422;;;;;;;;;
24;25117;159;422;;;;;;;;;
23;25117;159;422;;;;;;;;;
22;25117;159;422;;;;;;;;;
25;25117;159;422;;;;;;;;;
7;25117;159;422;;;;;;;;;
3;25117;159;422;;12;12;16.666666666666668;18.142857142857142;19.2;19.444444444444443;2.5314350209527645;1.9499920860871383
5;25117;159;422;;;;;;;;;
14;25117;159;422;;;;;;;;;
10;25117;159;422;;;;;;;;;
4;25117;159;422;;;;;;;;;
29;25117;159;422;;;;;;;;;
27;25117;159;422;;;;;;;;;
31;25117;159;422;;;;;;;;;
26;25117;159;422;;;;;;;;;
2;25117;159;422;;;;;;;;;
32;25117;159;422;;;;;;;;;
28;25117;159;422;;;;;;;;;
30;25117;159;422;;;;;;;;;
12;25117;159;422;;;;;;;;;
17;25117;159;422;;;;;;;;;
3;25118;159;352;;7036;6898;4310;5296.285714285715;5671.8;5392.103448275862;2182.6297843450693;1179.2352970676286
14;25118;159;352;;;;;;;;;
10;25118;159;352;;;;;;;;;
17;25118;159;352;;;;;;;;;
22;25130;181;431;;;;;;;;;
18;25118;159;352;;91.99;91.4;90.77;91.57142857142857;93.338;93.56285714285715;0.7983989080193753;2.1065846718306465
19;25118;159;352;;2;2;2;1.8571428571428572;2;1.7142857142857142;0.3499271061118826;0.5890150893739515
9;25118;159;352;;0;0;0;0;0;0;0;0
20;25118;159;352;;100;100;100;100;100;100;0;0
8;25118;159;352;;0;0;0;0;0;0.08142857142857142;0;0.1214411758164152
15;25118;159;352;;0;;;;;;;
24;25118;159;352;;0;0;0;0;0;0;0;0
23;25118;159;352;;0;0;0;0;0.07400000000000001;0.10578947368421054;0;0.30441169818924474
15;25117;159;422;;0;;;;;;;
13;25117;159;422;;;;;;;;;
21;25117;159;422;;0;;;;;;;
11;25117;159;422;;0;;;;;;;
6;25117;159;422;;0;;;;;;;
26;25116;164;421;;0;0;0;0;0;0;0;0
2;25116;164;421;;3;3;3;3;3.3333333333333335;3.888888888888889;0;1.7284832429004495
32;25116;164;421;;100;100;100;100;100;100;0;0
28;25116;164;421;;100;100;100;100;100;100;0;0
30;25116;164;421;;100;100;100;100;100;100;0;0
12;25116;164;421;;0;0;0;0;0;0;0;0
3;25119;117;423;;112;116;116.33333333333333;109;104.26666666666667;113.88888888888889;7.91021039994693;35.241845217312154
14;25119;117;423;;;;;;;;;
10;25119;117;423;;;;;;;;;
17;25119;117;423;;;;;;;;;
24;25122;181;433;;;;;;;;;
23;25122;181;433;;;;;;;;;
22;25122;181;433;;;;;;;;;
25;25122;181;433;;;;;;;;;
13;25122;181;433;;;;;;;;;
3;25122;181;433;;53;53;53;53;53;54;0;3.4139672543527864
11;25122;181;433;;;;;;;;;
6;25122;181;433;;;;;;;;;
17;25122;181;433;;;;;;;;;
24;25126;181;437;;;;;;;;;
23;25126;181;437;;;;;;;;;
22;25126;181;437;;;;;;;;;
25;25126;181;437;;;;;;;;;
13;25126;181;437;;;;;;;;;
3;25126;181;437;;27;27;27;27;27.066666666666666;29.8;0;13.108775686539152
11;25126;181;437;;;;;;;;;
6;25126;181;437;;;;;;;;;
25;25130;181;431;;;;;;;;;
18;25122;181;433;;79.25;79.25;79.25;79.25;79.87666666666668;79.66148148148149;0;1.050088898189818
19;25122;181;433;;2;2;2;2;2;2;0;0
9;25122;181;433;;0;0;0;0;0;0;0;0
20;25122;181;433;;20.75;18.87;20.753333333333334;19.944285714285716;14.84;13.58925925925926;4.494774290035858;5.135157631051612
8;25122;181;433;;0;0;0;0;0;0;0;0
15;25122;181;433;;0;;;;;;;
7;25122;181;433;;0;0;0;0;0;0;0;0
5;25122;181;433;;0;0;0;0;0;0;0;0
21;25122;181;433;;0;;;;;;;
14;25122;181;433;;0;0;0;0;0;0;0;0
22;25119;117;423;;0;0;0;0;0;0.11055555555555556;0;0.4558322330543969
25;25119;117;423;;0;0;0;0;0;0.022222222222222223;0;0.09162456945817024
13;25119;117;423;;;;;;;;;
7;25119;117;423;;0;0;0;0;0;0;0;0
5;25119;117;423;;0;0;0;0;0;0;0;0
21;25119;117;423;;0;;;;;;;
11;25119;117;423;;0;;;;;;;
6;25119;117;423;;0;;;;;;;
4;25119;117;423;;67;65;63.666666666666664;59.285714285714285;54;53.666666666666664;4.742340763627952;8.621678104251709
29;25119;117;423;;100;100;100;100;100;100;0;0
27;25119;117;423;;100;100;100;100;100;100;0;0
31;25119;117;423;;100;100;100;100;100;100;0;0
26;25119;117;423;;0;0;0;0;0;0;0;0
2;25119;117;423;;67;65;63.666666666666664;59.285714285714285;54;53.666666666666664;4.742340763627952;8.621678104251709
32;25119;117;423;;100;100;100;100;100;100;0;0
28;25119;117;423;;100;100;100;100;100;100;0;0
30;25119;117;423;;100;100;100;100;100;100;0;0
12;25119;117;423;;0;0;0;0;0;0;0;0
17;25126;181;437;;;;;;;;;
24;25124;181;438;;;;;;;;;
23;25124;181;438;;;;;;;;;
22;25124;181;438;;;;;;;;;
25;25124;181;438;;;;;;;;;
13;25124;181;438;;;;;;;;;
3;25124;181;438;;30;30;30.666666666666668;32.285714285714285;31.533333333333335;53.96;3.238795442501324;91.62029469500739
11;25124;181;438;;;;;;;;;
6;25124;181;438;;;;;;;;;
17;25124;181;438;;;;;;;;;
24;25125;181;436;;;;;;;;;
23;25125;181;436;;;;;;;;;
22;25125;181;436;;;;;;;;;
25;25125;181;436;;;;;;;;;
13;25125;181;436;;;;;;;;;
3;25125;181;436;;29;29;29;30.857142857142858;30.066666666666666;36.44;4.549052379454474;30.105255355170133
11;25125;181;436;;;;;;;;;
6;25125;181;436;;;;;;;;;
18;25125;181;436;;0;0;0;0;0;0;0;0
19;25125;181;436;;2;2;2;2;2;2;0;0
9;25125;181;436;;0;0;0;0;0;0;0;0
20;25125;181;436;;0;0;0;0;0;0;0;0
8;25125;181;436;;0;0;0;0;0;0;0;0
15;25125;181;436;;0;;;;;;;
7;25125;181;436;;0;0;0;0;0;0;0;0
5;25125;181;436;;0;0;0;0;0;0;0;0
21;25125;181;436;;0;;;;;;;
14;25125;181;436;;0;0;0;0;0;0;0;0
18;25124;181;438;;0;0;0;0;0;0;0;0
19;25124;181;438;;2;2;2;2;2;2;0;0
9;25124;181;438;;0;0;0;0;0;0;0;0
20;25124;181;438;;0;0;0;0;0;0;0;0
8;25124;181;438;;0;0;0;0;0;0;0;0
15;25124;181;438;;0;;;;;;;
7;25124;181;438;;0;0;0;0;0;0;0;0
5;25124;181;438;;0;0;0;0;0;0;0;0
21;25124;181;438;;0;;;;;;;
14;25124;181;438;;0;0;0;0;0;0;0;0
10;25124;181;438;;1;1;1;1;1;1;0;0
4;25124;181;438;;30;30;30;30;30;30;0;0
29;25124;181;438;;100;100;100;100;100;100;0;0
27;25124;181;438;;100;100;100;100;100;100;0;0
31;25124;181;438;;100;100;100;100;100;100;0;0
26;25124;181;438;;0;0;0;0;0;0;0;0
2;25124;181;438;;30;30;30;30;30;30;0;0
32;25124;181;438;;100;100;100;100;100;100;0;0
28;25124;181;438;;100;100;100;100;100;100;0;0
17;25125;181;436;;;;;;;;;
3;25127;181;430;;71;446;708.3333333333334;770.8571428571429;801;823.551724137931;133.31641049069108;80.49013056093898
14;25127;181;430;;;;;;;;;
10;25127;181;430;;;;;;;;;
17;25127;181;430;;;;;;;;;
24;25123;181;435;;;;;;;;;
23;25123;181;435;;;;;;;;;
22;25123;181;435;;;;;;;;;
25;25123;181;435;;;;;;;;;
13;25123;181;435;;;;;;;;;
3;25123;181;435;;531;531;531;531;531;529.76;0;6.0747345621022815
11;25123;181;435;;;;;;;;;
6;25123;181;435;;;;;;;;;
17;25123;181;435;;;;;;;;;
18;25127;181;430;;47.83;47.83;82.61;92.54714285714286;96.52199999999999;98.20103448275862;18.255697125856916;9.519230751602738
19;25127;181;430;;4;4;5.333333333333333;5.714285714285714;5.866666666666666;5.931034482758621;0.6998542122237652;0.3649312153192539
9;25127;181;430;;0;0;0;0;0;0;0;0
20;25127;181;430;;0;0;0;0;0;0;0;0
8;25127;181;430;;0;0;66.66666666666667;85.71428571428571;93.33333333333333;96.55172413793103;34.99271061118826;18.246560765962695
13;25127;181;430;;;;;;;;;
12;25125;181;436;;0;0;0;0;0;0;0;0
18;25123;181;435;;0;0;0;0;0;0;0;0
19;25123;181;435;;2;2;2;2;2;2;0;0
9;25123;181;435;;0;0;0;0;0;0;0;0
20;25123;181;435;;0;0;0;0;0;0;0;0
8;25123;181;435;;0;0;0;0;0;0;0;0
15;25123;181;435;;0;;;;;;;
7;25123;181;435;;0;0;0;0;0;0;0;0
5;25123;181;435;;0;0;0;0;0;0;0;0
21;25123;181;435;;0;;;;;;;
14;25123;181;435;;0;0;0;0;0;0;0;0
10;25123;181;435;;0.9982758620689656;0.9982788296041308;0.9982232081146606;0.9982258592934175;0.9982473992583737;0.9982473992583737;0.00007845080319267654;0.00006024786570655888
4;25123;181;435;;31;31;31;30.857142857142858;30.933333333333334;30.96;0.3499271061118826;0.19595917942265426
29;25123;181;435;;100;100;100;100;100;100;0;0
27;25123;181;435;;100;100;100;100;100;100;0;0
31;25123;181;435;;100;100;100;100;100;100;0;0
26;25123;181;435;;0;0;0;0;0;0;0;0
2;25123;181;435;;31;31;31;30.857142857142858;30.933333333333334;30.96;0.3499271061118826;0.19595917942265426
32;25123;181;435;;100;100;100;100;100;100;0;0
28;25123;181;435;;100;100;100;100;100;100;0;0
30;25123;181;435;;100;100;100;100;100;100;0;0
12;25123;181;435;;0;0;0;0;0;0;0;0
13;25130;181;431;;;;;;;;;
3;25130;181;431;;36;36;36;35.857142857142854;35.2;36;0.3499271061118826;6.1773780845922
11;25130;181;431;;;;;;;;;
6;25130;181;431;;;;;;;;;
17;25130;181;431;;;;;;;;;
24;25129;181;432;;;;;;;;;
23;25129;181;432;;;;;;;;;
22;25129;181;432;;;;;;;;;
25;25129;181;432;;;;;;;;;
13;25129;181;432;;;;;;;;;
3;25129;181;432;;65;65;65.33333333333333;65.14285714285714;65.06666666666666;70.44;0.3499271061118826;26.447048984716613
11;25129;181;432;;;;;;;;;
6;25129;181;432;;;;;;;;;
17;25129;181;432;;;;;;;;;
24;25128;181;434;;;;;;;;;
23;25128;181;434;;;;;;;;;
22;25128;181;434;;;;;;;;;
25;25128;181;434;;;;;;;;;
13;25128;181;434;;;;;;;;;
3;25128;181;434;;54;54;54;54;54;54.793103448275865;0;2.80859899231686
11;25128;181;434;;;;;;;;;
6;25128;181;434;;;;;;;;;
22;25139;181;438;;;;;;;;;
18;25129;181;432;;80.95;85.71;80.95;80.27;82.21933333333332;82.47319999999999;3.0410524493997135;2.924980300788363
19;25129;181;432;;2;2;2;2;2;2;0;0
9;25129;181;432;;0;0;0;0;0;0;0;0
20;25129;181;432;;0;0;0;0;0;0;0;0
8;25129;181;432;;0;0;0;0;0;0;0;0
15;25129;181;432;;0;;;;;;;
7;25129;181;432;;0;0;0;0;0;0;0;0
5;25129;181;432;;0;0;0;0;0;0;0;0
21;25129;181;432;;0;;;;;;;
14;25129;181;432;;0;0;0;0;0;0;0;0
10;25129;181;432;;1;1;1;1;1;1;0;0
4;25129;181;432;;21;21;21;21;21;21;0;0
29;25129;181;432;;100;100;100;100;100;100;0;0
27;25129;181;432;;100;100;100;100;100;100;0;0
18;25128;181;434;;79.63;79.63;79.63;79.63;80;80.31555555555555;0;0.9238820404636966
19;25128;181;434;;2;2;2;2;2;2;0;0
9;25128;181;434;;0;0;0;0;0;0;0;0
20;25128;181;434;;20.37;18.52;20.37;19.575714285714287;14.197333333333331;12.78962962962963;4.409865100440333;4.768877095471709
8;25128;181;434;;0;0;0;0;0;0;0;0
15;25128;181;434;;0;;;;;;;
7;25128;181;434;;0;0;0;0;0;0;0;0
5;25128;181;434;;0;0;0;0;0;0;0;0
21;25128;181;434;;0;;;;;;;
14;25128;181;434;;0;0;0;0;0;0;0;0
10;25128;181;434;;1;1;1;1;1;1;0;0
4;25128;181;434;;54;54;54;54;54;53.81481481481482;0;0.3884477215445006
29;25128;181;434;;100;100;100;100;100;100;0;0
17;25128;181;434;;;;;;;;;
18;25130;181;431;;97.14;97.14;97.14;96.77714285714286;96.944;96.99040000000001;0.9547731860157654;0.5230409544194419
19;25130;181;431;;2;2;2;2;2;2;0;0
9;25130;181;431;;0;0;0;0;0;0;0;0
20;25130;181;431;;0;0;0;0;0;0;0;0
8;25130;181;431;;0;0;0;0;0;0;0;0
15;25130;181;431;;0;;;;;;;
13;25130;181;431;"{""proxy_name"": ""DEFAULT"", ""spider_name"": ""pdp_epocacosmeticos_com_br""}";0;0;0;0;0;0;0;0
13;25130;181;431;"{""proxy_name"": ""ZYTE_PROXY_MODE"", ""spider_name"": ""plp_epocacosmeticos_com_br""}";0;0;31.373333333333335;13.445714285714287;6.722857142857143;6.722857142857143;32.93513922725039;24.239606146190763
7;25130;181;431;;0;0;0;0;0;0;0;0
5;25130;181;431;;0;0;0;0;0;0;0;0
21;25130;181;431;;0;;;;;;;
14;25130;181;431;;0.01020408163265306;0.01020408163265306;0.006802721088435374;0.0029154518950437317;0.0029458211856171037;0.0029458211856171037;0.0046097341984961794;0.004658098772290166
3;25132;179;415;;1012;1022;1016.6666666666666;1009;993.8;975.1034482758621;9.856107606091623;27.36766885312341
10;25130;181;431;;0.9897959183673469;0.9897959183673469;0.9931972789115647;0.9970845481049563;0.997054178814383;0.997054178814383;0.004609734198496185;0.00465809877229016
11;25130;181;431;"{""percentile"": ""p50"", ""proxy_name"": ""DEFAULT"", ""spider_name"": ""pdp_epocacosmeticos_com_br""}";1.469588041305542;1.083726406097412;1.1328619321187336;1.081352710723877;1.062345130102975;1.062345130102975;0.08050324680930934;0.06625903966897372
14;25132;179;415;;;;;;;;;
10;25132;179;415;;;;;;;;;
11;25130;181;431;"{""percentile"": ""p50"", ""proxy_name"": ""ZYTE_PROXY_MODE"", ""spider_name"": ""plp_epocacosmeticos_com_br""}";1.191137313842773;1.208066463470459;1.6605727672576904;1.3697834355490548;1.250997611454555;1.250997611454555;0.4859672928757086;0.3652290610290137
6;25130;181;431;"{""percentile"": ""p95"", ""proxy_name"": ""DEFAULT"", ""spider_name"": ""pdp_epocacosmeticos_com_br""}";2.652913093566895;1.699907541275024;4.980332771937054;3.1957208429064075;2.944771306855338;2.944771306855338;3.2300432145320523;2.417062207389296
6;25130;181;431;"{""percentile"": ""p95"", ""proxy_name"": ""ZYTE_PROXY_MODE"", ""spider_name"": ""plp_epocacosmeticos_com_br""}";1.477062702178955;1.44343090057373;5.096812009811402;4.358745098114013;3.304280638694763;3.304280638694763;4.368478759725332;3.366672634963656
4;25130;181;431;;35;35;35;35.42857142857143;34.86666666666667;34.52;0.4948716593053935;0.6997142273814361
29;25130;181;431;;49.28;49.28;49.28;49.28857142857142;49.274;49.264399999999995;0.0098974331861059;0.018564482217395283
27;25130;181;431;;49.28;49.28;49.28;49.28857142857142;49.274;49.264399999999995;0.0098974331861059;0.018564482217395283
18;25120;179;414;;76.05;76.79;76.90333333333334;77.95142857142856;80.57;84.56555555555555;1.1026905869790673;5.152900178240753
19;25120;179;414;;149;153;151.33333333333334;150.71428571428572;149.86666666666667;157.96296296296296;1.385051387833237;13.634057251851937
9;25120;179;414;;0;0;0;0;0;0;0;0
20;25120;179;414;;0;0;0;0;0;0.7937037037037037;0;1.6655310534440007
8;25120;179;414;;0;0;0;0;0;3.374814814814815;0;7.083812203614436
15;25120;179;414;;0;;;;;;;
17;25132;179;415;;;;;;;;;
24;25120;179;414;;;;;;;;;
23;25120;179;414;;;;;;;;;
22;25120;179;414;;;;;;;;;
25;25120;179;414;;;;;;;;;
3;25120;179;414;;3759;3757;3757.6666666666665;3757.4285714285716;3750.266666666667;3758.206896551724;1.178030178747903;123.59371128693788
14;25120;179;414;;;;;;;;;
10;25120;179;414;;;;;;;;;
13;25120;179;414;;;;;;;;;
7;25120;179;414;;0;0;0;0;0;0;0;0
5;25120;179;414;;0;0;0;0;0;0;0;0
17;25120;179;414;;;;;;;;;
3;25121;59;135;;1578;1577;1575.6666666666667;1399.7142857142858;2061.2;2372.0344827586205;970.3711682040191;738.8824965030134
14;25121;59;135;;;;;;;;;
10;25121;59;135;;;;;;;;;
17;25121;59;135;;;;;;;;;
31;25130;181;431;;49.28;49.28;49.28;49.28857142857142;49.274;49.264399999999995;0.0098974331861059;0.018564482217395283
26;25130;181;431;;0;0;0;0;0;0;0;0
2;25130;181;431;;69;69;69;69.85714285714286;68.73333333333333;68.04;0.989743318610787;1.3994284547628721
32;25130;181;431;;49.28;49.28;49.28;49.28857142857142;49.274;49.264399999999995;0.0098974331861059;0.018564482217395283
28;25130;181;431;;49.28;49.28;49.28;49.28857142857142;49.274;49.264399999999995;0.0098974331861059;0.018564482217395283
24;25137;181;436;;;;;;;;;
23;25137;181;436;;;;;;;;;
22;25137;181;436;;;;;;;;;
25;25137;181;436;;;;;;;;;
13;25137;181;436;;;;;;;;;
30;25130;181;431;;49.28;49.28;49.28;49.28857142857142;49.274;49.264399999999995;0.0098974331861059;0.018564482217395283
3;25137;181;436;;29;29;29;30.857142857142858;30;36.15384615384615;4.549052379454474;29.555283671442037
12;25130;181;431;;0;0;0;0;0;0;0;0
18;25121;59;135;;69;70.76;70.55333333333333;70.79857142857142;71.06533333333333;70;0.4469716696496412;1.6089955458815488
19;25121;59;135;;1;1;1;1;1;1;0;0
9;25121;59;135;;0;0;0;0;0;0;0;0
11;25137;181;436;;;;;;;;;
6;25137;181;436;;;;;;;;;
20;25121;59;135;;100;100;100;100;100;100;0;0
8;25121;59;135;;0;0;0;0;0;0;0;0
15;25121;59;135;;0;;;;;;;
24;25121;59;135;;0;0;0;0;0;0;0;0
23;25121;59;135;;0;0;0;0;0;0.17375;0;0.833275727175585
22;25121;59;135;;0;0;0;0;0;0;0;0
25;25121;59;135;;0;0;0;0;0;0;0;0
13;25121;59;135;;;;;;;;;
7;25121;59;135;;0;0;0;0;0;0;0;0
12;25120;179;414;;0;0;0;0;0;0;0;0
30;25118;159;352;;100;100;100;100;100;100;0;0
12;25118;159;352;;0;0;0;0;0;0;0;0
18;25112;59;116;;94.92;94.92;95;94.24428571428572;93.458;93.5548275862069;0.8315193863019185;0.9797452895229709
19;25112;59;116;;1;1;1;1;1;1;0;0
9;25112;59;116;;0;0;0;0;0;0;0;0
20;25112;59;116;;0;0;0;0;0;0;0;0
8;25112;59;116;;0;0;0;0;0;0;0;0
19;25137;181;436;;3;2;2;2;2;2;0;0
9;25137;181;436;;0;0;0;0;0;0;0;0
20;25137;181;436;;3.7;0;0;0;0;0;0;0
8;25137;181;436;;0;0;0;0;0;0;0;0
18;25133;159;354;;90.91;90.91;90.91000000000001;92.73428571428572;91.318;91.78068965517241;2.2360095651651855;4.825435432226053
19;25133;159;354;;1;1;1;1;1.0666666666666667;1.2413793103448276;0;0.42791978089623645
9;25133;159;354;;0;0;0;0;0;0;0;0
15;25112;59;116;;4;;;;;;;
13;25112;59;116;;;;;;;;;
7;25112;59;116;;0;0;0;0;0;0;0;0
35;25112;59;116;;2;3;2.3333333333333335;2.142857142857143;2.066666666666667;2.0344827586206895;0.3499271061118826;0.3197799481205415
36;25112;59;116;;4;4;3.6666666666666665;3.5714285714285716;3.533333333333333;3.689655172413793;0.4948716593053935;0.5319740903635004
5;25112;59;116;;0;0;0;0;0;0;0;0
21;25112;59;116;;0;;;;;;;
11;25112;59;116;;0;;;;;;;
6;25112;59;116;;0;;;;;;;
4;25112;59;116;;59;59;60;59.57142857142857;60.06666666666667;60.44827586206897;1.2936264483053452;1.13216932133669
29;25112;59;116;;100;100;100;100;100;100;0;0
27;25112;59;116;;57.89;58.04;58.300000000000004;58.708571428571425;60.498000000000005;56.034827586206895;1.156428350833827;5.127698697836167
31;25112;59;116;;100;100;100;100;100;100;0;0
34;25112;59;116;;13;12;11.666666666666666;11.571428571428571;11.466666666666667;11.275862068965518;1.178030178747903;1.5734116615930807
26;25112;59;116;;0;0;0;0;0;0;0;0
2;25112;59;116;;114;112;114.33333333333333;113.85714285714286;114.93333333333334;117.96551724137932;2.4743582965269675;5.798232540570473
32;25112;59;116;;57.89;58.04;58.300000000000004;58.708571428571425;60.498000000000005;56.034827586206895;1.156428350833827;5.127698697836167
18;25131;59;139;;25.93;25.93;25.929999999999996;25.93;25.93;25.70068965517241;0;1.1820436161930066
19;25131;59;139;;1;1;1;1;1;1;0;0
9;25131;59;139;;0;0;0;0;0;0;0;0
20;25131;59;139;;0;0;0;0;0;0;0;0
8;25131;59;139;;0;0;0;0;0;0;0;0
15;25131;59;139;;0;;;;;;;
13;25131;59;139;;;;;;;;;
7;25131;59;139;;0;0;0;0;0;0;0;0
5;25131;59;139;;0;0;0;0;0;0;0;0
21;25131;59;139;;0;;;;;;;
11;25131;59;139;;0;;;;;;;
14;25133;159;354;;;;;;;;;
10;25133;159;354;;;;;;;;;
6;25131;59;139;;0;;;;;;;
4;25131;59;139;;27;27;27;27;27;26.96551724137931;0;0.6149156724181727
29;25131;59;139;;100;100;100;100;100;100;0;0
27;25131;59;139;;91.72;91.72;91.71999999999998;91.72;91.72;91.63448275862069;0;0.2954667401423065
31;25131;59;139;;100;100;100;100;100;100;0;0
26;25131;59;139;;0;0;0;0;0;0;0;0
2;25131;59;139;;326;326;326;326;326;323.1034482758621;0;13.747337867900868
32;25131;59;139;;91.72;91.72;91.71999999999998;91.72;91.72;91.63448275862069;0;0.2954667401423065
28;25131;59;139;;100;100;100;100;100;100;0;0
17;25133;159;354;;;;;;;;;
24;25131;59;139;;;;;;;;;
23;25131;59;139;;;;;;;;;
22;25131;59;139;;;;;;;;;
25;25131;59;139;;;;;;;;;
3;25131;59;139;;40;41;43;44.57142857142857;45.4;44.275862068965516;2.1285234893930487;3.840766372197431
14;25131;59;139;;;;;;;;;
10;25131;59;139;;;;;;;;;
17;25131;59;139;;;;;;;;;
24;25138;181;437;;;;;;;;;
23;25138;181;437;;;;;;;;;
22;25138;181;437;;;;;;;;;
25;25138;181;437;;;;;;;;;
13;25138;181;437;;;;;;;;;
3;25138;181;437;;27;27;27;27;27.066666666666666;29.692307692307693;0;12.86548522439677
14;25138;181;437;;;;;;;;;
10;25138;181;437;;;;;;;;;
20;25133;159;354;;0;0;0;0;0;0.3144827586206897;0;1.0097339567905192
8;25133;159;354;;0;0;0;0;0;0.3144827586206897;0;1.0097339567905192
15;25133;159;354;;1;;;;;;;
24;25133;159;354;;0;0;0;0;0;0;0;0
23;25133;159;354;;0;0;0;0;0;0;0;0
22;25133;159;354;;0;0;0;0;0;0;0;0
25;25133;159;354;;0;0;0;0;0;0;0;0
13;25133;159;354;;;;;;;;;
7;25133;159;354;;0;0;0;0;0;0;0;0
14;24939;164;421;;;;;;;;;
10;24939;164;421;;0;0;0;0;0.33076923076923076;0.4095022624434389;0;0.48952500764881524
11;25138;181;437;;;;;;;;;
6;25138;181;437;;;;;;;;;
13;25129;181;432;"{""proxy_name"": ""ZYTE_PROXY_MODE"", ""spider_name"": ""pdp_belezanaweb_com_br""}";0;0;0;0;0;0;0;0
13;25129;181;432;"{""proxy_name"": ""ZYTE_PROXY_MODE"", ""spider_name"": ""plp_belezanaweb_com_br""}";0;0;23.456666666666667;10.052857142857144;5.026428571428572;5.026428571428572;24.62437045709318;18.123045946742923
35;25129;181;432;;1;2;2;2;2.1333333333333333;2.3125;1.0690449676496976;1.260890062614501
36;25129;181;432;;3;2;2;2.7142857142857144;3.1333333333333333;3.25;1.9059520091609048;2.165063509461097
11;25129;181;432;"{""percentile"": ""p50"", ""proxy_name"": ""ZYTE_PROXY_MODE"", ""spider_name"": ""pdp_belezanaweb_com_br""}";1.245742559432983;1.255793333053589;1.2797396977742517;1.24162541116987;1.2311256953648162;1.2311256953648162;0.0442523530721559;0.04157177721072982
11;25129;181;432;"{""percentile"": ""p50"", ""proxy_name"": ""ZYTE_PROXY_MODE"", ""spider_name"": ""plp_belezanaweb_com_br""}";1.406355381011963;1.442246675491333;1.387801965077718;1.3838763577597482;1.3684000968933105;1.3684000968933105;0.03697676135432102;0.036597458913385325
6;25129;181;432;"{""percentile"": ""p95"", ""proxy_name"": ""ZYTE_PROXY_MODE"", ""spider_name"": ""pdp_belezanaweb_com_br""}";1.635091543197632;1.586615562438965;8.19423890113831;5.803547961371287;3.8842417682920187;3.8842417682920187;4.947875370416571;4.000128392368203
17;24939;164;421;;;;;;;;;
24;25142;181;433;;;;;;;;;
23;25142;181;433;;;;;;;;;
22;25142;181;433;;;;;;;;;
25;25142;181;433;;;;;;;;;
13;25142;181;433;;;;;;;;;
3;25142;181;433;;53;53;53;53;53;53.62068965517241;0;2.845611177348656
14;25142;181;433;;;;;;;;;
10;25142;181;433;;;;;;;;;
11;25142;181;433;;;;;;;;;
6;25142;181;433;;;;;;;;;
4;25138;181;437;;27;27;27;27;27;27;0;0
29;25138;181;437;;100;100;100;100;100;100;0;0
27;25138;181;437;;100;100;100;100;100;100;0;0
31;25138;181;437;;100;100;100;100;100;100;0;0
26;25138;181;437;;0;0;0;0;0;0;0;0
2;25138;181;437;;27;27;27;27;27;27;0;0
32;25138;181;437;;100;100;100;100;100;100;0;0
28;25138;181;437;;100;100;100;100;100;100;0;0
18;25134;160;359;;72.62;73.74;74.47666666666667;74.10000000000001;74.96933333333332;75.3357894736842;0.6591336305007849;1.2860355883979426
19;25134;160;359;;1;1;1;1;1;1;0;0
9;25134;160;359;;0;0;0;0;0;0;0;0
20;25134;160;359;;0;0;0;0;0;0;0;0
8;25134;160;359;;0;0;0;0;0;0;0;0
15;25134;160;359;;0;;;;;;;
18;24939;164;421;;100;100;100;100;100;100;0;0
19;24939;164;421;;1;1;1;1;1;1;0;0
9;24939;164;421;;0;0;0;0;0;0;0;0
20;24939;164;421;;0;0;0;0;0;0;0;0
8;24939;164;421;;0;0;0;0;0;0;0;0
15;24939;164;421;;3;;;;;;;
24;24939;164;421;;0;0;0;0;0;0;0;0
23;24939;164;421;;0;0;0;0;0;0;0;0
22;24939;164;421;;0;0;0;0;0;0;0;0
25;24939;164;421;;0;0;0;0;0;0;0;0
13;24939;164;421;;;;;;;;;
7;24939;164;421;;0;0;0;0;0;0;0;0
3;24939;164;421;;12;18;18.333333333333332;23.428571428571427;21;24.333333333333332;10.821369636803214;14.43760521847181
5;24939;164;421;;0;0;0;0;0;0;0;0
21;24939;164;421;;0;;;;;;;
11;24939;164;421;;0;;;;;;;
6;24939;164;421;;0;;;;;;;
4;24939;164;421;;3;3;3;3;3.3333333333333335;3.888888888888889;0;1.7284832429004495
29;24939;164;421;;100;100;100;100;100;100;0;0
27;24939;164;421;;100;100;100;100;100;100;0;0
31;24939;164;421;;100;100;100;100;100;100;0;0
26;24939;164;421;;0;0;0;0;0;0;0;0
2;24939;164;421;;3;3;3;3;3.3333333333333335;3.888888888888889;0;1.7284832429004495
32;24939;164;421;;100;100;100;100;100;100;0;0
28;24939;164;421;;100;100;100;100;100;100;0;0
30;24939;164;421;;100;100;100;100;100;100;0;0
6;25129;181;432;"{""percentile"": ""p95"", ""proxy_name"": ""ZYTE_PROXY_MODE"", ""spider_name"": ""plp_belezanaweb_com_br""}";1.774310111999512;1.843597650527954;5.009418646494548;4.590300594057355;3.518912979534694;3.518912979534694;4.433662434659391;3.3634266687802947
31;25129;181;432;;100;100;100;100;100;100;0;0
34;25129;181;432;;3;2;2;3.2857142857142856;4.2;4.3125;3.238795442501324;3.770257782963918
26;25129;181;432;;0;0;0;0;0;0;0;0
2;25129;181;432;;83;82;79.33333333333333;79.57142857142857;82.33333333333333;83.68;2.969229955832361;3.652067907364265
32;25129;181;432;;100;100;100;100;100;100;0;0
3;25134;160;359;;1330;0;363.6666666666667;554.5714285714286;929.2666666666667;869.4827586206897;654.2170581570565;656.45130715709
28;25129;181;432;;100;100;100;100;100;100;0;0
30;25129;181;432;;100;100;100;100;100;100;0;0
14;25134;160;359;;;;;;;;;
10;25134;160;359;;;;;;;;;
12;25129;181;432;;0;0;0;0;0;0;0;0
18;25116;164;421;;100;100;100;100;100;100;0;0
19;25116;164;421;;1;1;1;1;1;1;0;0
9;25116;164;421;;0;0;0;0;0;0;0;0
20;25116;164;421;;0;0;0;0;0;0;0;0
8;25116;164;421;;0;0;0;0;0;0;0;0
24;25116;164;421;;0;0;0;0;0;0;0;0
23;25116;164;421;;0;0;0;0;0;0;0;0
22;25116;164;421;;0;0;0;0;0;0;0;0
25;25116;164;421;;0;0;0;0;0;0;0;0
12;24939;164;421;;0;0;0;0;0;0;0;0
24;25140;181;434;;;;;;;;;
23;25140;181;434;;;;;;;;;
22;25140;181;434;;;;;;;;;
25;25140;181;434;;;;;;;;;
13;25140;181;434;;;;;;;;;
3;25140;181;434;;54;54;54;54;54;54.48275862068966;0;2.3433057942113114
14;25140;181;434;;;;;;;;;
10;25140;181;434;;;;;;;;;
11;25140;181;434;;;;;;;;;
6;25140;181;434;;;;;;;;;
24;25139;181;438;;;;;;;;;
23;25139;181;438;;;;;;;;;
18;25140;181;434;;79.25;79.63;79.63;79.63;79.87666666666665;80.29107142857143;0;0.9161111102516638
19;25140;181;434;;2;2;2;2;2;2;0;0
9;25140;181;434;;0;0;0;0;0;0;0;0
20;25140;181;434;;16.98;20.37;19.753333333333334;21.162857142857142;14.814666666666666;13.060357142857143;1.347598014306664;4.889671682041982
8;25140;181;434;;0;0;0;0;0;0;0;0
15;25140;181;434;;0;;;;;;;
18;25139;181;438;;0;0;0;0;0;0;0;0
19;25139;181;438;;2;2;2;2;2;2;0;0
9;25139;181;438;;0;0;0;0;0;0;0;0
20;25139;181;438;;0;0;0;0;0;0;0;0
8;25139;181;438;;0;0;0;0;0;0;0;0
15;25139;181;438;;0;;;;;;;
24;25134;160;359;;0;0;0;0;0;0;0;0
23;25134;160;359;;0;0;0;0;0;0;0;0
22;25134;160;359;;0;0;0;0;0;0;0;0
25;25134;160;359;;0;0;0;0;0;0;0;0
13;25134;160;359;;;;;;;;;
7;25134;160;359;;0;0;0;0;0;0;0;0
5;25134;160;359;;0;0;0;0;0;0;0;0
21;25134;160;359;;0;;;;;;;
11;25134;160;359;;0;;;;;;;
6;25134;160;359;;0;;;;;;;
4;25134;160;359;;515;514;504;489.85714285714283;472.8;466.8421052631579;15.310393961792954;30.969022141649425
29;25134;160;359;;100;100;100;100;100;100;0;0
27;25134;160;359;;100;100;100;100;100;100;0;0
31;25134;160;359;;100;100;100;100;100;100;0;0
26;25134;160;359;;0;0;0;0;0;0;0;0
2;25134;160;359;;557;557;550.6666666666666;535.1428571428571;511.73333333333335;505.7894736842105;16.805004113814018;33.722675406395275
32;25134;160;359;;100;100;100;100;100;100;0;0
28;25134;160;359;;100;100;100;100;100;100;0;0
30;25134;160;359;;100;100;100;100;100;100;0;0
25;25139;181;438;;;;;;;;;
13;25139;181;438;;;;;;;;;
13;25128;181;434;"{""proxy_name"": ""ZYTE_PROXY_MODE"", ""spider_name"": ""pdp_drogasil_com_br""}";0;0;0;0;0;0;0;0
3;25139;181;438;;30;30;30;30.714285714285715;31.266666666666666;52.18518518518518;0.8806305718527109;88.38469661279647
13;25128;181;434;"{""proxy_name"": ""ZYTE_PROXY_MODE"", ""spider_name"": ""plp_drogasil_com_br""}";0;0;0;0;0;0;0;0
35;25128;181;434;;1;1;1;1;1;1;0;0
14;25139;181;438;;;;;;;;;
10;25139;181;438;;;;;;;;;
11;25139;181;438;;;;;;;;;
6;25139;181;438;;;;;;;;;
36;25128;181;434;;1;2;2;2;2;2;0;0
11;25128;181;434;"{""percentile"": ""p50"", ""proxy_name"": ""ZYTE_PROXY_MODE"", ""spider_name"": ""pdp_drogasil_com_br""}";1.838052272796631;1.256881475448608;1.2300319671630857;1.1665071419307165;1.0690634420939855;1.0690634420939855;0.17921794394404658;0.201107402848983
11;25128;181;434;"{""percentile"": ""p50"", ""proxy_name"": ""ZYTE_PROXY_MODE"", ""spider_name"": ""plp_drogasil_com_br""}";1.697452545166016;1.292296409606934;1.359557390213013;1.3177563803536554;1.2688705370976374;1.2688705370976374;0.056825021537183364;0.07487296941166506
6;25128;181;434;"{""percentile"": ""p95"", ""proxy_name"": ""ZYTE_PROXY_MODE"", ""spider_name"": ""pdp_drogasil_com_br""}";11.96125221252441;7.602816343307495;8.460790952046713;5.312408924102783;4.906135167394366;4.906135167394366;2.9192456858072773;4.243547873769881
6;25128;181;434;"{""percentile"": ""p95"", ""proxy_name"": ""ZYTE_PROXY_MODE"", ""spider_name"": ""plp_drogasil_com_br""}";3.192491769790649;2.42143440246582;8.439655542373655;5.013705560139248;3.867853513130775;3.867853513130775;4.105042420215799;3.304545806688416
27;25128;181;434;;100;100;100;100;100;100;0;0
31;25128;181;434;;100;100;100;100;100;100;0;0
34;25128;181;434;;1;2;2;2;2;2;0;0
26;25128;181;434;;0;0;0;0;0;0;0;0
2;25128;181;434;;54;54;54;54;54;53.81481481481482;0;0.3884477215445006
32;25128;181;434;;100;100;100;100;100;100;0;0
28;25128;181;434;;100;100;100;100;100;100;0;0
30;25128;181;434;;100;100;100;100;100;100;0;0
12;25128;181;434;;0;0;0;0;0;0;0;0
16;25116;164;421;;0;0;0;0;0;1.3705555555555557;0;4.137076896422592
13;25143;181;430;;;;;;;;;
3;25143;181;430;;63;71;451.6666666666667;662.1428571428571;751.3333333333334;793.0344827586207;274.5757395231667;156.43275139014554
14;25143;181;430;;;;;;;;;
10;25143;181;430;;;;;;;;;
11;25143;181;430;;;;;;;;;
6;25143;181;430;;;;;;;;;
24;25141;181;435;;;;;;;;;
23;25141;181;435;;;;;;;;;
22;25141;181;435;;;;;;;;;
25;25141;181;435;;;;;;;;;
13;25141;181;435;;;;;;;;;
3;25141;181;435;;531;531;531;531;531;529.8076923076923;0;5.961538461538462
14;25141;181;435;;;;;;;;;
10;25141;181;435;;;;;;;;;
11;25141;181;435;;;;;;;;;
6;25141;181;435;;;;;;;;;
18;25141;181;435;;0;0;0;0;0;0;0;0
19;25141;181;435;;2;2;2;2;2;2;0;0
9;25141;181;435;;0;0;0;0;0;0;0;0
20;25141;181;435;;0;0;0;0;0;0;0;0
8;25141;181;435;;0;0;0;0;0;0;0;0
15;25141;181;435;;0;;;;;;;
7;25141;181;435;;0;0;0;0;0;0;0;0
5;25141;181;435;;0;0;0;0;0;0;0;0
21;25141;181;435;;0;;;;;;;
4;25141;181;435;;31;31;31;30.857142857142858;30.933333333333334;30.96153846153846;0.3499271061118826;0.19230769230769232
7;25139;181;438;;0;0;0;0;0;0;0;0
5;25139;181;438;;0;0;0;0;0;0;0;0
21;25139;181;438;;0;;;;;;;
4;25139;181;438;;30;30;30;30;30;30;0;0
29;25139;181;438;;100;100;100;100;100;100;0;0
27;25139;181;438;;100;100;100;100;100;100;0;0
31;25139;181;438;;100;100;100;100;100;100;0;0
26;25139;181;438;;0;0;0;0;0;0;0;0
2;25139;181;438;;30;30;30;30;30;30;0;0
32;25139;181;438;;100;100;100;100;100;100;0;0
28;25139;181;438;;100;100;100;100;100;100;0;0
30;25139;181;438;;100;100;100;100;100;100;0;0
12;25139;181;438;;0;0;0;0;0;0;0;0
15;25127;181;430;;0;;;;;;;
24;25127;181;430;;0;0;0;0;0;0;0;0
23;25127;181;430;;0;0;0;0;0;0;0;0
22;25127;181;430;;0;0;0;0;0;0;0;0
25;25127;181;430;;0;0;0;0;0;0;0;0
16;25127;181;430;;0;1.97;0.6566666666666666;0.2814285714285714;0.13133333333333333;0.07576923076923077;0.6893563990404087;0.37884615384615383
7;25127;181;430;;0;0;0;0;0;0;0;0
35;25127;181;430;;2;2;1.3333333333333333;2.142857142857143;2.769230769230769;2.769230769230769;2.4159335036125373;2.8864096983528795
36;25127;181;430;;2;3;1.6666666666666667;2.7142857142857144;3.5384615384615383;3.5384615384615383;3.4522988495984492;4.125257747012899
5;25127;181;430;;0;0;0;0;0;0;0;0
21;25127;181;430;;0;;;;;;;
11;25127;181;430;;0;;;;;;;
6;25127;181;430;;0;;;;;;;
4;25127;181;430;;46;46;40.666666666666664;39.142857142857146;38.53333333333333;37.89655172413793;2.799416848895061;2.5236102708319983
29;25127;181;430;;100;100;100;100;100;100;0;0
24;25136;59;148;;;;;;;;;
23;25136;59;148;;;;;;;;;
22;25136;59;148;;;;;;;;;
25;25136;59;148;;;;;;;;;
13;25136;59;148;;;;;;;;;
27;25127;181;430;;22.18;22.59;42.35;48.53285714285715;50.79266666666667;50.77137931034483;10.631869495981967;5.624385161271457
3;25136;59;148;;37;37;37;37.857142857142854;39;40.206896551724135;1.355261854357877;1.7690697018456083
31;25127;181;430;;100;100;100;100;100;100;0;0
34;25127;181;430;;2;8;3.6666666666666665;6.142857142857143;8.153846153846153;8.153846153846153;9.21843760280096;11.009409638655288
26;25127;181;430;;0;0;0;0;0;0;0;0
2;25127;181;430;;239;239;229;226.57142857142858;225.86666666666667;223.79310344827587;5.0950155714648595;11.118109831741984
11;25136;59;148;;;;;;;;;
6;25136;59;148;;;;;;;;;
32;25127;181;430;;20.08;20.5;40.166666666666664;46.325714285714284;48.580000000000005;48.531724137931036;10.58424011327739;5.6158163769012726
24;25145;181;432;;;;;;;;;
23;25145;181;432;;;;;;;;;
22;25145;181;432;;;;;;;;;
25;25145;181;432;;;;;;;;;
13;25145;181;432;;;;;;;;;
3;25145;181;432;;65;65;65;65.14285714285714;65.06666666666666;70.23076923076923;0.3499271061118826;25.954557465971902
14;25145;181;432;;;;;;;;;
10;25145;181;432;;;;;;;;;
11;25145;181;432;;;;;;;;;
6;25145;181;432;;;;;;;;;
18;25144;181;431;;97.14;97.14;97.14;96.77714285714286;96.94933333333333;96.99615384615385;0.9547731860157654;0.5136900960626942
29;25141;181;435;;100;100;100;100;100;100;0;0
27;25141;181;435;;100;100;100;100;100;100;0;0
31;25141;181;435;;100;100;100;100;100;100;0;0
26;25141;181;435;;0;0;0;0;0;0;0;0
2;25141;181;435;;31;31;31;30.857142857142858;30.933333333333334;30.96153846153846;0.3499271061118826;0.19230769230769232
32;25141;181;435;;100;100;100;100;100;100;0;0
28;25141;181;435;;100;100;100;100;100;100;0;0
30;25141;181;435;;100;100;100;100;100;100;0;0
12;25141;181;435;;0;0;0;0;0;0;0;0
18;25136;59;148;;20;20;20;20;20;20;0;0
19;25136;59;148;;1;1;1;1;1;1;0;0
9;25136;59;148;;0;0;0;0;0;0;0;0
20;25136;59;148;;0;0;0;0;0;0;0;0
8;25136;59;148;;0;0;0;0;0;0;0;0
15;25136;59;148;;0;;;;;;;
7;25136;59;148;;0;0;0;0;0;0;0;0
5;25136;59;148;;0;0;0;0;0;0;0;0
21;25136;59;148;;0;;;;;;;
14;25136;59;148;;0;0;0;0;0;0;0;0
10;25136;59;148;;1;1;1;1;1;1;0;0
4;25136;59;148;;15;15;15;15;15;15;0;0
29;25136;59;148;;0;0;0;0;0;0;0;0
27;25136;59;148;;0;0;0;0;0;0;0;0
31;25136;59;148;;0;0;0;0;0;0;0;0
26;25136;59;148;;0;0;0;0;0;0;0;0
2;25136;59;148;;3;3;3;3;3;3;0;0
32;25136;59;148;;0;0;0;0;0;0;0;0
28;25127;181;430;;100;100;100;100;100;100;0;0
30;25127;181;430;;100;100;100;100;100;100;0;0
12;25127;181;430;;0;0;0;0;0;0;0;0
13;25116;164;421;;;;;;;;;
7;25116;164;421;;0;0;0;0;0;0;0;0
24;25144;181;431;;;;;;;;;
23;25144;181;431;;;;;;;;;
22;25144;181;431;;;;;;;;;
25;25144;181;431;;;;;;;;;
13;25144;181;431;;;;;;;;;
35;25116;164;421;;1;1;1;1;1;1;0;0
3;25144;181;431;;36;36;36;36;35.333333333333336;36;0;6.057417576187702
36;25116;164;421;;1;1;1;1;1;1;0;0
5;25116;164;421;;0;0;0;0;0;0;0;0
14;25144;181;431;;;;;;;;;
10;25144;181;431;;;;;;;;;
11;25144;181;431;;;;;;;;;
6;25144;181;431;;;;;;;;;
21;25116;164;421;;0;;;;;;;
11;25116;164;421;;0;;;;;;;
6;25116;164;421;;0;;;;;;;
4;25116;164;421;;3;3;3;3;3.3333333333333335;3.888888888888889;0;1.7284832429004495
29;25116;164;421;;100;100;100;100;100;100;0;0
27;25116;164;421;;100;100;100;100;100;100;0;0
31;25116;164;421;;100;100;100;100;100;100;0;0
34;25116;164;421;;1;1;1;1;1.1333333333333333;1.2777777777777777;0;0.4479032082388083
28;25112;59;116;;100;100;100;100;100;100;0;0
30;25112;59;116;;100;100;100;100;100;100;0;0
12;25112;59;116;;0;0;0;0;0;0;0;0
24;25147;181;438;;;;;;;;;
23;25147;181;438;;;;;;;;;
22;25147;181;438;;;;;;;;;
25;25147;181;438;;;;;;;;;
13;25147;181;438;;;;;;;;;
3;25147;181;438;;30;30;30;30.714285714285715;31.266666666666666;52.18518518518518;0.8806305718527109;88.38469661279647
14;25147;181;438;;;;;;;;;
10;25147;181;438;;;;;;;;;
11;25147;181;438;;;;;;;;;
6;25147;181;438;;;;;;;;;
24;25148;141;304;;;;;;;;;
23;25148;141;304;;;;;;;;;
22;25148;141;304;;;;;;;;;
25;25148;141;304;;;;;;;;;
13;25148;141;304;;;;;;;;;
3;25148;141;304;;616;659;439.3333333333333;932.2857142857143;1121.2;1184.0689655172414;473.35269673912717;276.38777494728157
23;25152;111;229;;;;;;;;;
18;25147;181;438;;0;0;0;0;0;0;0;0
19;25147;181;438;;2;2;2;2;2;2;0;0
9;25147;181;438;;0;0;0;0;0;0;0;0
20;25147;181;438;;0;0;0;0;0;0;0;0
8;25147;181;438;;0;0;0;0;0;0;0;0
15;25147;181;438;;0;;;;;;;
7;25147;181;438;;0;0;0;0;0;0;0;0
19;25144;181;431;;2;2;2;2;2;2;0;0
9;25144;181;431;;0;0;0;0;0;0;0;0
20;25144;181;431;;0;0;0;0;0;0;0;0
8;25144;181;431;;0;0;0;0;0;0;0;0
15;25144;181;431;;0;;;;;;;
7;25144;181;431;;0;0;0;0;0;0;0;0
5;25144;181;431;;0;0;0;0;0;0;0;0
21;25144;181;431;;0;;;;;;;
4;25144;181;431;;35;35;35;35.42857142857143;34.93333333333333;34.53846153846154;0.4948716593053935;0.6923076923076923
29;25144;181;431;;49.28;49.28;49.28;49.28857142857142;49.275999999999996;49.265;0.0098974331861059;0.018449515315709594
27;25144;181;431;;49.28;49.28;49.28;49.28857142857142;49.275999999999996;49.265;0.0098974331861059;0.018449515315709594
31;25144;181;431;;49.28;49.28;49.28;49.28857142857142;49.275999999999996;49.265;0.0098974331861059;0.018449515315709594
26;25144;181;431;;0;0;0;0;0;0;0;0
2;25144;181;431;;69;69;69;69.85714285714286;68.86666666666666;68.07692307692308;0.989743318610787;1.3846153846153846
32;25144;181;431;;49.28;49.28;49.28;49.28857142857142;49.275999999999996;49.265;0.0098974331861059;0.018449515315709594
28;25144;181;431;;49.28;49.28;49.28;49.28857142857142;49.275999999999996;49.265;0.0098974331861059;0.018449515315709594
30;25144;181;431;;49.28;49.28;49.28;49.28857142857142;49.275999999999996;49.265;0.0098974331861059;0.018449515315709594
12;25144;181;431;;0;0;0;0;0;0;0;0
18;25126;181;437;;0;0;0;0;0;0;0;0
19;25126;181;437;;2;2;2;2;2;2.04;0;0.19595917942265426
14;25148;141;304;;;;;;;;;
10;25148;141;304;;;;;;;;;
11;25148;141;304;;;;;;;;;
6;25148;141;304;;;;;;;;;
9;25126;181;437;;0;0;0;0;0;0;0;0
20;25126;181;437;;0;0;0;0;0;0.14800000000000002;0;0.7250489638638208
8;25126;181;437;;0;0;0;0;0;0;0;0
15;25126;181;437;;0;;;;;;;
13;25126;181;437;"{""proxy_name"": ""ZYTE_PROXY_MODE"", ""spider_name"": ""pdp_drogariavenancio_com_br""}";0;0;0;0;0;0;0;0
13;25126;181;437;"{""proxy_name"": ""ZYTE_PROXY_MODE"", ""spider_name"": ""plp_drogariavenancio_com_br""}";0;0;0;0;0;0;0;0
7;25126;181;437;;0;0;0;0;0;0;0;0
5;25126;181;437;;0;0;0;0;0;0;0;0
21;25126;181;437;;0;;;;;;;
14;25126;181;437;;0;0;0;0;0;0;0;0
10;25126;181;437;;1;1;1;1;1;1;0;0
11;25126;181;437;"{""percentile"": ""p50"", ""proxy_name"": ""ZYTE_PROXY_MODE"", ""spider_name"": ""pdp_drogariavenancio_com_br""}";3.039817094802856;2.728131294250488;2.882507085800171;2.7378029482705246;2.7071732452937534;2.7071732452937534;0.20330484507840463;0.22554292810570856
11;25126;181;437;"{""percentile"": ""p50"", ""proxy_name"": ""ZYTE_PROXY_MODE"", ""spider_name"": ""plp_drogariavenancio_com_br""}";2.83445405960083;2.492905378341675;2.89996608098348;2.846360240663801;2.749023218949636;2.749023218949636;0.24951639028996367;0.26600634810246415
6;25126;181;437;"{""percentile"": ""p95"", ""proxy_name"": ""ZYTE_PROXY_MODE"", ""spider_name"": ""pdp_drogariavenancio_com_br""}";3.972470998764038;4.661423683166504;7.247986237208049;6.527208464486257;5.188498326710293;5.188498326710293;3.906558003190028;3.122433033449115
24;25146;59;147;;;;;;;;;
23;25146;59;147;;;;;;;;;
22;25146;59;147;;;;;;;;;
25;25146;59;147;;;;;;;;;
13;25146;59;147;;;;;;;;;
3;25146;59;147;;25;25;25;25;25.333333333333332;25.655172413793103;0;0.47531202593414557
14;25146;59;147;;;;;;;;;
10;25146;59;147;;;;;;;;;
11;25146;59;147;;;;;;;;;
6;25146;59;147;;;;;;;;;
13;25149;174;401;;;;;;;;;
14;25149;174;401;;;;;;;;;
10;25149;174;401;;;;;;;;;
11;25149;174;401;;;;;;;;;
6;25149;174;401;;;;;;;;;
5;25148;141;304;;0;0;0;0;0;0;0;0
21;25148;141;304;;0;;;;;;;
4;25148;141;304;;193;197;196;196.14285714285714;209.46666666666667;291.57142857142856;0.832993127835043;94.97384172626113
29;25148;141;304;;2.7;5.26;4.06;3.9214285714285713;3.525333333333333;24.159285714285716;0.9115673875478523;39.61404980997195
27;25148;141;304;;100;100;100;100;100;100;0;0
31;25148;141;304;;2.7;5.26;4.06;3.9214285714285713;3.525333333333333;24.159285714285716;0.9115673875478523;39.61404980997195
26;25148;141;304;;0;0;0;0;0;0;0;0
2;25148;141;304;;111;114;115;116.57142857142857;137.86666666666667;207.39285714285714;1.5907898179514348;81.06273553141872
32;25148;141;304;;100;100;100;100;100;100;0;0
28;25148;141;304;;100;100;100;100;100;100;0;0
30;25148;141;304;;100;100;100;100;100;100;0;0
12;25148;141;304;;0;0;0;0;0;0;0;0
18;25146;59;147;;100;100;100;100;100;100;0;0
19;25146;59;147;;1;1;1;1;1;1;0;0
9;25146;59;147;;0;0;0;0;0;0;0;0
20;25146;59;147;;0;0;0;0;0;0;0;0
8;25146;59;147;;0;0;0;0;0;0;0;0
15;25146;59;147;;0;;;;;;;
7;25146;59;147;;0;0;0;0;0;0;0;0
5;25146;59;147;;0;0;0;0;0;0;0;0
21;25146;59;147;;0;;;;;;;
4;25146;59;147;;5;5;5;5;4.466666666666667;4.517241379310345;0;0.49970264642032547
29;25146;59;147;;20;20;21.666666666666668;20.714285714285715;23;21.896551724137932;1.749635530559413;4.809077821028053
27;25146;59;147;;20;20;21.666666666666668;20.714285714285715;23;21.896551724137932;1.749635530559413;4.809077821028053
31;25146;59;147;;20;20;21.666666666666668;20.714285714285715;23;21.896551724137932;1.749635530559413;4.809077821028053
26;25146;59;147;;0;0;0;0;0;0;0;0
2;25146;59;147;;5;5;4.666666666666667;4.857142857142857;4.4;4.413793103448276;0.3499271061118826;0.5581522088358154
32;25146;59;147;;100;100;100;100;100;100;0;0
28;25146;59;147;;20;20;21.666666666666668;20.714285714285715;23;21.896551724137932;1.749635530559413;4.809077821028053
6;25126;181;437;"{""percentile"": ""p95"", ""proxy_name"": ""ZYTE_PROXY_MODE"", ""spider_name"": ""plp_drogariavenancio_com_br""}";4.189442873001099;4.350371599197388;8.898291587829588;6.309998580387661;5.371547440687816;5.371547440687816;5.063507893661506;4.044665949377185
4;25126;181;437;;27;27;27;27;27;27;0;0
29;25126;181;437;;100;100;100;100;100;100;0;0
27;25126;181;437;;100;100;100;100;100;100;0;0
31;25126;181;437;;100;100;100;100;100;100;0;0
26;25126;181;437;;0;0;0;0;0;0;0;0
2;25126;181;437;;27;27;27;27;27;27;0;0
32;25126;181;437;;100;100;100;100;100;100;0;0
28;25126;181;437;;100;100;100;100;100;100;0;0
30;25126;181;437;;100;100;100;100;100;100;0;0
12;25126;181;437;;0;0;0;0;0;0;0;0
18;25115;121;417;;94.44;100;95.94333333333333;95.73142857142857;95.64533333333334;95.59280000000001;2.1119079293474923;1.996293605660249
19;25115;121;417;;5;5;5;5.428571428571429;5.866666666666666;6.72;0.7284313590846836;2.6460536653665963
13;25150;111;228;;;;;;;;;
9;25115;121;417;;0;0;0;0;0;0;0;0
3;25150;111;228;;3354;3348;3340.6666666666665;2423.5714285714284;2910.266666666667;3075.103448275862;1536.1059168413817;842.7093148283424
20;25115;121;417;;0;0;0;0;0;0;0;0
8;25115;121;417;;0;0;0;0;0;0;0;0
14;25150;111;228;;;;;;;;;
10;25150;111;228;;;;;;;;;
11;25150;111;228;;;;;;;;;
6;25150;111;228;;;;;;;;;
15;25115;121;417;;0;;;;;;;
13;25115;121;417;;;;;;;;;
7;25115;121;417;;0;0;0;0;0;0;0;0
35;25115;121;417;;3;3;3;3;3;3.52;0;1.9620397549489155
36;25115;121;417;;3;3;3;3;3;3.52;0;1.9620397549489155
5;25115;121;417;;0;0;0;0;0;0;0;0
21;25115;121;417;;0;;;;;;;
13;25151;111;230;;;;;;;;;
14;25151;111;230;;;;;;;;;
10;25151;111;230;;;;;;;;;
11;25151;111;230;;;;;;;;;
6;25151;111;230;;;;;;;;;
24;25152;111;229;;;;;;;;;
18;25151;111;230;;83.33;83.33;86.66666666666667;87.14285714285714;86;86.45241379310345;2.77778799091093;1.9723513976144873
19;25151;111;230;;2;2;2;2;2;2.0344827586206895;0;0.18246560765962694
9;25151;111;230;;0;0;0;0;0;0;0;0
20;25151;111;230;;3.33;3.33;3.33;3.3300000000000005;3.33;3.2386206896551726;0;0.4835338602980114
8;25151;111;230;;0;0;0;0;0;0;0;0
15;25151;111;230;;11;;;;;;;
18;25150;111;228;;66.12;71.81;72.08;70.49285714285715;68.54333333333334;68.71074074074075;1.6109421758329985;2.2933267537469018
19;25150;111;228;;1;1;1;1;1;1;0;0
9;25150;111;228;;0;0;0;0;0;0;0;0
20;25150;111;228;;100;100;100;100;100;100;0;0
8;25150;111;228;;0;0;0;0;0;0;0;0
15;25150;111;228;;0;;;;;;;
24;25150;111;228;;0;0;0;0;0;0;0;0
23;25150;111;228;;6.12;0;0;0.35428571428571426;0.42;0.6269230769230769;0.618381693104952;2.0374281851067675
22;25150;111;228;;4.08;0;5.5566666666666675;4.28;2.9113333333333333;3.553846153846154;5.52383665838984;5.238396023537003
25;25150;111;228;;0;0;0;0;0.9473333333333334;0.8961538461538462;0;2.5245792900433877
7;25150;111;228;;0;0;0;0;0;0;0;0
5;25150;111;228;;0;0;0;0;0;0;0;0
21;25150;111;228;;0;;;;;;;
4;25150;111;228;;1579;1561;1558;1590;1593.1333333333334;1552.6666666666667;35.70914248680381;108.57767317045946
29;25150;111;228;;1.59;1.9;1.49;1.4342857142857142;1.442;1.5485185185185186;0.24365415436387597;0.3421685062861594
27;25150;111;228;;100;100;100;100;100;100;0;0
31;25150;111;228;;1.59;1.9;1.49;1.4342857142857142;1.442;1.5485185185185186;0.24365415436387597;0.3421685062861594
26;25150;111;228;;0;0;0;0;0;0;0;0
2;25150;111;228;;816;897;896.3333333333334;897.2857142857143;872.7333333333333;849.5185185185185;2.710523708715754;57.431679456660675
32;25150;111;228;;100;100;100;100;100;100;0;0
28;25149;174;401;;100;100;100;100;100;100;0;0
30;25149;174;401;;100;100;100;100;100;100;0;0
12;25149;174;401;;0;0;0;0;0;0;0;0
22;25152;111;229;;;;;;;;;
25;25152;111;229;;;;;;;;;
13;25152;111;229;;;;;;;;;
13;25125;181;436;"{""proxy_name"": ""ZYTE_PROXY_MODE"", ""spider_name"": ""pdp_paguemenos_com_br""}";0;0;0;0;0;0;0;0
3;25152;111;229;;517;513;516;523;525.7333333333333;524.551724137931;6.969320524371696;5.928227082163201
13;25125;181;436;"{""proxy_name"": ""ZYTE_PROXY_MODE"", ""spider_name"": ""plp_paguemenos_com_br""}";0;0;0;0;0;0;0;0
35;25125;181;436;;1;1;1;1;1;1;0;0
14;25152;111;229;;;;;;;;;
10;25152;111;229;;;;;;;;;
11;25152;111;229;;;;;;;;;
6;25152;111;229;;;;;;;;;
36;25125;181;436;;1;1;1;1;1;1;0;0
10;25125;181;436;;1;1;1;1;1;1;0;0
11;25125;181;436;"{""percentile"": ""p50"", ""proxy_name"": ""ZYTE_PROXY_MODE"", ""spider_name"": ""pdp_paguemenos_com_br""}";2.741544246673584;2.340164422988892;2.4490575790405273;2.403064455304827;2.4578252690179005;2.4578252690179005;0.12820162189281467;0.14146446454269296
11;25125;181;436;"{""percentile"": ""p50"", ""proxy_name"": ""ZYTE_PROXY_MODE"", ""spider_name"": ""plp_paguemenos_com_br""}";2.100950241088867;1.299802541732788;1.714013973871867;1.5516069275992257;1.6225940187772114;1.6225940187772114;0.24484140405133475;0.27040386425516294
6;25125;181;436;"{""percentile"": ""p95"", ""proxy_name"": ""ZYTE_PROXY_MODE"", ""spider_name"": ""pdp_paguemenos_com_br""}";3.809497594833374;4.028063297271729;3.5840048789978027;4.837907416479928;4.292485407420567;4.292485407420567;3.175410051196418;2.325325546280726
6;25125;181;436;"{""percentile"": ""p95"", ""proxy_name"": ""ZYTE_PROXY_MODE"", ""spider_name"": ""plp_paguemenos_com_br""}";4.408400058746338;3.073110818862915;7.297743876775107;4.753230844225202;4.232445140679678;4.232445140679678;3.487121069917747;2.785273992981528
4;25125;181;436;;27;27;27;27;27;26.96;0;0.19595917942265426
29;25125;181;436;;100;100;100;100;100;100;0;0
27;25125;181;436;;100;100;100;100;100;100;0;0
31;25125;181;436;;100;100;100;100;100;100;0;0
34;25125;181;436;;1;2;2;2;2;2;0;0
26;25125;181;436;;0;0;0;0;0;0;0;0
11;25115;121;417;;0;;;;;;;
3;25153;121;273;;981;914;1882;3118.1428571428573;3494.866666666667;3419.5862068965516;1764.3569794745076;1068.6389189619172
3;25154;179;424;;305;301;308;307.42857142857144;309.6;324.8421052631579;3.6589281356759136;61.36282361400636
18;25153;121;273;;100;100;99.94;99.97;99.97133333333333;99.97857142857143;0.040708019567927474;0.02641891715558101
19;25153;121;273;;142;142;151;160.42857142857142;167.73333333333332;147.96428571428572;18.615332719156484;33.00485044749066
9;25153;121;273;;0;0;0;0;0;0;0;0
20;25153;121;273;;100;100;100;100;100;100;0;0
8;25153;121;273;;0;0;0;0;0;0.0071428571428571435;0;0.025892241371988367
15;25153;121;273;;0;;;;;;;
7;25153;121;273;;0;0;0;0;0;0;0;0
5;25153;121;273;;0;0;0;0;0;0;0;0
21;25153;121;273;;0;;;;;;;
4;25153;121;273;;1841;1545;2135.3333333333335;2626.8571428571427;2872.5333333333333;2481.6428571428573;731.4059706329659;758.6083694260599
29;25153;121;273;;4.38;5.72;2.3033333333333332;1.3014285714285714;0.9273333333333333;22.037142857142857;1.8054791890356465;40.72611103957955
27;25153;121;273;;100;100;100;100;100;100;0;0
31;25153;121;273;;4.38;5.72;2.3033333333333332;1.3014285714285714;0.9273333333333333;22.037142857142857;1.8054791890356465;40.72611103957955
26;25153;121;273;;0;0;0;0;0;0;0;0
2;25153;121;273;;1850;1556;2147;2640.8571428571427;2887.3333333333335;2493.5;735.1787787570407;762.1265127448141
32;25153;121;273;;100;100;100;100;100;100;0;0
28;25153;121;273;;100;100;100;100;100;100;0;0
30;25153;121;273;;100;100;100;100;100;100;0;0
12;25153;121;273;;0;0;0;0;0;0;0;0
7;25152;111;229;;0;0;0;0;0;0;0;0
5;25152;111;229;;0;0;0;0;0;0;0;0
21;25152;111;229;;0;;;;;;;
4;25152;111;229;;381;384;383.6666666666667;382.14285714285717;381.46666666666664;383.62068965517244;1.9587584572574412;9.956504694483517
29;25152;111;229;;0;0;0;0;0;0;0;0
27;25152;111;229;;0;0;0;0;0;0;0;0
31;25152;111;229;;0;0;0;0;0;0;0;0
26;25152;111;229;;0;0;0;0;0;0;0;0
2;25152;111;229;;274;275;275.3333333333333;274;274.3333333333333;278.1034482758621;1.4142135623730951;7.75195115632724
32;25152;111;229;;0;0;0;0;0;0;0;0
28;25152;111;229;;0;0;0;0;0;0;0;0
30;25152;111;229;;0;0;0;0;0;0;0;0
12;25152;111;229;;0;0;0;0;0;0;0;0
2;25125;181;436;;27;27;27;27;27;26.96;0;0.19595917942265426
32;25125;181;436;;100;100;100;100;100;100;0;0
28;25125;181;436;;100;100;100;100;100;100;0;0
30;25125;181;436;;100;100;100;100;100;100;0;0
6;25115;121;417;;0;;;;;;;
4;25115;121;417;;36;38;35.666666666666664;37.57142857142857;37.2;41.4;5.368084065158839;17.668050260286222
29;25115;121;417;;0;0;0;0;0;0;0;0
27;25115;121;417;;0;0;0;0;0;0;0;0
31;25115;121;417;;0;0;0;0;0;0;0;0
3;25155;121;419;;459;459;459;459;459;459;0;0
34;25115;121;417;;3;3;3;3;3;3.52;0;1.9620397549489155
26;25115;121;417;;0;0;0;0;0;0;0;0
2;25115;121;417;;36;38;35.666666666666664;37.57142857142857;37.2;41;5.368084065158839;15.783535725559087
32;25115;121;417;;0;0;0;0;0;0;0;0
28;25115;121;417;;0;0;0;0;0;0;0;0
30;25115;121;417;;0;0;0;0;0;0;0;0
12;25115;121;417;;0;0;0;0;0;0;0;0
18;25111;59;134;;72.99;72.61;72.56;72.93714285714286;73.34933333333333;74.15758620689655;0.4021625217216926;0.9710735444729549
19;25111;59;134;;1;1;1;1;1;1;0;0
9;25111;59;134;;0;0;0;0;0;0;0;0
20;25111;59;134;;0;0;0;0;0;0;0;0
8;25111;59;134;;0;0;0;0;0;0;0;0
15;25111;59;134;;0;;;;;;;
13;25111;59;134;;;;;;;;;
3;25157;164;372;;84;88;91.66666666666667;89.57142857142857;90.73333333333333;80.3103448275862;5.827450872677469;14.619551029183045
3;25158;174;400;;1619;1610;1377.3333333333333;1897.7142857142858;2125.6;2124.1724137931033;852.969554687909;490.4704334978337
18;25157;164;372;;87.5;87.5;87.5;89.28571428571429;86.66666666666667;76.68230769230769;4.374088826398532;13.028943905395433
19;25157;164;372;;1;1;1;1;1;1;0;0
9;25157;164;372;;0;0;0;0;0;0;0;0
20;25157;164;372;;0;0;0;0;0;0;0;0
8;25157;164;372;;0;0;0;0;0;0;0;0
15;25157;164;372;;0;;;;;;;
24;25157;164;372;;0;0;0;0;0;0;0;0
23;25157;164;372;;0;0;0;0;0;0;0;0
22;25157;164;372;;0;0;0;0;0;0;0;0
25;25157;164;372;;0;0;0;0;0;0;0;0
7;25157;164;372;;0;0;0;0;0;0;0;0
5;25157;164;372;;0;0;0;0;0;0;0;0
21;25156;152;334;;0;;;;;;;
18;25155;121;419;;100;100;100;100;100;100;0;0
19;25155;121;419;;1;1;1;1;1;1;0;0
9;25155;121;419;;0;0;0;0;0;0;0;0
20;25155;121;419;;0;0;0;0;0;0;0;0
8;25155;121;419;;0;0;0;0;0;0;0;0
15;25155;121;419;;0;;;;;;;
7;25155;121;419;;0;0;0;0;0;0;0;0
5;25155;121;419;;0;0;0;0;0;0;0;0
21;25155;121;419;;0;;;;;;;
4;25155;121;419;;459;459;459;459;459;459;0;0
29;25155;121;419;;100;100;100;100;100;100;0;0
27;25155;121;419;;100;100;100;100;100;100;0;0
31;25155;121;419;;100;100;100;100;100;100;0;0
26;25155;121;419;;0;0;0;0;0;0;0;0
2;25155;121;419;;459;459;459;459;459;459;0;0
32;25155;121;419;;100;100;100;100;100;100;0;0
28;25155;121;419;;100;100;100;100;100;100;0;0
30;25155;121;419;;100;100;100;100;100;100;0;0
12;25155;121;419;;0;0;0;0;0;0;0;0
30;25154;179;424;;100;100;100;100;100;100;0;0
12;25154;179;424;;0;0;0;0;0;0;0;0
13;25124;181;438;"{""proxy_name"": ""ZYTE_PROXY_MODE"", ""spider_name"": ""pdp_drogariaspacheco_com_br""}";0;0;0;0;0;0;0;0
13;25124;181;438;"{""proxy_name"": ""ZYTE_PROXY_MODE"", ""spider_name"": ""plp_drogariaspacheco_com_br""}";0;0;21.333333333333332;9.142857142857142;4.571428571428571;4.571428571428571;22.395334791160487;16.482520116406807
11;25124;181;438;"{""percentile"": ""p50"", ""proxy_name"": ""ZYTE_PROXY_MODE"", ""spider_name"": ""pdp_drogariaspacheco_com_br""}";1.458006143569946;1.287215709686279;1.3792401949564617;1.3136757101331438;1.307217342512948;1.307217342512948;0.1001127130849005;0.08930580305993188
11;25124;181;438;"{""percentile"": ""p50"", ""proxy_name"": ""ZYTE_PROXY_MODE"", ""spider_name"": ""plp_drogariaspacheco_com_br""}";2.253435850143433;1.972954034805298;2.0005406538645425;1.9744428907121931;1.9594940628324236;1.9594940628324236;0.16359701639198224;0.12410012945904446
6;25124;181;438;"{""percentile"": ""p95"", ""proxy_name"": ""ZYTE_PROXY_MODE"", ""spider_name"": ""pdp_drogariaspacheco_com_br""}";2.922848224639893;2.519644021987915;6.658555428187053;5.1067042010171075;3.616820182119097;3.616820182119097;4.2782685948391705;3.3959906491832825
6;25124;181;438;"{""percentile"": ""p95"", ""proxy_name"": ""ZYTE_PROXY_MODE"", ""spider_name"": ""plp_drogariaspacheco_com_br""}";3.466877460479736;2.980777263641357;5.713498989741008;5.9339496067592075;4.843781845910208;4.843781845910208;4.086491496292194;3.121104088688281
30;25124;181;438;;100;100;100;100;100;100;0;0
12;25124;181;438;;0;0;0;0;0;0;0;0
18;25114;174;420;;100;100;100;100;100;100;0;0
19;25114;174;420;;1;1;1;1;1;1;0;0
9;25114;174;420;;0;0;0;0;0;0;0;0
20;25114;174;420;;0;0;0;0;0;0;0;0
8;25114;174;420;;0;0;0;0;0;0;0;0
15;25114;174;420;;0;;;;;;;
13;25114;174;420;;;;;;;;;
7;25114;174;420;;0;0;0;0;0;0;0;0
35;25114;174;420;;1;1;1;1;1;1;0;0
36;25114;174;420;;1;1;1;1;1;1;0;0
5;25114;174;420;;0;0;0;0;0;0;0;0
3;25159;152;338;;328;336;333;330.2857142857143;326.06666666666666;331.2758620689655;4.919764387920733;35.136086716851075
3;25161;149;332;;24;24;24;24;24;24;0;0
18;25161;149;332;;100;100;100;100;100;100;0;0
19;25161;149;332;;2;2;2;2;2;2;0;0
9;25161;149;332;;0;0;0;0;0;0;0;0
20;25161;149;332;;0;0;0;0;0;0;0;0
8;25161;149;332;;0;0;0;0;0;0;0;0
15;25161;149;332;;0;;;;;;;
18;25159;152;338;;65.64;65.76;65.29333333333334;66.9;67.77533333333334;69.97307692307692;1.58356740124496;4.478569284965533
19;25159;152;338;;5;5;5;5;5;5;0;0
9;25159;152;338;;0;0;0;0;0;0;0;0
20;25159;152;338;;0;0;0;0;0;0;0;0
8;25159;152;338;;0;0;0;0;0;1.8776923076923078;0;9.388461538461538
15;25159;152;338;;0;;;;;;;
24;25159;152;338;;0;0;0;0;0;0;0;0
23;25159;152;338;;0;0;0;0;0;0;0;0
22;25159;152;338;;0;0;0;0;0;0;0;0
25;25159;152;338;;0;0;0;0;0;0;0;0
7;25159;152;338;;0;0;0;0;0;0;0;0
5;25159;152;338;;0;0;0;0;0;0;0;0
21;25159;152;338;;0;;;;;;;
4;25159;152;338;;259;257;249;255.42857142857142;256.8;256.8076923076923;8.533248298896044;10.651902072000066
29;25159;152;338;;0;0;0;0;0;0;0;0
27;25159;152;338;;0;0;0;0;0;0;0;0
31;25159;152;338;;0;0;0;0;0;0;0;0
26;25159;152;338;;0;0;0;0;0;0;0;0
4;25158;174;400;;417;429;438;428;487.93333333333334;679.6428571428571;12.351980754981307;245.4334670225189
29;25158;174;400;;0.63;0.62;0.6133333333333333;0.8714285714285713;0.8526666666666667;22.131071428571428;0.29997278788148063;40.66698549888259
27;25158;174;400;;100;100;100;100;100;100;0;0
31;25158;174;400;;0.63;0.62;0.6133333333333333;0.8714285714285713;0.8526666666666667;22.131071428571428;0.29997278788148063;40.66698549888259
26;25158;174;400;;0;0;0;0;0;0;0;0
2;25158;174;400;;315;322;325.6666666666667;313.2857142857143;366.2;532.4285714285714;12.417893606914703;209.3442872691894
32;25158;174;400;;100;100;100;100;100;100;0;0
28;25158;174;400;;100;100;100;100;100;100;0;0
30;25158;174;400;;100;100;100;100;100;100;0;0
12;25158;174;400;;0;0;0;0;0;0;0;0
13;25123;181;435;"{""proxy_name"": ""DEFAULT"", ""spider_name"": ""pdp_drogariasaopaulo_com_br""}";0;0;0;0;0;0;0;0
13;25123;181;435;"{""proxy_name"": ""ZYTE_PROXY_MODE"", ""spider_name"": ""plp_drogariasaopaulo_com_br""}";0;0;0;0;0;0;0;0
11;25123;181;435;"{""percentile"": ""p50"", ""proxy_name"": ""DEFAULT"", ""spider_name"": ""pdp_drogariasaopaulo_com_br""}";1.264447927474976;1.049769639968872;1.0903255939483643;1.0518296786717005;1.0422861576080322;1.0422861576080322;0.05064044466155372;0.03818830994567893
11;25123;181;435;"{""percentile"": ""p50"", ""proxy_name"": ""ZYTE_PROXY_MODE"", ""spider_name"": ""plp_drogariasaopaulo_com_br""}";2.400380849838257;2.188733577728271;2.3302930990854898;2.2202172279357906;2.1977764878954207;2.1977764878954207;0.19202295128663463;0.14874082167703928
6;25123;181;435;"{""percentile"": ""p95"", ""proxy_name"": ""DEFAULT"", ""spider_name"": ""pdp_drogariasaopaulo_com_br""}";1.801016569137573;1.386374235153198;4.582499424616494;4.036858218056814;2.937044501304626;2.937044501304626;4.16674294727467;3.1705423835322315
3;25162;147;324;;92;161;111.66666666666667;98.14285714285714;93;108.10344827586206;25.69840779630727;112.14471710391128
6;25123;181;435;"{""percentile"": ""p95"", ""proxy_name"": ""ZYTE_PROXY_MODE"", ""spider_name"": ""plp_drogariasaopaulo_com_br""}";3.651593446731567;3.624624013900757;7.075419982274373;6.48164360863822;5.328598976135254;5.328598976135254;4.017641567006914;3.10398713318913
21;25114;174;420;;0;;;;;;;
11;25114;174;420;;0;;;;;;;
6;25114;174;420;;0;;;;;;;
4;25114;174;420;;2;3;2.6666666666666665;2.857142857142857;3.4;4.5;0.3499271061118826;2.9486343354923554
29;25114;174;420;;0;0;0;0;0;0;0;0
27;25114;174;420;;0;0;0;0;0;0;0;0
31;25114;174;420;;0;0;0;0;0;0;0;0
34;25114;174;420;;2;2;2;2;2.066666666666667;2.2222222222222223;0;0.41573970964154905
26;25114;174;420;;0;0;0;0;0;0;0;0
2;25114;174;420;;2;3;2.6666666666666665;2.857142857142857;3.4;4.5;0.3499271061118826;2.9486343354923554
32;25114;174;420;;0;0;0;0;0;0;0;0
28;25114;174;420;;0;0;0;0;0;0;0;0
30;25114;174;420;;0;0;0;0;0;0;0;0
12;25114;174;420;;0;0;0;0;0;0;0;0
7;25111;59;134;;0;0;0;0;0;0;0;0
35;25111;59;134;;1;0;0.6666666666666666;0.8571428571428571;0.8666666666666667;0.8571428571428571;0.3499271061118826;0.3499271061118826
36;25111;59;134;;4;1;2;2.2857142857142856;3.2;3.1904761904761907;1.4846149779161806;1.7076591501943912
5;25111;59;134;;0;0;0;0;0;0;0;0
3;25163;148;328;;86;86;86.66666666666667;86.85714285714286;86.93333333333334;87.34482758620689;0.3499271061118826;0.9568577190008005
21;25111;59;134;;0;;;;;;;
11;25111;59;134;;0;;;;;;;
6;25111;59;134;;0;;;;;;;
4;25111;59;134;;374;376;375.3333333333333;373.7142857142857;374.73333333333335;375.1034482758621;2.312344865176949;1.539028524442855
29;25111;59;134;;0;0;0;0;0;0;0;0
27;25111;59;134;;0;0;0;0;0;0;0;0
31;25111;59;134;;0;0;0;0;0;0;0;0
34;25111;59;134;;31;1;11.666666666666666;14.714285714285714;22.133333333333333;22.19047619047619;14.139249179038424;14.516391548272816
26;25111;59;134;;0;0;0;0;0;0;0;0
21;25162;147;324;;0;;;;;;;
3;25164;149;330;;116;117;116;117.85714285714286;119.53333333333333;120.06896551724138;1.8844151368961313;2.87595302924042
18;25164;149;330;;48.42;48.42;48.419999999999995;49.32;50.297333333333334;52.21793103448276;1.0392304845413272;2.2235221815388924
19;25164;149;330;;2;2;2;2;2;2;0;0
18;25163;148;328;;85.92;85.92;85.92;85.92;85.83999999999999;84.66310344827586;0;1.412855029408906
19;25163;148;328;;4;4;4;4;4;4;0;0
9;25163;148;328;;0;0;0;0;0;0;0;0
20;25163;148;328;;0;0;0;0;0;0;0;0
8;25163;148;328;;0;0;0;0;0;0;0;0
15;25163;148;328;;0;;;;;;;
7;25163;148;328;;0;0;0;0;0;0;0;0
5;25163;148;328;;0;0;0;0;0;0;0;0
21;25163;148;328;;0;;;;;;;
4;25163;148;328;;71;71;71;71;71.06666666666666;72.44827586206897;0;1.753542363460844
29;25163;148;328;;100;100;100;100;100;100;0;0
27;25163;148;328;;100;100;100;100;100;100;0;0
31;25163;148;328;;100;100;100;100;100;100;0;0
26;25163;148;328;;0;0;0;0;0;0;0;0
2;25163;148;328;;71;71;71;71;71.06666666666666;72.44827586206897;0;1.753542363460844
32;25163;148;328;;100;100;100;100;100;100;0;0
28;25163;148;328;;100;100;100;100;100;100;0;0
30;25163;148;328;;100;100;100;100;100;100;0;0
18;25162;147;324;;100;100;100;100;100;100;0;0
19;25162;147;324;;2;2;2;2;2;1.7586206896551724;0;0.42791978089623645
9;25162;147;324;;0;0;0;0;0;0;0;0
20;25162;147;324;;0;0;0;0;0;0;0;0
8;25162;147;324;;0;0;0;0;0;0;0;0
3;25165;147;321;;309;309;309.3333333333333;310.57142857142856;308.2;292.7586206896552;1.178030178747903;24.00237800347376
15;25162;147;324;;0;;;;;;;
24;25162;147;324;;0;0;0;0;0;0;0;0
23;25162;147;324;;0;0;0;0;0;0;0;0
22;25162;147;324;;0;0;0;0;0;0;0;0
25;25162;147;324;;0;0;0;0;0;0;0;0
16;25162;147;324;;0;0;0;5.714285714285714;14.272;14.272;13.997084244475303;30.936222393821776
7;25162;147;324;;0;0;0;0;0;0;0;0
5;25162;147;324;;0;0;0;0;0;0;0;0
4;25162;147;324;;78;77;76.66666666666667;77;76.26666666666667;70.58620689655173;0.7559289460184545;9.163334889767011
29;25162;147;324;;100;100;100;100;100;100;0;0
27;25162;147;324;;100;100;100;100;100;100;0;0
31;25162;147;324;;100;100;100;100;100;100;0;0
13;25122;181;433;"{""proxy_name"": ""ZYTE_PROXY_MODE"", ""spider_name"": ""pdp_drogaraia_com_br""}";0;0;0;0;0;0;0;0
13;25122;181;433;"{""proxy_name"": ""ZYTE_PROXY_MODE"", ""spider_name"": ""plp_drogaraia_com_br""}";0;0;0;0;0;0;0;0
10;25122;181;433;;1;1;1;1;1;1;0;0
11;25122;181;433;"{""percentile"": ""p50"", ""proxy_name"": ""ZYTE_PROXY_MODE"", ""spider_name"": ""pdp_drogaraia_com_br""}";0.8298320770263672;0.8074886798858643;0.9769660631815591;1.0849286488124303;1.081438626561846;1.081438626561846;0.3482994324105431;0.4058833436411448
11;25122;181;433;"{""percentile"": ""p50"", ""proxy_name"": ""ZYTE_PROXY_MODE"", ""spider_name"": ""plp_drogaraia_com_br""}";1.367976903915405;1.374426126480103;1.3468182086944582;1.2867307322365897;1.2777672410011294;1.2777672410011294;0.062414052191559995;0.06741147118408143
6;25122;181;433;"{""percentile"": ""p95"", ""proxy_name"": ""ZYTE_PROXY_MODE"", ""spider_name"": ""pdp_drogaraia_com_br""}";2.406031608581543;2.155209541320801;2.3979705969492593;2.569640874862671;2.5694081442696706;2.5694081442696706;0.22323924833294712;0.2487733885696802
6;25122;181;433;"{""percentile"": ""p95"", ""proxy_name"": ""ZYTE_PROXY_MODE"", ""spider_name"": ""plp_drogaraia_com_br""}";3.188114643096924;2.45268440246582;3.177272081375122;2.5945074558258057;2.5105822483698526;2.5105822483698526;0.7662284846030989;0.6968157484404838
4;25122;181;433;;53;53;53;53;53;52.81481481481482;0;0.3884477215445006
29;25122;181;433;;100;100;100;100;100;100;0;0
27;25122;181;433;;100;100;100;100;100;100;0;0
31;25122;181;433;;100;100;100;100;100;100;0;0
3;25160;152;333;;2750;2776;1824.3333333333333;1825.142857142857;1840.1333333333334;1828.7586206896551;844.8244836433573;429.4056562250869
26;25122;181;433;;0;0;0;0;0;0;0;0
2;25122;181;433;;53;53;53;53;53;52.81481481481482;0;0.3884477215445006
32;25122;181;433;;100;100;100;100;100;100;0;0
28;25122;181;433;;100;100;100;100;100;100;0;0
30;25122;181;433;;100;100;100;100;100;100;0;0
12;25122;181;433;;0;0;0;0;0;0;0;0
18;25113;181;430;;47.83;100;100;100;100;100;0;0
3;25168;148;326;;27;33;31;30.285714285714285;28.933333333333334;27.482758620689655;2.710523708715754;2.2836856123859928
3;25166;149;331;;87;87;87;87.42857142857143;89;90.34482758620689;0.4948716593053935;6.380335425562459
18;25166;149;331;;100;100;100;100;100;100;0;0
15;25166;149;331;;0;;;;;;;
9;25165;147;321;;0;0;0;0;0;0;0;0
20;25165;147;321;;0;0;0;0;0;0;0;0
8;25165;147;321;;0;0;0;0;0;0;0;0
15;25165;147;321;;0;;;;;;;
7;25165;147;321;;0;0;0;0;0;0;0;0
5;25165;147;321;;0;0;0;0;0;0;0;0
21;25165;147;321;;0;;;;;;;
4;25165;147;321;;163;158;161.66666666666666;157.71428571428572;154.2;150.89655172413794;4.589250972631146;10.558032822212233
29;25165;147;321;;100;100;100;100;100;100;0;0
27;25165;147;321;;100;100;100;100;100;100;0;0
31;25165;147;321;;100;100;100;100;100;100;0;0
26;25165;147;321;;0;0;0;0;0;0;0;0
2;25165;147;321;;163;158;161.66666666666666;157.71428571428572;154.2;150.89655172413794;4.589250972631146;10.558032822212233
32;25165;147;321;;100;100;100;100;100;100;0;0
26;25162;147;324;;0;0;0;0;0;0;0;0
2;25162;147;324;;78;77;76.66666666666667;77;76.26666666666667;70.58620689655173;0.7559289460184545;9.163334889767011
32;25162;147;324;;100;100;100;100;100;100;0;0
28;25162;147;324;;100;100;100;100;100;100;0;0
30;25162;147;324;;100;100;100;100;100;100;0;0
12;25162;147;324;;0;0;0;0;0;0;0;0
19;25149;174;401;;1;1;1;1;1;1;0;0
9;25149;174;401;;0;0;0;0;0;0;0;0
20;25149;174;401;;0;0;0;0;0;0;0;0
8;25149;174;401;;0;0;0;0;0;0;0;0
15;25149;174;401;;0;;;;;;;
3;25167;147;325;;120;119;119;119.71428571428571;118.6;112.65517241379311;0.8806305718527109;9.632115326340765
24;25149;174;401;;0;0;0;0;0;0;0;0
23;25149;174;401;;0;0;0;0;0;0;0;0
22;25149;174;401;;0;0;0;0;0;0;0;0
25;25149;174;401;;0;0;0;0;0;0;0;0
16;25149;174;401;;0;0;0;28.571428571428573;19.696666666666665;18.369473684210526;45.17539514526256;32.11462504573664
7;25149;174;401;;0;0;0;0;0;0;0;0
5;25149;174;401;;0;0;0;0;0;0;0;0
21;25149;174;401;;0;;;;;;;
3;25172;148;327;;70;70;70;70;70.2;69.62068965517241;0;0.8057463065895119
3;25171;148;329;;129;126;128.33333333333334;126.57142857142857;122.8;115.17241379310344;2.5555062599997598;11.558155697996117
15;25255;178;412;;0;;;;;;;
18;25171;148;329;;96.25;96.59;96.60333333333334;96.53857142857143;96.12666666666668;95.43862068965518;0.05938459911664674;1.0418343376747294
19;25171;148;329;;1;1;1;1;1;1;0;0
9;25171;148;329;;0;0;0;0;0;0;0;0
20;25171;148;329;;0;0;0;0;0;0;0;0
8;25171;148;329;;0;0;0;0;0;0;0;0
15;25171;148;329;;0;;;;;;;
24;25171;148;329;;0;0;0;0;0;0;0;0
23;25171;148;329;;0;0;0;0;0;0;0;0
22;25171;148;329;;0;0;0;0;0;0;0;0
25;25171;148;329;;0;0;0;0;0;0;0;0
7;25171;148;329;;0;0;0;0;0;0;0;0
5;25171;148;329;;0;0;0;0;0;0;0;0
21;25171;148;329;;0;;;;;;;
4;25171;148;329;;80;88;88.33333333333333;86.71428571428571;78.46666666666667;68.03448275862068;1.4846149779161806;14.276778248129178
29;25171;148;329;;100;100;100;100;100;100;0;0
18;25167;147;325;;50.43;52.14;52.71;53.848571428571425;52.723333333333336;51.29034482758621;1.2081441325015658;3.13184696278974
19;25167;147;325;;1;1;1;1;1;1;0;0
9;25167;147;325;;0;0;0;0;0;0;0;0
20;25167;147;325;;100;100;100;100;100;100;0;0
8;25167;147;325;;0;0;0;0;0;0;0;0
15;25167;147;325;;0;;;;;;;
7;25167;147;325;;0;0;0;0;0;0;0;0
5;25167;147;325;;0;0;0;0;0;0;0;0
21;25167;147;325;;0;;;;;;;
4;25167;147;325;;117;117;117;117;115.26666666666667;109.03448275862068;0;8.083541211966745
29;25167;147;325;;100;100;100;100;100;100;0;0
27;25167;147;325;;100;100;100;100;100;100;0;0
31;25167;147;325;;100;100;100;100;100;100;0;0
26;25167;147;325;;0;0;0;0;0;0;0;0
2;25167;147;325;;117;117;117;117;115.26666666666667;109.03448275862068;0;8.083541211966745
32;25167;147;325;;100;100;100;100;100;100;0;0
28;25167;147;325;;100;100;100;100;100;100;0;0
30;25167;147;325;;100;100;100;100;100;100;0;0
32;25166;149;331;;100;100;100;100;100;100;0;0
28;25166;149;331;;100;100;100;100;100;100;0;0
30;25166;149;331;;100;100;100;100;100;100;0;0
12;25166;149;331;;0;0;0;0;0;0;0;0
7;25161;149;332;;0;0;0;0;0;0;0;0
5;25161;149;332;;0;0;0;0;0;0;0;0
21;25161;149;332;;0;;;;;;;
4;25161;149;332;;24;24;24;24;24;24;0;0
29;25161;149;332;;100;100;100;100;100;100;0;0
27;25161;149;332;;100;100;100;100;100;100;0;0
31;25161;149;332;;100;100;100;100;100;100;0;0
26;25161;149;332;;0;0;0;0;0;0;0;0
2;25161;149;332;;24;24;24;24;24;24;0;0
32;25161;149;332;;100;100;100;100;100;100;0;0
28;25161;149;332;;100;100;100;100;100;100;0;0
30;25161;149;332;;100;100;100;100;100;100;0;0
12;25161;149;332;;0;0;0;0;0;0;0;0
18;25156;152;334;;100;100;100;100;100;100;0;0
19;25156;152;334;;3;5;5;5;5;5;0;0
9;25156;152;334;;0;0;0;0;0;0;0;0
20;25156;152;334;;0;0;0;0;0;0;0;0
8;25156;152;334;;0;0;0;0;0;0;0;0
15;25156;152;334;;0;;;;;;;
3;25169;147;323;;3698;3702;2470.6666666666665;1584.7142857142858;1965.9333333333334;2629.655172413793;1829.8879524078372;1654.7790408986282
24;25156;152;334;;0;0;0;0;0;0;0;0
23;25156;152;334;;0;0;0;0;0.042666666666666665;0.02206896551724138;0;0.11677798890216125
22;25156;152;334;;0;0;0;0;0;0;0;0
25;25156;152;334;;0;0;0;0;0;0;0;0
16;25121;59;135;;68.75;42.86;23.73;16.724285714285713;16.691333333333333;20.154166666666665;17.524394309600755;17.496815880960234
35;25121;59;135;;1;1;0.6666666666666666;0.8571428571428571;0.8;0.8148148148148148;0.3499271061118826;0.3884477215445006
36;25121;59;135;;4;1;2.3333333333333335;2.4285714285714284;2.533333333333333;2.5555555555555554;1.3997084244475304;1.4229164972072996
5;25121;59;135;;0;0;0;0;0;0;0;0
21;25121;59;135;;0;;;;;;;
11;25121;59;135;;0;;;;;;;
6;25121;59;135;;0;;;;;;;
4;25121;59;135;;600;602;600;596.8571428571429;590.1333333333333;579.1111111111111;4.257046978786097;18.663359495394204
29;25121;59;135;;4.76;2.12;2.3800000000000003;2.4957142857142856;2.942;3.640740740740741;0.27546620963933344;1.0431537862048554
27;25121;59;135;;100;100;100;100;100;100;0;0
31;25121;59;135;;4.76;2.12;2.3800000000000003;2.4957142857142856;2.942;3.640740740740741;0.27546620963933344;1.0431537862048554
34;25121;59;135;;38;8;16.333333333333332;20.428571428571427;21.066666666666666;20.814814814814813;16.238025415294654;15.867593430070066
3;25170;147;362;;7200;7081;7173.666666666667;7149.571428571428;6525.866666666667;5310.379310344828;61.794260350334305;1519.0638545020736
18;25170;147;362;;100;100;100;100;99.21066666666667;99.59172413793102;0;2.1603927946899835
19;25170;147;362;;2;2;2;1.8571428571428572;1.7333333333333334;1.6206896551724137;0.3499271061118826;0.48521542343000995
9;25170;147;362;;0;0;0;0;0;0;0;0
20;25170;147;362;;0;0;0;0;0;0;0;0
8;25170;147;362;;0;0;0;0;0;0;0;0
15;25170;147;362;;0;;;;;;;
24;25170;147;362;;0;0;0;0;0;0;0;0
23;25170;147;362;;0;0;0;0;0;0;0;0
18;25169;147;323;;87.01;87.37;87.75333333333333;88.05571428571429;88.374;88.20285714285714;0.4661960698141968;0.908442638371233
19;25169;147;323;;2;2;2;2;2;1.8571428571428572;0;0.3499271061118826
9;25169;147;323;;0;0;0;0;0;0;0;0
20;25169;147;323;;0;0;0;0;0;0;0;0
8;25169;147;323;;0;0;0;0;0;0;0;0
15;25169;147;323;;0;;;;;;;
24;25169;147;323;;0;0;0;0;0;0;0;0
23;25169;147;323;;0;0;0;0;0.004;0.003157894736842105;0;0.013397812696166163
22;25169;147;323;;0;0;0;0;0.01933333333333333;0.015263157894736841;0;0.06475609469813645
25;25169;147;323;;0;0;0;0;0.02333333333333333;0.018421052631578946;0;0.07815390739430261
7;25169;147;323;;0;0;0;0;0;0;0;0
5;25169;147;323;;0;0;0;0;0;0;0;0
21;25169;147;323;;0;;;;;;;
4;25169;147;323;;1178;1188;1186.6666666666667;1182.857142857143;1180.6666666666667;1137.2857142857142;5.642405045180428;84.55775307706666
29;25169;147;323;;100;100;100;100;100;100;0;0
26;25121;59;135;;0;0;0;0;0;0;0;0
2;25121;59;135;;273;283;280.3333333333333;280.85714285714283;284.46666666666664;274.4074074074074;3.226168511610347;15.085581193481751
32;25121;59;135;;100;100;100;100;100;100;0;0
28;25121;59;135;;100;100;100;100;100;100;0;0
30;25121;59;135;;100;100;100;100;100;100;0;0
12;25121;59;135;;0;0;0;0;0;0;0;0
19;25113;181;430;;4;6;6;6;6;6;0;0
9;25113;181;430;;0;0;0;0;0;0;0;0
20;25113;181;430;;0;0;0;0;0;0;0;0
8;25113;181;430;;0;100;100;100;100;100;0;0
18;25160;152;333;;72.29;76.22;77.04;73.47857142857143;71.29533333333333;70.18481481481481;4.220532899905376;3.209872929722563
19;25160;152;333;;5;5;5;5;5;5;0;0
9;25160;152;333;;0;0;0;0;0;0;0;0
20;25160;152;333;;100;100;100;100;100;100;0;0
8;25160;152;333;;0;0;0;0;0;0;0;0
15;25160;152;333;;0;;;;;;;
24;25160;152;333;;0;0;0;0;0;0;0;0
23;25160;152;333;;1.69;3.26;5.849999999999999;2.5071428571428567;1.3086666666666666;2.0674074074074076;4.940088820154998;6.72976780876912
22;25160;152;333;;0;1.09;0.7766666666666667;0.33285714285714285;0.876;0.9825925925925927;0.5278179958420268;2.404695395498215
25;25160;152;333;;0;1.09;0.8466666666666667;0.3628571428571429;0.682;0.8748148148148148;0.5817391238031574;1.9661870796984486
16;25160;152;333;;16.1;29.35;33.81;30.68;41.396;38.43296296296297;12.658468650331626;23.521829233291143
3;25174;111;228;;3436;3354;3349;2429.4285714285716;2910.133333333333;3076.310344827586;1539.5604063816265;843.0827301593744
7;25160;152;333;;0;0;0;0;0;0;0;0
5;25160;152;333;;0;0;0;0;0;0;0;0
21;25160;152;333;;0;;;;;;;
4;25160;152;333;;783;719;651.6666666666666;623.8571428571429;577.2;577.925925925926;97.50227626856217;94.58326761659036
29;25160;152;333;;4.27;4.18;2.3699999999999997;1.8214285714285714;1.4206666666666665;23.582222222222224;1.3113507602188403;40.86370238780997
27;25160;152;333;;100;100;100;100;100;100;0;0
31;25160;152;333;;4.27;4.18;2.3699999999999997;1.8214285714285714;1.4206666666666665;23.582222222222224;1.3113507602188403;40.86370238780997
26;25160;152;333;;0;0;0;0;0;0;0;0
2;25160;152;333;;468;479;425;377.14285714285717;335.26666666666665;338.962962962963;69.78421551249163;64.36382782247799
32;25160;152;333;;100;100;100;100;100;100;0;0
28;25160;152;333;;100;100;100;100;100;100;0;0
30;25160;152;333;;100;100;100;100;100;100;0;0
15;25113;181;430;;0;;;;;;;
18;25175;111;230;;83.33;83.33;84.44333333333333;87.14285714285714;85.77733333333335;86.20827586206896;2.77778799091093;1.9043816427233018
19;25175;111;230;;2;2;2;2;2;2;0;0
9;25175;111;230;;0;0;0;0;0;0;0;0
20;25175;111;230;;3.33;3.33;3.33;3.3300000000000005;3.33;3.33;0;0
15;25175;111;230;;11;;;;;;;
18;25174;111;228;;71.56;66.12;70.12;69.97857142857143;68.27133333333333;68.62185185185184;2.2309218374694257;2.344928391921022
19;25174;111;228;;1;1;1;1;1;1;0;0
9;25174;111;228;;0;0;0;0;0;0;0;0
20;25174;111;228;;100;100;100;100;100;100;0;0
8;25174;111;228;;0;0;0;0;0;0;0;0
15;25174;111;228;;0;;;;;;;
24;25174;111;228;;0;0;0;0;0;0;0;0
23;25174;111;228;;0;6.12;2.04;1.2285714285714284;0.828;0.8623076923076923;2.0854628028427684;2.2893504414542964
22;25174;111;228;;10;4.08;6.916666666666667;4.862857142857143;2.628;3.710769230769231;5.249937997690243;5.190477170206789
25;25174;111;228;;0;0;0;0;0.392;0.8961538461538462;0;2.5245792900433877
7;25174;111;228;;0;0;0;0;0;0;0;0
5;25174;111;228;;0;0;0;0;0;0;0;0
21;25174;111;228;;0;;;;;;;
4;25174;111;228;;1561;1579;1565.3333333333333;1588.142857142857;1592.1333333333334;1549.148148148148;35.89440295178771;106.09977962894827
29;25174;111;228;;2.02;1.59;1.61;1.4214285714285713;1.4666666666666666;1.5262962962962963;0.23246680693494848;0.3184470203991512
27;25174;111;228;;100;100;100;100;100;100;0;0
31;25174;111;228;;2.02;1.59;1.61;1.4214285714285713;1.4666666666666666;1.5262962962962963;0.23246680693494848;0.3184470203991512
26;25174;111;228;;0;0;0;0;0;0;0;0
2;25174;111;228;;892;816;870.3333333333334;886.1428571428571;867.2666666666667;845.8888888888889;28.732403665690125;56.327963802829224
32;25174;111;228;;100;100;100;100;100;100;0;0
12;25160;152;333;;0;0;0;0;0;0;0;0
29;25149;174;401;;100;100;100;100;100;100;0;0
27;25149;174;401;;13.64;13.64;14.280000000000001;14.722857142857142;16.137333333333334;28.540344827586207;2.0918598306340717;21.30642132166419
3;25176;111;229;;514;517;514.6666666666666;522.1428571428571;525.6;524.4137931034483;7.278708115918284;6.054449725155474
31;25149;174;401;;100;100;100;100;100;100;0;0
26;25149;174;401;;0;0;0;0;0;0;0;0
32;25149;174;401;;13.64;13.64;14.280000000000001;13.857142857142858;13.424000000000001;26.348620689655174;0.5050520280331605;21.886229921264842
7;25140;181;434;;0;0;0;0;0;0;0;0
5;25140;181;434;;0;0;0;0;0;0;0;0
21;25140;181;434;;0;;;;;;;
4;25140;181;434;;53;54;54;54;54;53.82142857142857;0;0.38299304624155744
29;25140;181;434;;100;100;100;100;100;100;0;0
27;25140;181;434;;100;100;100;100;100;100;0;0
31;25140;181;434;;100;100;100;100;100;100;0;0
26;25140;181;434;;0;0;0;0;0;0;0;0
2;25140;181;434;;53;54;54;54;54;53.82142857142857;0;0.38299304624155744
32;25140;181;434;;100;100;100;100;100;100;0;0
28;25140;181;434;;100;100;100;100;100;100;0;0
30;25140;181;434;;100;100;100;100;100;100;0;0
12;25140;181;434;;0;0;0;0;0;0;0;0
18;25338;121;419;;100;100;100;100;100;100;0;0
19;25338;121;419;;1;1;1;1;1;1;0;0
3;25177;108;222;;19137;19140;19142.666666666668;19334.714285714286;19795.266666666666;20232.793103448275;169.11763808131926;4392.696763236172
3;25173;108;220;;123746;125932;83608.33333333333;99175.14285714286;111302.6;111717.72413793103;41788.01419897669;25898.34147252191
15;25177;108;222;;0;;;;;;;
8;25176;111;229;;0;0;0;0;0;0;0;0
15;25176;111;229;;0;;;;;;;
7;25176;111;229;;0;0;0;0;0;0;0;0
5;25176;111;229;;0;0;0;0;0;0;0;0
21;25176;111;229;;0;;;;;;;
4;25176;111;229;;379;381;382.6666666666667;381.7142857142857;381.46666666666664;381.7931034482759;1.8294640678379568;2.917004963111255
29;25176;111;229;;0;0;0;0;0;0;0;0
27;25176;111;229;;0;0;0;0;0;0;0;0
31;25176;111;229;;0;0;0;0;0;0;0;0
26;25176;111;229;;0;0;0;0;0;0;0;0
2;25176;111;229;;272;274;274.6666666666667;274;274.26666666666665;276.7931034482759;1.4142135623730951;4.397329207793322
32;25176;111;229;;0;0;0;0;0;0;0;0
28;25176;111;229;;0;0;0;0;0;0;0;0
30;25176;111;229;;0;0;0;0;0;0;0;0
12;25176;111;229;;0;0;0;0;0;0;0;0
18;25173;108;220;;76.95;77.44;77.33333333333333;77.44142857142857;77.654;78.20074074074074;0.3104572007046812;0.723432793601943
19;25173;108;220;;11;11;11;11;11;11;0;0
9;25173;108;220;;0;0;0;0;0;0;0;0
20;25173;108;220;;100;100;100;100;100;100;0;0
8;25173;108;220;;0.01;0.01;0.01;0.01;0.01;0.01;0;0
15;25173;108;220;;0;;;;;;;
24;25173;108;220;;0;0;0;0;0;0;0;0
23;25173;108;220;;1;2.39;2.2533333333333334;2.607142857142857;2.0393333333333334;2.113703703703704;0.8531071660317324;0.9747901888142416
22;25173;108;220;;5.35;3.39;6.073333333333333;4.492857142857143;3.271333333333333;3.333703703703704;1.9423234561121032;1.5988749473907238
25;25173;108;220;;1;1.2;1.2966666666666666;0.9871428571428572;0.8019999999999999;1.1259259259259258;0.8760090391854949;0.9444271603356704
7;25173;108;220;;0;0;0;0;0;0;0;0
5;25173;108;220;;0;0;0;0;0;0;0;0
21;25173;108;220;;0;;;;;;;
4;25173;108;220;;60520;60511;60463.333333333336;59975.857142857145;59491.53333333333;58910.7037037037;434.36404368798713;859.5536660390073
29;25173;108;220;;1.96;1.94;1.8466666666666667;1.8771428571428572;1.9553333333333331;23.79111111111111;0.05598833697790117;40.735595894002905
27;25173;108;220;;100;100;100;100;100;100;0;0
31;25173;108;220;;1.96;1.94;1.8466666666666667;1.8771428571428572;1.9553333333333331;23.79111111111111;0.05598833697790117;40.735595894002905
26;25173;108;220;;0;0;0;0;0;0;0;0
2;25173;108;220;;31817;32112;32096.666666666668;31776.428571428572;31632.466666666667;31741.444444444445;370.5454886834725;371.75313725875725
16;25159;152;338;;100;100;66.66666666666667;28.571428571428573;25;25;45.17539514526256;43.30127018922193
2;25159;152;338;;170;169;162.66666666666666;171;174.06666666666666;179.76923076923077;9.31971796017148;15.01616485992984
32;25159;152;338;;0;0;0;0;0;0;0;0
28;25159;152;338;;0;0;0;0;0;0;0;0
30;25159;152;338;;0;0;0;0;0;0;0;0
12;25159;152;338;;0;0;0;0;0;0;0;0
18;25148;141;304;;78.24;78.17;79.25333333333333;79.75285714285714;80.912;81.77071428571428;0.7162943187129208;1.7053066933450245
19;25148;141;304;;2;2;2;2;2;2;0;0
9;25148;141;304;;0;0;0;0;0;0;0;0
20;25148;141;304;;100;100;100;100;100;100;0;0
8;25148;141;304;;0;0;0;0;0;0;0;0
3;25181;181;434;;54;54;54;54;54;54.172413793103445;0;1.7033226255487544
15;25148;141;304;;0;;;;;;;
7;25148;141;304;;0;0;0;0;0;0;0;0
18;25138;181;437;;0;0;0;0;0;0;0;0
19;25138;181;437;;2;2;2;2;2;2.0384615384615383;0;0.19230769230769232
9;25138;181;437;;0;0;0;0;0;0;0;0
20;25138;181;437;;0;0;0;0;0;0.1423076923076923;0;0.7115384615384616
8;25138;181;437;;0;0;0;0;0;0;0;0
15;25138;181;437;;0;;;;;;;
3;25182;181;433;;53;53;53;53;53;53.241379310344826;0;2.0620574327898002
3;25180;181;436;;30;29;29;29;29.933333333333334;35.888888888888886;0;29.03424967725165
15;25182;181;433;;0;;;;;;;
18;25181;181;434;;79.63;79.25;79.50333333333333;79.57571428571428;79.728;80.2551724137931;0.13297230032251378;0.9200023264200569
19;25181;181;434;;2;2;2;2;2;2;0;0
9;25181;181;434;;0;0;0;0;0;0;0;0
20;25181;181;434;;18.52;16.98;18.623333333333335;20.414285714285715;15.329333333333333;13.19551724137931;1.8961755279121866;4.857566856662306
8;25181;181;434;;0;0;0;0;0;0;0;0
15;25181;181;434;;0;;;;;;;
7;25181;181;434;;0;0;0;0;0;0;0;0
5;25181;181;434;;0;0;0;0;0;0;0;0
21;25181;181;434;;0;;;;;;;
4;25181;181;434;;54;53;53.666666666666664;53.857142857142854;53.93333333333333;53.793103448275865;0.3499271061118826;0.4050806939472666
29;25181;181;434;;100;100;100;100;100;100;0;0
27;25181;181;434;;100;100;100;100;100;100;0;0
31;25181;181;434;;100;100;100;100;100;100;0;0
26;25181;181;434;;0;0;0;0;0;0;0;0
2;25181;181;434;;54;53;53.666666666666664;53.857142857142854;53.93333333333333;53.793103448275865;0.3499271061118826;0.4050806939472666
32;25181;181;434;;100;100;100;100;100;100;0;0
28;25181;181;434;;100;100;100;100;100;100;0;0
30;25181;181;434;;100;100;100;100;100;100;0;0
18;25180;181;436;;0;0;0;0;0;0;0;0
19;25180;181;436;;3;3;2.3333333333333335;2.142857142857143;2.066666666666667;2.037037037037037;0.3499271061118826;0.18885257457751056
9;25180;181;436;;0;0;0;0;0;0;0;0
20;25180;181;436;;3.7;3.7;1.2333333333333334;0.5285714285714286;0.24666666666666667;0.13703703703703704;1.2947302926139657;0.6987545259367891
8;25180;181;436;;0;0;0;0;0;0;0;0
15;25180;181;436;;0;;;;;;;
24;25180;181;436;;0;0;0;0;0;0;0;0
23;25180;181;436;;0;0;0;0;0;0;0;0
22;25180;181;436;;0;0;0;0;0;0;0;0
25;25180;181;436;;0;0;0;0;0;0;0;0
7;25180;181;436;;0;0;0;0;0;0;0;0
5;25180;181;436;;0;0;0;0;0;0;0;0
21;25180;181;436;;0;;;;;;;
4;25180;181;436;;27;27;27;27;27;26.962962962962962;0;0.18885257457751056
29;25180;181;436;;100;100;100;100;100;100;0;0
32;25173;108;220;;100;100;100;100;100;100;0;0
28;25173;108;220;;100;100;100;100;100;100;0;0
30;25173;108;220;;100;100;100;100;100;100;0;0
12;25173;108;220;;0;0;0;0;0;0;0;0
18;25158;174;400;;78.9;78.55;77.99;76.88285714285713;78.02066666666666;79.74178571428571;2.2624368296514423;2.7557058385044204
19;25158;174;400;;1;1;1;1;1;1;0;0
9;25158;174;400;;0;0;0;0;0;0;0;0
20;25158;174;400;;100;100;100;100;100;100;0;0
8;25158;174;400;;0;0;0;0;0;0;0;0
15;25158;174;400;;0;;;;;;;
24;25158;174;400;;0;0;0;0;0;0;0;0
23;25158;174;400;;0;0;0;0;0;0.10214285714285713;0;0.5307498546050345
22;25158;174;400;;0;10.53;5.173333333333333;2.217142857142857;1.3766666666666665;1.2464285714285714;3.6502865417299355;2.3405710754394264
25;25158;174;400;;0;0;0;0;0.10400000000000001;0.25785714285714284;0;0.7715862934003334
16;25158;174;400;;83.33;94.74;72.11666666666666;52.22714285714286;43.97533333333333;46.519642857142856;33.41833445207915;29.680170807429043
7;25158;174;400;;0;0;0;0;0;0;0;0
5;25158;174;400;;0;0;0;0;0;0;0;0
21;25158;174;400;;0;;;;;;;
5;25147;181;438;;0;0;0;0;0;0;0;0
21;25147;181;438;;0;;;;;;;
4;25147;181;438;;30;30;30;30;30;30;0;0
29;25147;181;438;;100;100;100;100;100;100;0;0
27;25147;181;438;;100;100;100;100;100;100;0;0
3;25179;181;437;;34;27;27;27;27.066666666666666;29.59259259259259;0;12.635221961612087
31;25147;181;438;;100;100;100;100;100;100;0;0
26;25147;181;438;;0;0;0;0;0;0;0;0
2;25147;181;438;;30;30;30;30;30;30;0;0
32;25147;181;438;;100;100;100;100;100;100;0;0
3;25185;181;432;;65;65;65;65.14285714285714;65.06666666666666;70.03703703703704;0.3499271061118826;25.48853261615023
18;25184;181;438;;0;0;0;0;0;0;0;0
19;25184;181;438;;2;2;2;2;2;2;0;0
9;25184;181;438;;0;0;0;0;0;0;0;0
20;25184;181;438;;0;0;0;0;0;0;0;0
8;25184;181;438;;0;0;0;0;0;0;0;0
15;25184;181;438;;0;;;;;;;
24;25184;181;438;;0;0;0;0;0;0;0;0
23;25184;181;438;;0;0;0;0;0;0;0;0
27;25180;181;436;;100;100;100;100;100;100;0;0
31;25180;181;436;;100;100;100;100;100;100;0;0
26;25180;181;436;;0;0;0;0;0;0;0;0
2;25180;181;436;;27;27;27;27;27;26.962962962962962;0;0.18885257457751056
32;25180;181;436;;100;100;100;100;100;100;0;0
28;25180;181;436;;100;100;100;100;100;100;0;0
30;25180;181;436;;100;100;100;100;100;100;0;0
12;25180;181;436;;0;0;0;0;0;0;0;0
18;25179;181;437;;0;0;0;0;0;0;0;0
19;25179;181;437;;2;2;2;2;2;2.037037037037037;0;0.18885257457751056
9;25179;181;437;;0;0;0;0;0;0;0;0
20;25179;181;437;;0;0;0;0;0;0.13703703703703704;0;0.6987545259367891
8;25179;181;437;;0;0;0;0;0;0;0;0
15;25179;181;437;;0;;;;;;;
24;25179;181;437;;0;0;0;0;0;0;0;0
23;25179;181;437;;0;0;0;0.265;0.265;0.265;0.4589934640057525;0.4589934640057525
22;25179;181;437;;0;0;0;0;0;0;0;0
25;25179;181;437;;0;0;0;0;0;0;0;0
7;25179;181;437;;0;0;0;0;0;0;0;0
5;25179;181;437;;0;0;0;0;0;0;0;0
21;25179;181;437;;0;;;;;;;
4;25179;181;437;;27;27;27;27;27;27;0;0
29;25179;181;437;;100;100;100;100;100;100;0;0
27;25179;181;437;;100;100;100;100;100;100;0;0
31;25179;181;437;;100;100;100;100;100;100;0;0
26;25179;181;437;;0;0;0;0;0;0;0;0
16;25157;164;372;;0;0;0;0;11.666666666666666;11.666666666666666;0;27.182510717166817
21;25157;164;372;;0;;;;;;;
4;25157;164;372;;8;8;8;7.857142857142857;10.066666666666666;22;0.3499271061118826;15.269376089213539
3;25184;181;438;;38;30;30;30.571428571428573;31.266666666666666;51.392857142857146;0.9035079029052513;86.88964235730052
29;25157;164;372;;0;0;0;0;0;0;0;0
27;25157;164;372;;0;0;0;0;0;0;0;0
31;25157;164;372;;0;0;0;0;0;0;0;0
26;25157;164;372;;0;0;0;0;0;0;0;0
2;25157;164;372;;7;7;7;7;8.2;15.076923076923077;0;8.861858968562872
32;25157;164;372;;0;0;0;0;0;0;0;0
28;25157;164;372;;0;0;0;0;0;0;0;0
30;25157;164;372;;0;0;0;0;0;0;0;0
12;25157;164;372;;0;0;0;0;0;0;0;0
28;25147;181;438;;100;100;100;100;100;100;0;0
30;25147;181;438;;100;100;100;100;100;100;0;0
12;25147;181;438;;0;0;0;0;0;0;0;0
7;25138;181;437;;0;0;0;0;0;0;0;0
5;25138;181;437;;0;0;0;0;0;0;0;0
21;25138;181;437;;0;;;;;;;
30;25138;181;437;;100;100;100;100;100;100;0;0
12;25138;181;437;;0;0;0;0;0;0;0;0
9;25338;121;419;;0;0;0;0;0;0;0;0
20;25338;121;419;;0;0;0;0;0;0;0;0
3;25183;181;435;;531;531;531;531;531;529.8518518518518;0;5.854429811902827
3;25178;181;430;;417;63;193.33333333333334;556;700.6666666666666;763.1379310344828;335.3369307768787;203.2439886099075
18;25183;181;435;;0;0;0;0;0;0;0;0
19;25183;181;435;;2;2;2;2;2;2;0;0
9;25183;181;435;;0;0;0;0;0;0;0;0
20;25183;181;435;;0;0;0;0;0;0;0;0
8;25183;181;435;;0;0;0;0;0;0;0;0
15;25183;181;435;;0;;;;;;;
24;25183;181;435;;0;0;0;0;0;0;0;0
23;25183;181;435;;0;0;0;0;0;0;0;0
22;25183;181;435;;0;0;0;0;0;0;0;0
25;25183;181;435;;0;0;0;0;0;0;0;0
7;25183;181;435;;0;0;0;0;0;0;0;0
5;25183;181;435;;0;0;0;0;0;0;0;0
21;25183;181;435;;0;;;;;;;
4;25183;181;435;;31;31;31;30.857142857142858;30.933333333333334;30.962962962962962;0.3499271061118826;0.18885257457751056
29;25183;181;435;;100;100;100;100;100;100;0;0
18;25178;181;430;;100;50;48.553333333333335;77.95142857142856;89.71066666666667;94.67793103448275;25.468303229460638;15.671200992488352
19;25178;181;430;;6;4;4;5.142857142857143;5.6;5.793103448275862;0.989743318610787;0.6090869562984722
9;25178;181;430;;0;0;0;0;0;0;0;0
20;25178;181;430;;0;0;0;0;0;0;0;0
8;25178;181;430;;100;0;0;57.142857142857146;80;89.65517241379311;49.48716593053935;30.45434781492361
15;25178;181;430;;0;;;;;;;
24;25178;181;430;;0;0;0;0;0;0;0;0
23;25178;181;430;;0;0;0;0;0;0;0;0
22;25178;181;430;;0;0;0;0;0;0;0;0
25;25178;181;430;;0;0;0;0;0;0;0;0
7;25178;181;430;;0;0;0;0;0;0;0;0
5;25178;181;430;;0;0;0;0;0;0;0;0
21;25178;181;430;;0;;;;;;;
4;25178;181;430;;38;46;46;41.42857142857143;39.6;38.827586206896555;3.958973274443148;2.436347825193889
29;25178;181;430;;100;100;100;100;100;100;0;0
27;25178;181;430;;54.71;22.59;22.453333333333333;39.43571428571429;46.60933333333333;48.957931034482755;14.707910269300527;9.142324604150607
31;25178;181;430;;100;100;100;100;100;100;0;0
26;25178;181;430;;0;0;0;0;0;0;0;0
2;25178;181;430;;223;239;239;230.57142857142858;227.6;226.86206896551724;7.306692487168241;4.746862033771105
16;25156;152;334;;0;0;1.5999999999999999;0.8285714285714285;0.8433333333333334;0.5979310344827586;1.1126856643972285;0.9607374298094463
7;25156;152;334;;0;0;0;0;0;0;0;0
5;25156;152;334;;0;0;0;0;0;0;0;0
4;25156;152;334;;46;182;179.66666666666666;177.85714285714286;184.26666666666668;192.86206896551724;15.49588490469621;18.707778463241606
29;25156;152;334;;100;100;100;100;100;100;0;0
27;25156;152;334;;100;100;100;100;100;100;0;0
31;25156;152;334;;100;100;100;100;100;100;0;0
26;25156;152;334;;0;0;0;0;0;0;0;0
2;25156;152;334;;46;182;179.66666666666666;177.85714285714286;184.26666666666668;192.86206896551724;15.49588490469621;18.707778463241606
32;25156;152;334;;100;100;100;100;100;100;0;0
28;25156;152;334;;0;0;0;0;0;0;0;0
30;25156;152;334;;100;100;100;100;100;100;0;0
12;25156;152;334;;0;0;0;0;0;0;0;0
30;25146;59;147;;20;20;21.666666666666668;20.714285714285715;23;21.896551724137932;1.749635530559413;4.809077821028053
12;25146;59;147;;0;0;0;0;0;0;0;0
3;25186;181;431;;37;36;36;36;35.46666666666667;36;0;5.94418483337567
18;25145;181;432;;85.71;80.95;80.95;80.27;81.902;82.41461538461537;3.0410524493997135;2.883098267715091
19;25145;181;432;;2;2;2;2;2;2;0;0
9;25145;181;432;;0;0;0;0;0;0;0;0
20;25145;181;432;;0;0;0;0;0;0;0;0
8;25145;181;432;;0;0;0;0;0;0;0;0
15;25145;181;432;;0;;;;;;;
7;25145;181;432;;0;0;0;0;0;0;0;0
3;25187;158;351;;74;74;74;74;74;74;0;0
3;25191;59;116;;147;147;146.33333333333334;146.14285714285714;145.93333333333334;144.3448275862069;0.3499271061118826;6.407301126753305
15;25191;59;116;;4;;;;;;;
18;25187;158;351;;100;100;100;100;100;100;0;0
19;25187;158;351;;2;2;2;2;2;2;0;0
9;25187;158;351;;0;0;0;0;0;0;0;0
20;25187;158;351;;100;100;100;100;100;100;0;0
8;25187;158;351;;0;0;0;0;0;0;0;0
15;25187;158;351;;0;;;;;;;
7;25187;158;351;;0;0;0;0;0;0;0;0
5;25187;158;351;;0;0;0;0;0;0;0;0
21;25187;158;351;;0;;;;;;;
4;25187;158;351;;68;68;68;68;68;68;0;0
18;25186;181;431;;97.22;97.14;97.14;96.76571428571428;96.95466666666667;97.00148148148148;0.9498700233318722;0.5048190266393147
19;25186;181;431;;2;2;2;2;2;2;0;0
9;25186;181;431;;0;0;0;0;0;0;0;0
20;25186;181;431;;0;0;0;0;0;0;0;0
8;25186;181;431;;0;0;0;0;0;0;0;0
15;25186;181;431;;0;;;;;;;
24;25186;181;431;;0;0;0;0;0;0;0;0
23;25186;181;431;;0;0;0;0;0;0;0;0
22;25186;181;431;;0;0;1.01;1.01;1.01;1.01;1.428355697996826;1.428355697996826
25;25186;181;431;;0;0;1.01;1.01;1.01;1.01;1.428355697996826;1.428355697996826
7;25186;181;431;;0;0;0;0;0;0;0;0
5;25186;181;431;;0;0;0;0;0;0;0;0
21;25186;181;431;;0;;;;;;;
4;25186;181;431;;36;35;35;35.285714285714285;35;34.55555555555556;0.45175395145262565;0.6849348892187752
29;25186;181;431;;49.3;49.28;49.28;49.285714285714285;49.278;49.26555555555556;0.009035079029050715;0.01832491389163375
27;25186;181;431;;49.3;49.28;49.28;49.285714285714285;49.278;49.26555555555556;0.009035079029050715;0.01832491389163375
31;25186;181;431;;49.3;49.28;49.28;49.285714285714285;49.278;49.26555555555556;0.009035079029050715;0.01832491389163375
26;25186;181;431;;0;0;0;0;0;0;0;0
2;25186;181;431;;71;69;69;69.57142857142857;69;68.11111111111111;0.9035079029052513;1.3698697784375504
32;25178;181;430;;52.91;20.5;20.36;37.26571428571429;44.412;46.75413793103448;14.641528859614995;9.108147363474536
28;25178;181;430;;100;100;100;100;100;100;0;0
30;25178;181;430;;100;100;100;100;100;100;0;0
12;25178;181;430;;0;0;0;0;0;0;0;0
18;25154;179;424;;82.14;82.14;82.14;82.64999999999999;82.60866666666668;82.2878947368421;2.280789337049785;2.010272510846983
19;25154;179;424;;2;2;2;2;2;2.6315789473684212;0;1.2230473724865527
9;25154;179;424;;0;0;0;0;0;0;0;0
20;25154;179;424;;0;0;0;0;0;0;0;0
8;25154;179;424;;0;0;0;0;0;0;0;0
15;25154;179;424;;1;;;;;;;
24;25154;179;424;;0;0;0;0;0;0;0;0
23;25154;179;424;;0;0;0;0;0;0.06947368421052631;0;0.2046427872174116
22;25154;179;424;;0;0;0;0;0;0.01;0;0.042426406871192854
25;25154;179;424;;0;0;0;0;0;0.01;0;0.042426406871192854
16;25154;179;424;;0;0;11.31;16.208571428571428;25.582666666666668;27.87842105263158;13.582230438093347;13.974288895629149
7;25154;179;424;;0;0;0;0;0;0;0;0
5;25154;179;424;;0;0;0;0;0;0;0;0
21;25154;179;424;;0;;;;;;;
4;25154;179;424;;28;28;28;28;27.6;73.84210526315789;0;90.71079733671513
3;25188;158;350;;608;608;608;608;608;566.0689655172414;0;154.06445830470747
29;25154;179;424;;100;100;100;100;100;100;0;0
27;25154;179;424;;100;100;100;100;100;100;0;0
31;25154;179;424;;100;100;100;100;100;100;0;0
26;25154;179;424;;0;0;0;0;0;0;0;0
3;25190;59;134;;644;644;644.3333333333334;644.8571428571429;646.8;647.5172413793103;0.6388765649999399;2.027750403860573
3;25193;158;348;;133;133;133;133;133;133;0;0
15;25193;158;348;;0;;;;;;;
27;25191;59;116;;56.78;57.89;58.25;58.23428571428571;60.368;56.37275862068965;0.5605573028655657;4.911335162628088
31;25191;59;116;;100;100;100;100;100;100;0;0
26;25191;59;116;;0;0;0;0;0;0;0;0
2;25191;59;116;;118;114;115;113.57142857142857;114.4;117.37931034482759;2.3211538298959886;5.287681149442433
32;25191;59;116;;56.78;57.89;58.25;58.23428571428571;60.368;56.37275862068965;0.5605573028655657;4.911335162628088
28;25191;59;116;;100;100;100;100;100;100;0;0
30;25191;59;116;;100;100;100;100;100;100;0;0
12;25191;59;116;;0;0;0;0;0;0;0;0
18;25190;59;134;;72.99;72.99;72.68666666666667;72.87857142857142;73.23733333333332;74.07896551724137;0.35790775233804606;0.9701238627906068
19;25190;59;134;;1;1;1;1;1;1;0;0
9;25190;59;134;;0;0;0;0;0;0;0;0
20;25190;59;134;;0;0;0;0;0;0;0;0
8;25190;59;134;;0;0;0;0;0;0;0;0
15;25190;59;134;;0;;;;;;;
7;25190;59;134;;0;0;0;0;0;0;0;0
5;25190;59;134;;0;0;0;0;0;0;0;0
21;25190;59;134;;0;;;;;;;
4;25190;59;134;;374;374;374.6666666666667;373.42857142857144;374.6666666666667;375.0344827586207;2.1285234893930487;1.5421158465515792
18;25188;158;350;;14.07;14.4;14.4;14.235714285714286;14.588666666666667;14.61962962962963;0.1527703358319412;0.7758841144926766
19;25188;158;350;;10;10;10;10;10;9.925925925925926;0;0.261891400439462
9;25188;158;350;;0;0;0;0;0;0;0;0
20;25188;158;350;;0;0;0;0;0;0;0;0
8;25188;158;350;;39.24;39.24;39.24;39.24;39.25066666666667;39.299629629629635;0;0.3741606060531827
15;25188;158;350;;0;;;;;;;
7;25188;158;350;;0;0;0;0;0;0;0;0
5;25188;158;350;;0;0;0;0;0;0;0;0
21;25188;158;350;;0;;;;;;;
4;25188;158;350;;604;604;604;604;603.6666666666666;574.1111111111111;0;85.81216927139022
29;25188;158;350;;100;100;100;100;100;100;0;0
27;25188;158;350;;100;100;100;100;100;100;0;0
31;25188;158;350;;100;100;100;100;100;100;0;0
26;25188;158;350;;0;0;0;0;0;0;0;0
2;25188;158;350;;604;604;604;604;603.6666666666666;574.1111111111111;0;85.81216927139022
32;25188;158;350;;100;100;100;100;100;100;0;0
28;25188;158;350;;100;100;100;100;100;100;0;0
30;25188;158;350;;100;100;100;100;100;100;0;0
12;25188;158;350;;0;0;0;0;0;0;0;0
2;25154;179;424;;28;28;28;28;27.6;73.84210526315789;0;90.71079733671513
32;25154;179;424;;100;100;100;100;100;100;0;0
28;25154;179;424;;100;100;100;100;100;100;0;0
5;25145;181;432;;0;0;0;0;0;0;0;0
21;25145;181;432;;0;;;;;;;
4;25145;181;432;;21;21;21;21;21;21;0;0
29;25145;181;432;;100;100;100;100;100;100;0;0
27;25145;181;432;;100;100;100;100;100;100;0;0
31;25145;181;432;;100;100;100;100;100;100;0;0
26;25145;181;432;;0;0;0;0;0;0;0;0
2;25145;181;432;;84;83;80.66666666666667;79.57142857142857;82.2;83.65384615384616;2.969229955832361;3.58353400658224
32;25145;181;432;;100;100;100;100;100;100;0;0
28;25145;181;432;;100;100;100;100;100;100;0;0
30;25145;181;432;;100;100;100;100;100;100;0;0
12;25145;181;432;;0;0;0;0;0;0;0;0
3;25195;158;347;;1823;1823;1823.3333333333333;1819;1813.2666666666667;1800.7586206896551;6.969320524371696;16.591761920144116
35;25120;179;414;;7;7;7;6.714285714285714;6.2;4.333333333333333;0.45175395145262565;2.309401076758503
36;25120;179;414;;12;12;12;12.714285714285714;12.8;9.925925925925926;0.6998542122237652;3.5478311155046067
21;25120;179;414;;0;;;;;;;
11;25120;179;414;;0;;;;;;;
6;25120;179;414;;0;;;;;;;
3;25198;181;437;;27;34;29.333333333333332;28;27.533333333333335;29.75;2.449489742783178;12.434471095650649
18;25199;181;436;;0;0;0;0;0;0;0;0
19;25199;181;436;;3;3;2.6666666666666665;2.2857142857142856;2.1333333333333333;2.0714285714285716;0.45175395145262565;0.25753937681885636
9;25199;181;436;;0;0;0;0;0;0;0;0
20;25199;181;436;;3.7;3.7;2.466666666666667;1.0571428571428572;0.49333333333333335;0.2642857142857143;1.671489620374715;0.9528956942297686
8;25199;181;436;;0;0;0;0;0;0;0;0
15;25199;181;436;;0;;;;;;;
7;25199;181;436;;0;0;0;0;0;0;0;0
3;25199;181;436;;29;30;29.333333333333332;29.142857142857142;30;35.67857142857143;0.3499271061118826;28.532004049874253
5;25199;181;436;;0;0;0;0;0;0;0;0
21;25199;181;436;;0;;;;;;;
4;25199;181;436;;27;27;27;27;27;26.964285714285715;0;0.18557687223952257
29;25199;181;436;;100;100;100;100;100;100;0;0
15;25198;181;437;;0;;;;;;;
18;25195;158;347;;28.85;28.96;28.94333333333333;29.08857142857143;29.491333333333333;30.003103448275862;0.20314868386258908;0.7440851983488865
19;25195;158;347;;8;8;8;8;8;8;0;0
9;25195;158;347;;0;0;0;0;0;0;0;0
20;25195;158;347;;9.05;8.89;8.263333333333334;8.168571428571429;8.028666666666668;7.5200000000000005;0.3214444440525376;0.6345022485762174
8;25195;158;347;;47.17;47.01;46.38999999999999;46.388571428571424;46.378;46.170344827586206;0.3694176332487424;0.4587725960506343
15;25195;158;347;;0;;;;;;;
7;25195;158;347;;0;0;0;0;0;0;0;0
5;25195;158;347;;0;0;0;0;0;0;0;0
21;25195;158;347;;0;;;;;;;
4;25195;158;347;;1823;1823;1823;1818.5714285714287;1812.3333333333333;1799.3103448275863;7.007284839103269;16.793068044995607
29;25195;158;347;;100;100;100;100;100;100;0;0
27;25195;158;347;;100;100;100;100;100;100;0;0
31;25195;158;347;;100;100;100;100;100;100;0;0
26;25195;158;347;;0;0;0;0;0;0;0;0
2;25195;158;347;;1823;1823;1823;1818.5714285714287;1812.3333333333333;1799.3103448275863;7.007284839103269;16.793068044995607
32;25195;158;347;;100;100;100;100;100;100;0;0
28;25195;158;347;;100;100;100;100;100;100;0;0
30;25195;158;347;;100;100;100;100;100;100;0;0
27;25193;158;348;;100;100;100;100;100;100;0;0
31;25193;158;348;;100;100;100;100;100;100;0;0
26;25193;158;348;;0;0;0;0;0;0;0;0
2;25193;158;348;;131;131;131;131;131;131;0;0
32;25193;158;348;;100;100;100;100;100;100;0;0
28;25193;158;348;;100;100;100;100;100;100;0;0
30;25193;158;348;;100;100;100;100;100;100;0;0
12;25193;158;348;;0;0;0;0;0;0;0;0
27;25199;181;436;;100;100;100;100;100;100;0;0
31;25199;181;436;;100;100;100;100;100;100;0;0
26;25199;181;436;;0;0;0;0;0;0;0;0
2;25199;181;436;;27;27;27;27;27;26.964285714285715;0;0.18557687223952257
32;25199;181;436;;100;100;100;100;100;100;0;0
28;25199;181;436;;100;100;100;100;100;100;0;0
30;25199;181;436;;100;100;100;100;100;100;0;0
12;25199;181;436;;0;0;0;0;0;0;0;0
18;25198;181;437;;0;0;0;0;0;0;0;0
19;25198;181;437;;2;2;2;2;2;2.0357142857142856;0;0.18557687223952257
9;25198;181;437;;0;0;0;0;0;0;0;0
20;25198;181;437;;0;0;0;0;0;0.13214285714285715;0;0.6866344272862336
8;25198;181;437;;0;0;0;0;0;0;0;0
13;25198;181;437;"{""proxy_name"": ""ZYTE_PROXY_MODE"", ""spider_name"": ""pdp_drogariavenancio_com_br""}";0;0;0;0;0;0;0;0
13;25198;181;437;"{""proxy_name"": ""ZYTE_PROXY_MODE"", ""spider_name"": ""plp_drogariavenancio_com_br""}";0;0;0;0;0;0;0;0
3;25200;181;433;;53;53;53;53;53;52.86206896551724;0;0.3448275862068966
7;25198;181;437;;0;0;0;0;0;0;0;0
5;25198;181;437;;0;0;0;0;0;0;0;0
21;25198;181;437;;0;;;;;;;
14;25198;181;437;;0;0;0;0;0;0;0;0
10;25198;181;437;;1;1;1;1;1;1;0;0
11;25198;181;437;"{""percentile"": ""p50"", ""proxy_name"": ""ZYTE_PROXY_MODE"", ""spider_name"": ""pdp_drogariavenancio_com_br""}";2.538748502731323;2.609734296798706;2.8549994627634683;2.860051529748099;2.7740710099538166;2.7332602248472324;0.1670067562427942;0.2254576770171383
11;25198;181;437;"{""percentile"": ""p50"", ""proxy_name"": ""ZYTE_PROXY_MODE"", ""spider_name"": ""plp_drogariavenancio_com_br""}";2.502155542373657;2.270618438720703;2.6878445148468018;2.7768784931727817;2.736787478129069;2.736787478129069;0.3098710350474816;0.27409251385129224
6;25198;181;437;"{""percentile"": ""p95"", ""proxy_name"": ""ZYTE_PROXY_MODE"", ""spider_name"": ""pdp_drogariavenancio_com_br""}";3.53300142288208;4.122308254241943;3.9868177572886148;6.58548617362976;5.242453829447428;4.9764370497535255;3.8392046701517843;2.8706946362846057
3;25201;181;434;;54;54;54;54;54;53.86206896551724;0;0.3448275862068966
3;25202;181;438;;31;38;32.666666666666664;31.428571428571427;31.666666666666668;50.93103448275862;2.770102775666474;85.41336850645513
15;25202;181;438;;0;;;;;;;
18;25201;181;434;;79.63;79.63;79.50333333333333;79.57571428571428;79.60466666666666;80.26827586206896;0.13297230032251378;0.9082232330993871
19;25201;181;434;;2;2;2;2;2;2;0;0
9;25201;181;434;;0;0;0;0;0;0;0;0
20;25201;181;434;;18.52;18.52;18.623333333333335;19.885714285714283;15.946666666666665;13.508965517241379;1.8338239294113357;4.897587263011343
8;25201;181;434;;0;0;0;0;0;0;0;0
15;25201;181;434;;0;;;;;;;
7;25201;181;434;;0;0;0;0;0;0;0;0
5;25201;181;434;;0;0;0;0;0;0;0;0
21;25201;181;434;;0;;;;;;;
4;25201;181;434;;54;54;53.666666666666664;53.857142857142854;53.93333333333333;53.827586206896555;0.3499271061118826;0.37773969483114905
18;25200;181;433;;79.25;79.25;79.25;79.25;79.50066666666666;79.64689655172413;0;1.0105618220549413
19;25200;181;433;;2;2;2;2;2;2;0;0
9;25200;181;433;;0;0;0;0;0;0;0;0
20;25200;181;433;;15.09;16.98;19.493333333333336;20.482857142857142;16.47533333333333;14.336896551724138;1.8666984934118638;5.2327563142641065
8;25200;181;433;;0;0;0;0;0;0;0;0
15;25200;181;433;;0;;;;;;;
7;25200;181;433;;0;0;0;0;0;0;0;0
5;25200;181;433;;0;0;0;0;0;0;0;0
21;25200;181;433;;0;;;;;;;
4;25200;181;433;;53;53;53;53;53;52.86206896551724;0;0.3448275862068966
29;25200;181;433;;100;100;100;100;100;100;0;0
27;25200;181;433;;100;100;100;100;100;100;0;0
31;25200;181;433;;100;100;100;100;100;100;0;0
26;25200;181;433;;0;0;0;0;0;0;0;0
2;25200;181;433;;53;53;53;53;53;52.86206896551724;0;0.3448275862068966
32;25200;181;433;;100;100;100;100;100;100;0;0
28;25200;181;433;;100;100;100;100;100;100;0;0
30;25200;181;433;;100;100;100;100;100;100;0;0
12;25200;181;433;;0;0;0;0;0;0;0;0
6;25198;181;437;"{""percentile"": ""p95"", ""proxy_name"": ""ZYTE_PROXY_MODE"", ""spider_name"": ""plp_drogariavenancio_com_br""}";3.047969341278076;3.705426931381226;3.895447095235189;6.005687815802438;5.07632737159729;5.07632737159729;5.1758216988674235;3.666738034134676
4;25198;181;437;;27;27;27;27;27;27;0;0
29;25198;181;437;;100;100;100;100;100;100;0;0
27;25198;181;437;;100;100;100;100;100;100;0;0
31;25198;181;437;;100;100;100;100;100;100;0;0
26;25198;181;437;;0;0;0;0;0;0;0;0
2;25198;181;437;;27;27;27;27;27;27;0;0
32;25198;181;437;;100;100;100;100;100;100;0;0
18;25152;111;229;;71.92;71.61;71.76333333333334;71.70142857142856;71.91466666666666;72.52344827586207;0.25130678868828116;0.9487933384297932
19;25152;111;229;;1;1;1;1;1;1;0;0
9;25152;111;229;;0;0;0;0;0;0;0;0
20;25152;111;229;;0;0;0;0;0;0;0;0
8;25152;111;229;;0;0;0;0;0;0;0;0
15;25152;111;229;;0;;;;;;;
18;25143;181;430;;50;47.83;65.22;85.0942857142857;93.04400000000001;96.40206896551723;23.56800364728348;13.21964274631018
19;25143;181;430;;4;4;4.666666666666667;5.428571428571429;5.733333333333333;5.862068965517241;0.9035079029052513;0.5067909812654852
9;25143;181;430;;0;0;0;0;0;0;0;0
20;25143;181;430;;0;0;0;0;0;0;0;0
8;25143;181;430;;0;0;33.333333333333336;71.42857142857143;86.66666666666667;93.10344827586206;45.17539514526256;25.339549063274255
3;25197;181;430;;421;417;183.66666666666666;500.7142857142857;672.2666666666667;745.8965517241379;321.5092597136709;210.5373002954479
15;25143;181;430;;0;;;;;;;
24;25143;181;430;;0;0;0;0;0;0;0;0
23;25143;181;430;;0;0;0;0;0;0;0;0
22;25143;181;430;;0;0;0;0;0;0;0;0
25;25143;181;430;;0;0;0;0;0;0;0;0
16;25143;181;430;;0;0;0.6566666666666666;0.2814285714285714;0.13133333333333333;0.07576923076923077;0.6893563990404087;0.37884615384615383
7;25143;181;430;;0;0;0;0;0;0;0;0
5;25143;181;430;;0;0;0;0;0;0;0;0
21;25143;181;430;;0;;;;;;;
4;25143;181;430;;46;46;43.333333333333336;40.285714285714285;39.06666666666667;38.172413793103445;3.614031611621005;2.9251462152342755
29;25143;181;430;;100;100;100;100;100;100;0;0
27;25143;181;430;;22.59;22.18;32.333333333333336;43.89142857142857;48.67266666666667;49.882413793103446;13.61336048422539;7.6654692166581615
3;25196;59;135;;1575;1578;1577;1263.5714285714287;1982.3333333333333;2331.0344827586205;863.0159503811299;748.7510742728404
18;25196;59;135;;68.34;69;70.10333333333334;70.5;70.89533333333334;70.06666666666666;0.7487513415203809;1.5267903879999003
19;25196;59;135;;1;1;1;1;1;1;0;0
9;25196;59;135;;0;0;0;0;0;0;0;0
27;25202;181;438;;100;100;100;100;100;100;0;0
31;25202;181;438;;100;100;100;100;100;100;0;0
26;25202;181;438;;0;0;0;0;0;0;0;0
20;25196;59;135;;100;100;100;100;100;100;0;0
8;25196;59;135;;0;0;0;0;0;0;0;0
15;25196;59;135;;0;;;;;;;
24;25196;59;135;;0;0;0;0;0;0;0;0
23;25196;59;135;;16.67;0;0;0;0;0.17375;0;0.833275727175585
22;25196;59;135;;0;0;0;0;0;0;0;0
25;25196;59;135;;0;0;0;0;0;0;0;0
7;25196;59;135;;0;0;0;0;0;0;0;0
5;25196;59;135;;0;0;0;0;0;0;0;0
21;25196;59;135;;0;;;;;;;
4;25196;59;135;;597;600;601;597.5714285714286;590.5333333333333;580.6666666666666;4.304719763805532;18.58912465813158
29;25196;59;135;;3.42;4.76;3.1199999999999997;2.77;2.9873333333333334;3.663333333333333;0.8462522420312144;1.0604017407812247
27;25196;59;135;;100;100;100;100;100;100;0;0
31;25196;59;135;;3.42;4.76;3.1199999999999997;2.77;2.9873333333333334;3.663333333333333;0.8462522420312144;1.0604017407812247
26;25196;59;135;;0;0;0;0;0;0;0;0
2;25196;59;135;;263;273;279.3333333333333;279.57142857142856;283.06666666666666;275.5925925925926;4.16986271980755;13.598091530742968
32;25196;59;135;;100;100;100;100;100;100;0;0
28;25196;59;135;;100;100;100;100;100;100;0;0
30;25196;59;135;;100;100;100;100;100;100;0;0
28;25198;181;437;;100;100;100;100;100;100;0;0
30;25198;181;437;;100;100;100;100;100;100;0;0
12;25198;181;437;;0;0;0;0;0;0;0;0
13;25188;158;350;"{""proxy_name"": ""ZYTE_PROXY_MODE"", ""spider_name"": ""pdp_crescentelectric_com""}";0;0.82;0.2733333333333333;0.11714285714285713;0.05466666666666666;0.05125;0.2869402270117437;0.1984903964931301
3;25205;181;431;;37;37;36.333333333333336;36.142857142857146;35.666666666666664;36.035714285714285;0.3499271061118826;5.840022889247847
13;25188;158;350;"{""proxy_name"": ""ZYTE_PROXY_MODE"", ""spider_name"": ""plp_crescentelectric_com""}";0;0;0;0;0;0;0;0
35;25188;158;350;;1;1;1;1;1;1;0;0
36;25188;158;350;;1;1;1;1;1;1;0;0
14;25188;158;350;;0;0;0.002140181915462814;0.0009172208209126347;0.00042803638309256285;0.10641730304651653;0.0014502534557066632;0.3002428026445228
10;25188;158;350;;1;1;0.9978598180845372;0.9990827791790873;0.9995719636169074;0.8885321919029784;0.0014502534557066524;0.31414516383960855
11;25188;158;350;"{""percentile"": ""p50"", ""proxy_name"": ""ZYTE_PROXY_MODE"", ""spider_name"": ""pdp_crescentelectric_com""}";1.41138768196106;1.307449102401733;1.3479403654734294;1.5199354716709685;1.5689157009124757;1.574693888425827;0.4719315055331747;0.34678214164550486
11;25188;158;350;"{""percentile"": ""p50"", ""proxy_name"": ""ZYTE_PROXY_MODE"", ""spider_name"": ""plp_crescentelectric_com""}";4.325414180755615;2.862019300460815;3.1323885917663574;4.258902617863247;7.171965344746908;16.44698280758328;3.0228241079862883;26.446345909193322
6;25188;158;350;"{""percentile"": ""p95"", ""proxy_name"": ""ZYTE_PROXY_MODE"", ""spider_name"": ""pdp_crescentelectric_com""}";2.438313245773315;1.844500064849854;2.0849626859029136;4.265388386590141;6.179360977808634;6.1121263056993484;5.436636681678635;5.8765450321570425
6;25188;158;350;"{""percentile"": ""p95"", ""proxy_name"": ""ZYTE_PROXY_MODE"", ""spider_name"": ""plp_crescentelectric_com""}";7.204172372817993;3.331107378005981;3.4853880405426025;5.492943899972097;11.344203217824303;20.218607664108276;5.218729212117435;25.9065776598374
34;25188;158;350;;1;1;1;1;1;1;0;0
6;25185;181;432;"{""percentile"": ""p95"", ""proxy_name"": ""ZYTE_PROXY_MODE"", ""spider_name"": ""pdp_belezanaweb_com_br""}";1.529998064041138;1.576825141906738;1.5995107491811116;5.825113024030414;3.7427904129028327;3.5994563400745396;4.9292116925575264;3.816899793654402
6;25185;181;432;"{""percentile"": ""p95"", ""proxy_name"": ""ZYTE_PROXY_MODE"", ""spider_name"": ""plp_belezanaweb_com_br""}";1.933381795883179;1.842429876327515;1.8201125462849939;4.590896912983486;3.3986773173014324;3.3050951063632965;4.432813716499427;3.1966749406827564
3;25203;181;435;;531;531;531;531;531;529.8928571428571;0;5.7528830394252
3;25204;181;432;;65;65;65;65.14285714285714;65.06666666666666;69.85714285714286;0.3499271061118826;25.046691092714774
15;25205;181;431;;0;;;;;;;
18;25204;181;432;;80.95;76.19;80.95;80.27;81.58466666666666;82.30999999999999;3.965047288494803;3.0788309469667188
19;25204;181;432;;2;2;2;2;2;2;0;0
9;25204;181;432;;0;0;0;0;0;0;0;0
20;25204;181;432;;0;0;0;0;0;0;0;0
8;25204;181;432;;0;0;0;0;0;0;0;0
15;25204;181;432;;0;;;;;;;
7;25204;181;432;;0;0;0;0;0;0;0;0
5;25204;181;432;;0;0;0;0;0;0;0;0
21;25204;181;432;;0;;;;;;;
4;25204;181;432;;21;21;21;21;21;21;0;0
29;25204;181;432;;100;100;100;100;100;100;0;0
27;25204;181;432;;100;100;100;100;100;100;0;0
31;25204;181;432;;100;100;100;100;100;100;0;0
26;25204;181;432;;0;0;0;0;0;0;0;0
2;25204;181;432;;81;80;82.33333333333333;79.85714285714286;81.8;83.53571428571429;3.270149469217028;3.5201678415457778
18;25203;181;435;;0;0;0;0;0;0;0;0
19;25203;181;435;;2;2;2;2;2;2;0;0
9;25203;181;435;;0;0;0;0;0;0;0;0
20;25203;181;435;;0;0;0;0;0;0;0;0
8;25203;181;435;;0;0;0;0;0;0;0;0
15;25203;181;435;;0;;;;;;;
24;25203;181;435;;0;0;0;0;0;0;0;0
23;25203;181;435;;0;0;0;0;0;0;0;0
22;25203;181;435;;0;0;0;0;0;0;0;0
25;25203;181;435;;0;0;0;0;0;0;0;0
7;25203;181;435;;0;0;0;0;0;0;0;0
5;25203;181;435;;0;0;0;0;0;0;0;0
21;25203;181;435;;0;;;;;;;
4;25203;181;435;;31;31;31;30.857142857142858;30.933333333333334;30.964285714285715;0.3499271061118826;0.18557687223952257
29;25203;181;435;;100;100;100;100;100;100;0;0
27;25203;181;435;;100;100;100;100;100;100;0;0
31;25203;181;435;;100;100;100;100;100;100;0;0
26;25203;181;435;;0;0;0;0;0;0;0;0
18;25197;181;430;;100;100;65.94333333333333;77.95142857142856;89.71066666666667;94.67793103448275;25.468303229460638;15.671200992488352
19;25197;181;430;;6;6;4.666666666666667;5.142857142857143;5.6;5.793103448275862;0.989743318610787;0.6090869562984722
9;25197;181;430;;0;0;0;0;0;0;0;0
20;25197;181;430;;0;0;0;0;0;0;0;0
8;25197;181;430;;100;100;33.333333333333336;57.142857142857146;80;89.65517241379311;49.48716593053935;30.45434781492361
15;25197;181;430;;0;;;;;;;
24;25197;181;430;;0;0;0;0;0;0;0;0
23;25197;181;430;;0;0;0;0;0;0;0;0
22;25197;181;430;;0;0;0;0;0;0;0;0
25;25197;181;430;;0;0;0;0;0;0;0;0
16;25197;181;430;;0;0;0;0.2814285714285714;0.13133333333333333;0.07576923076923077;0.6893563990404087;0.37884615384615383
13;25197;181;430;"{""proxy_name"": ""ZYTE_PROXY_MODE"", ""spider_name"": ""pdp_amazon_com_br""}";0;0;0.6566666666666666;0.6271428571428571;0.29266666666666663;0.29266666666666663;0.9988667047597247;0.7506660746001217
3;25206;108;221;;2109;2097;2095.6666666666665;2091.714285714286;2082.5333333333333;2064.5172413793102;5.256676997992599;21.536850039673656
13;25197;181;430;"{""proxy_name"": ""DEFAULT"", ""spider_name"": ""plp_amazon_com_br""}";0;0;0;0;0;0;0;0
7;25197;181;430;;0;0;0;0;0;0;0;0
35;25197;181;430;;1;8;4;3.2857142857142856;3.142857142857143;3.142857142857143;3.010186786529354;3.0904725218262765
36;25197;181;430;;1;11;5.333333333333333;4.285714285714286;4.071428571428571;4.071428571428571;4.2999762695121175;4.4153027030073115
5;25197;181;430;;0;0;0;0;0;0;0;0
21;25197;181;430;;0;;;;;;;
14;25197;181;430;;0.7012522361359571;0.6972972972972973;0.5273279349052747;0.709009592459684;0.7706836882160739;0.7742151147099454;0.2706572287882945;0.18809622594789335
10;25197;181;430;;0.29874776386404295;0.3027027027027027;0.47267206509472537;0.29099040754031597;0.22931631178392617;0.2257848852900546;0.27065722878829457;0.18809622594789338
11;25197;181;430;"{""percentile"": ""p50"", ""proxy_name"": ""ZYTE_PROXY_MODE"", ""spider_name"": ""pdp_amazon_com_br""}";2.950699329376221;2.911974430084229;3.0164310932159424;3.0283002512795583;3.031940301259359;3.031940301259359;0.07199662837722752;0.05249329963020159
15;25194;158;346;;346;;;;;;;
24;25151;111;230;;0;0;0;0;0;0;0;0
23;25151;111;230;;0;0;0;0;0;0;0;0
22;25151;111;230;;0;0;0;0;0;0;0;0
25;25151;111;230;;0;0;0;0;0;0;0;0
16;25151;111;230;;0;0;0;0;1.1113333333333335;0.92;0;3.468314741031607
7;25151;111;230;;0;0;0;0;0;0;0;0
5;25151;111;230;;0;0;0;0;0;0;0;0
21;25151;111;230;;0;;;;;;;
29;25151;111;230;;100;100;100;100;100;100;0;0
3;25207;59;139;;42;40;42.333333333333336;43.57142857142857;45;44.48275862068966;2.381904571504724;3.4202307812351553
3;25194;158;346;;1967;2002;2002;2002;1999.1333333333334;1997.7586206896551;0;9.518240827081996
15;25207;59;139;;0;;;;;;;
18;25206;108;221;;94.57;92.92;93.78000000000002;94.30428571428571;94.66866666666667;95.74724137931035;0.6748302885669447;2.0596013952348327
19;25206;108;221;;11;11;11;11;11;11;0;0
9;25206;108;221;;0;0;0;0;0;0;0;0
20;25206;108;221;;0.39;0.39;0.38999999999999996;0.39;0.382;0.54;0;0.5836685407979784
8;25206;108;221;;0.15;0.15;0.15;0.15;0.14;0.21827586206896551;0;0.5252130534233949
15;25206;108;221;;347;;;;;;;
24;25206;108;221;;0;0;0;0;0;0;0;0
23;25206;108;221;;0;0;0;0;0;1.7857142857142858;0;9.278843611976129
22;25206;108;221;;0;0;0;0;0;0;0;0
25;25206;108;221;;0;0;0;0;0;0;0;0
7;25206;108;221;;0;0;0;0;0;0;0;0
5;25206;108;221;;0;0;0;0;0;0;0;0
21;25206;108;221;;0;;;;;;;
4;25206;108;221;;2046;2048;2047.3333333333333;2044;2034.8666666666666;1675.6896551724137;4.20883424647321;601.5355123777857
29;25206;108;221;;100;100;100;100;100;100;0;0
27;25206;108;221;;29.64;29.23;29.513333333333332;29.981428571428573;30.18933333333333;37.867586206896554;0.4901728141738401;21.821087026112817
31;25206;108;221;;100;100;100;100;100;100;0;0
26;25206;108;221;;0;0;0;0;0;0;0;0
2;25206;108;221;;8478;8526;8528;8446.142857142857;8357.4;6358.310344827586;81.32374204626939;3161.9261709569755
32;25206;108;221;;29.98;29.59;29.88;30.352857142857143;30.623333333333335;38.01275862068965;0.5009908549411793;21.56148176351263
28;25206;108;221;;100;100;100;100;100;100;0;0
30;25206;108;221;;100;100;100;100;100;100;0;0
12;25204;181;432;;0;0;0;0;0;0;0;0
27;25151;111;230;;35.85;34.91;34.06666666666666;33.65;33.73466666666666;33.899655172413794;0.7150024974981344;1.1864042538307618
31;25151;111;230;;100;100;100;100;100;100;0;0
26;25151;111;230;;0;0;0;0;0;0;0;0
32;25151;111;230;;32.08;31.13;31.23;31.217142857142854;31.657333333333334;32.245862068965515;0.207344729218502;1.0180627893425807
28;25151;111;230;;100;100;100;100;100;100;0;0
30;25151;111;230;;100;100;100;100;100;100;0;0
12;25151;111;230;;0;0;0;0;0;0;0;0
31;25143;181;430;;100;100;100;100;100;100;0;0
26;25143;181;430;;0;0;0;0;0;0;0;0
2;25143;181;430;;239;239;234;228.57142857142858;226.73333333333332;224.41379310344828;6.608590574983073;11.442561930940148
32;25143;181;430;;20.5;20.08;30.19333333333333;41.70285714285715;46.467333333333336;47.648275862068964;13.55433690667278;7.641611162921039
28;25143;181;430;;100;100;100;100;100;100;0;0
30;25143;181;430;;100;100;100;100;100;100;0;0
12;25143;181;430;;0;0;0;0;0;0;0;0
4;25120;179;414;;1854;1857;1859;1853.5714285714287;1896.0666666666666;2392.296296296296;5.473498303048005;635.364451541459
29;25120;179;414;;1.4;1.38;1.38;1.3571428571428572;1.294;1.0033333333333334;0.03493434074467849;0.3595985415864629
27;25120;179;414;;1.4;1.38;1.38;1.3571428571428572;1.294;1.0033333333333334;0.03493434074467849;0.3595985415864629
31;25120;179;414;;1.4;1.38;1.38;1.3571428571428572;1.294;1.0033333333333334;0.03493434074467849;0.3595985415864629
34;25120;179;414;;206;207;207.66666666666666;208.42857142857142;213.6;245.11111111111111;1.2936264483053452;38.83996923114825
26;25120;179;414;;0;0;0;0;0;0;0;0
2;25120;179;414;;1430;1446;1449.3333333333333;1464.4285714285713;1549.5333333333333;2068.4444444444443;17.990927418778476;651.8695241712178
32;25120;179;414;;1.4;1.38;1.38;1.3571428571428572;1.294;1.0033333333333334;0.03493434074467849;0.3595985415864629
11;25197;181;430;"{""percentile"": ""p50"", ""proxy_name"": ""DEFAULT"", ""spider_name"": ""plp_amazon_com_br""}";1.431802988052368;1.438131093978882;1.4857182502746582;1.4474821771894184;1.4393745422363284;1.4393745422363284;0.04598370813417461;0.03965885584554102
6;25197;181;430;"{""percentile"": ""p95"", ""proxy_name"": ""ZYTE_PROXY_MODE"", ""spider_name"": ""pdp_amazon_com_br""}";3.273611783981323;3.309606552124023;3.3905946413675943;3.372154780796596;3.57225071589152;3.57225071589152;0.07651493901665707;0.3191914443238836
6;25197;181;430;"{""percentile"": ""p95"", ""proxy_name"": ""DEFAULT"", ""spider_name"": ""plp_amazon_com_br""}";1.750214099884033;1.862223863601685;1.76283860206604;1.7370221274239677;1.7395724296569823;1.7395724296569823;0.07732876712868558;0.07338735624441774
4;25197;181;430;;38;38;43.333333333333336;41.42857142857143;39.6;38.827586206896555;3.958973274443148;2.436347825193889
29;25197;181;430;;100;100;100;100;100;100;0;0
27;25197;181;430;;52.91;54.71;33.160000000000004;39.82285714285714;46.760666666666665;49.18310344827586;15.064868037244528;9.200621457064463
31;25197;181;430;;100;100;100;100;100;100;0;0
3;25211;59;147;;25;25;25;25;25.266666666666666;25.620689655172413;0;0.48521542343000995
34;25197;181;430;;1;31;13.666666666666666;10.571428571428571;9.785714285714286;9.785714285714286;12.187313577852091;12.131297018329853
26;25197;181;430;;0;0;0;0;0;0;0;0
2;25197;181;430;;223;223;233.66666666666666;230.28571428571428;227.46666666666667;226.9655172413793;7.553888037944163;4.627375502680346
32;25197;181;430;;51.12;52.91;31.16333333333333;37.712857142857146;44.59133333333333;46.995517241379304;15.058729517920082;9.175087178466555
28;25197;181;430;;100;100;100;100;100;100;0;0
30;25197;181;430;;100;100;100;100;100;100;0;0
12;25197;181;430;;0;0;0;0;0;0;0;0
29;25194;158;346;;100;100;100;100;100;100;0;0
27;25194;158;346;;100;100;100;100;100;100;0;0
18;25189;166;378;;100;100;100;100;100;100;0;0
19;25189;166;378;;2;2;2;2;2;2;0;0
9;25189;166;378;;0;0;0;0;0;0;0;0
20;25189;166;378;;0;0;0;0;0;0;0;0
8;25189;166;378;;0;0;0;0;0;0;0;0
15;25189;166;378;;0;;;;;;;
24;25189;166;378;;0;0;0;0;0;0;0;0
23;25189;166;378;;0;0;0;0;0;0;0;0
22;25189;166;378;;0;0;0;0;0;0;0;0
21;25189;166;378;;0;;;;;;;
18;25211;59;147;;100;100;100;100;100;100;0;0
19;25211;59;147;;1;1;1;1;1;1;0;0
9;25211;59;147;;0;0;0;0;0;0;0;0
20;25211;59;147;;0;0;0;0;0;0;0;0
8;25211;59;147;;0;0;0;0;0;0;0;0
15;25211;59;147;;0;;;;;;;
7;25211;59;147;;0;0;0;0;0;0;0;0
5;25211;59;147;;0;0;0;0;0;0;0;0
16;25196;59;135;;66.67;68.75;38.31333333333333;20.83142857142857;19.941333333333333;21.282500000000002;24.48488304973466;19.595273930636097
13;25196;59;135;"{""proxy_name"": ""ZYTE_PROXY_MODE"", ""spider_name"": ""pdp_mercadolivre_com_br_sellers_variants""}";0;0;0;0.028333333333333335;0.028333333333333335;0.028333333333333335;0.06335525936249405;0.06335525936249405
13;25196;59;135;"{""proxy_name"": ""ZYTE_PROXY_MODE"", ""spider_name"": ""plp_mercadolivre_com_br_adhoc""}";0;;;;;;;
3;25212;166;381;;3553;3545;3549.3333333333335;3549.4285714285716;3552;3739.7241379310344;4.030495994190253;614.8230974365702
35;25196;59;135;;1;1;1;0.8571428571428571;0.8666666666666667;0.8518518518518519;0.3499271061118826;0.3552467795046459
36;25196;59;135;;1;4;3;2.857142857142857;2.7333333333333334;2.6666666666666665;1.355261854357877;1.4142135623730951
14;25196;59;135;;0.0844354018311292;0.2804847260792729;0.2714907539444504;0.33867361910490906;0.33867361910490906;0.33867361910490906;0.11279248925563129;0.11279248925563129
10;25196;59;135;;0.9074262461851476;0.7162332744256501;0.7240102199759226;0.657545224991457;0.657545224991457;0.657545224991457;0.11137872436543103;0.11137872436543103
11;25196;59;135;"{""percentile"": ""p50"", ""proxy_name"": ""ZYTE_PROXY_MODE"", ""spider_name"": ""pdp_mercadolivre_com_br_sellers_variants""}";1.798211336135864;1.878240585327148;2.0384682019551597;1.7525044679641724;1.7525044679641724;1.7525044679641724;0.36722640038261634;0.36722640038261634
11;25196;59;135;"{""percentile"": ""p50"", ""proxy_name"": ""ZYTE_PROXY_MODE"", ""spider_name"": ""plp_mercadolivre_com_br_adhoc""}";3.637809038162231;;;;;;;
6;25196;59;135;"{""percentile"": ""p95"", ""proxy_name"": ""ZYTE_PROXY_MODE"", ""spider_name"": ""pdp_mercadolivre_com_br_sellers_variants""}";11.67136216163635;10.50656723976135;10.5590713818868;8.66097342967987;8.66097342967987;8.66097342967987;2.7560618842578744;2.7560618842578744
6;25196;59;135;"{""percentile"": ""p95"", ""proxy_name"": ""ZYTE_PROXY_MODE"", ""spider_name"": ""plp_mercadolivre_com_br_adhoc""}";7.221018314361572;;;;;;;
34;25196;59;135;;8;38;28.333333333333332;25;23.533333333333335;21.925925925925927;16.035674514745462;15.981299084835296
12;25196;59;135;;0;0;0;0;0;0;0;0
13;25187;158;351;"{""proxy_name"": ""ZYTE_PROXY_MODE"", ""spider_name"": ""pdp_testequity_com""}";0;0;0;0;0;0;0;0
13;25187;158;351;"{""proxy_name"": ""ZYTE_PROXY_MODE"", ""spider_name"": ""plp_testequity_com""}";0;0;0;0;0;0;0;0
35;25187;158;351;;1;1;1;1;1;1;0;0
36;25187;158;351;;1;1;1;1;1;1;0;0
3;25213;181;439;;730;526;497;465.7142857142857;465.7142857142857;465.7142857142857;35.10683403439233;35.10683403439233
3;25210;166;380;;2412;548;527.3333333333334;524.4285714285714;528.7333333333333;566.0689655172414;9.997958975384396;368.64504290380813
22;25212;166;381;;0;0;0;0;0;0;0;0
25;25212;166;381;;0;0;0;0;0;0;0;0
7;25212;166;381;;0;0;0;0;0;0;0;0
5;25212;166;381;;0;0;0;0;0;0;0;0
21;25212;166;381;;0;;;;;;;
4;25212;166;381;;2860;2843;2843.3333333333335;2851.4285714285716;2825.9333333333334;2998.1111111111113;8.87785596473677;265.0147911082943
29;25212;166;381;;0;0;0;0;0;0;0;0
27;25212;166;381;;0;0;0;0;0;0;0;0
31;25212;166;381;;0;0;0;0;0;0;0;0
26;25212;166;381;;0;0;0;0;0;0;0;0
2;25212;166;381;;2261;2228;2235.6666666666665;2246.714285714286;2237.8;2375.5185185185187;11.547594501692126;208.21025170803605
32;25212;166;381;;0;0;0;0;0;0;0;0
28;25212;166;381;;0;0;0;0;0;0;0;0
30;25212;166;381;;0;0;0;0;0;0;0;0
12;25212;166;381;;0;0;0;0;0;0;0;0
18;25210;166;380;;96.98;96.71;96.72333333333331;96.95714285714284;97.20466666666667;97.72137931034483;0.24869455078838706;0.8018974228748458
19;25210;166;380;;5;5;4.666666666666667;4.285714285714286;4.266666666666667;3.3793103448275863;0.45175395145262565;1.1269058371288407
9;25210;166;380;;0;0;0;0;0;0;0;0
20;25210;166;380;;0.8;0.66;0.6866666666666666;0.6614285714285714;0.49866666666666665;0.43896551724137933;0.07935968235617799;0.2685381219657097
8;25210;166;380;;0.4;0.44;0.45999999999999996;0.43142857142857144;0.26466666666666666;0.13689655172413792;0.08288176973920162;0.18875460164796462
15;25210;166;380;;23;;;;;;;
24;25210;166;380;;0;0;0;0;0;0;0;0
23;25210;166;380;;0;0;0;0;0;0;0;0
22;25210;166;380;;0;0;0;0;0;0;0;0
25;25210;166;380;;0;0;0;0;0;0;0;0
7;25210;166;380;;0;0;0;0;0;0;0;0
5;25210;166;380;;0;0;0;0;0;0;0;0
21;25210;166;380;;0;;;;;;;
4;25210;166;380;;497;456;437.3333333333333;431.42857142857144;426.2;352.48275862068965;10.0549510598673;132.66177390061907
29;25210;166;380;;100;100;100;100;100;100;0;0
27;25210;166;380;;28.88;27.69;26.903333333333336;26.96;26.952;33.3448275862069;0.4550667141043328;19.37765200905586
31;25210;166;380;;100;100;100;100;100;100;0;0
26;25210;166;380;;0;0;0;0;0;0;0;0
2;25210;166;380;;1811;1730;1708.3333333333333;1685.5714285714287;1661.6;1355.8620689655172;27.58289916833639;590.0906840967652
13;25195;158;347;"{""spider_name"": ""pdp_digikey_com""}";33.33;0;0;0;0;0;0;0
13;25195;158;347;"{""proxy_name"": ""SCRAPE_DO"", ""spider_name"": ""pdp_digikey_com""}";0.22;0;0.05666666666666667;0.055714285714285716;0.034;0.028333333333333335;0.08909980645435815;0.062383224240709675
13;25195;158;347;"{""proxy_name"": ""ZYTE_PROXY_MODE"", ""spider_name"": ""plp_digikey_com""}";0;0;0;0;0;0;0;0
35;25195;158;347;;1;1;1;1;1;1;0;0
36;25195;158;347;;1;1;1;1;1;1;0;0
14;25195;158;347;;0.0005455537370430987;0;0.00018365472910927456;0.00047221426460951295;0.002301634822666076;0.002042645558911326;0.0003517198684218542;0.005923662160046016
10;25195;158;347;;0.9994544462629569;1;0.9998163452708907;0.9995277857353905;0.9976983651773339;0.9979573544410888;0.00035171986842185836;0.005923662160046006
11;25195;158;347;"{""percentile"": ""p50"", ""spider_name"": ""pdp_digikey_com""}";1.838453769683838;1.87419056892395;2.5576740900675454;11.76021146774292;11.76021146774292;11.76021146774292;20.332998364765896;20.332998364765896
11;25195;158;347;"{""percentile"": ""p50"", ""proxy_name"": ""SCRAPE_DO"", ""spider_name"": ""pdp_digikey_com""}";1.795860052108765;1.531472444534302;1.5469909509023034;1.5470751694270546;1.5453494389851887;1.5887614356146917;0.03757627034396898;0.19445481411597754
11;25195;158;347;"{""percentile"": ""p50"", ""proxy_name"": ""ZYTE_PROXY_MODE"", ""spider_name"": ""plp_digikey_com""}";1.988460063934326;5.898661613464355;3.488723357518514;3.3335105691637312;4.0739437739054365;4.2668189605077105;1.6610134534231722;2.8441362236703114
6;25195;158;347;"{""percentile"": ""p95"", ""spider_name"": ""pdp_digikey_com""}";2.161751508712769;2.007992267608643;2.946129401524862;11.959939082463583;11.959939082463583;11.959939082463583;20.254611218405504;20.254611218405504
6;25195;158;347;"{""percentile"": ""p95"", ""proxy_name"": ""SCRAPE_DO"", ""spider_name"": ""pdp_digikey_com""}";3.663080453872681;2.42969274520874;2.6224896907806396;2.844287940434047;3.0012523810068767;3.010787698957655;0.2513632911605681;0.44586744036130194
6;25195;158;347;"{""percentile"": ""p95"", ""proxy_name"": ""ZYTE_PROXY_MODE"", ""spider_name"": ""plp_digikey_com""}";68.77167415618896;19.0262405872345;12.635167678197226;12.117243937083654;15.141950098673503;17.4212886095047;3.2664894567628804;15.738409641863138
34;25195;158;347;;1;1;1;1;1;1;0;0
12;25195;158;347;;0;0;0;0;0;0;0;0
3;25209;166;379;;16641;16791;11122;14148.142857142857;15568.4;20126.724137931036;5782.8704051231325;5596.2068736042975
14;25187;158;351;;0;0;0.004219409282700422;0.0018083182640144665;0.0008438818565400844;0.0007032348804500703;0.004429457039390919;0.002899511691714248
10;25187;158;351;;1;1;0.9957805907172995;0.9981916817359855;0.99915611814346;0.99929676511955;0.004429457039390903;0.002899511691714238
3;25214;168;384;;2398;2383;1593.6666666666667;2501.8571428571427;2749.4666666666667;2798.103448275862;1080.304378876809;601.2097198394988
4;25214;168;384;;422;421;420.6666666666667;419.14285714285717;445;587.7931034482758;1.4568627181693672;174.69961990175275
3;25215;168;385;;178;179;178.66666666666666;177.71428571428572;178.53333333333333;183.79310344827587;0.8806305718527109;23.149259778654766
18;25214;168;384;;85.55;85.51;85.5;85.75285714285714;85.59333333333333;86.98571428571428;1.073694746267888;2.1172715403344484
19;25214;168;384;;1;1;1;1;1;1;0;0
9;25214;168;384;;0;0;0;0;0;0;0;0
20;25214;168;384;;100;100;100;100;100;100;0;0
8;25214;168;384;;0;0;0;0;0;0;0;0
15;25214;168;384;;0;;;;;;;
24;25214;168;384;;0;0;0;0;0;0;0;0
32;25210;166;380;;28.88;27.69;26.903333333333336;26.96;26.956000000000003;33.318275862068965;0.4550667141043328;19.297431322537154
28;25210;166;380;;100;100;100;100;100;100;0;0
30;25210;166;380;;100;100;100;100;100;100;0;0
12;25210;166;380;;0;0;0;0;0;0;0;0
18;25209;166;379;;87.1;87.6;87.40666666666668;86.56142857142858;86.60733333333333;87.06392857142858;0.8313058328648384;0.7003536825149467
19;25209;166;379;;7;7;7;7;7;5.035714285714286;0;2.4419275591388114
9;25209;166;379;;0;0;0;0;0;0;0;0
20;25209;166;379;;100;100;100;100;100;100;0;0
8;25209;166;379;;0;0;0;0;0;0;0;0
15;25209;166;379;;0;;;;;;;
24;25209;166;379;;0;0;0;0;0;0;0;0
23;25209;166;379;;0;0;0;0;0;0.065;0;0.3377499074759311
22;25209;166;379;;0.08;0;1.87;1.2542857142857142;0.7686666666666666;1.2349999999999999;1.8468959065946078;1.9663626681914868
25;25209;166;379;;0.03;0;0.02666666666666667;0.5485714285714286;0.39799999999999996;0.43464285714285716;0.9067119336438917;0.7639300741319622
7;25209;166;379;;0;0;0;0;0;0;0;0
5;25209;166;379;;0;0;0;0;0;0;0;0
21;25209;166;379;;0;;;;;;;
4;25209;166;379;;6604;6454;6453;6424.428571428572;6340.266666666666;6402.464285714285;50.01101919393692;212.9712391955538
29;25209;166;379;;0.64;0.55;0.5066666666666667;0.5157142857142858;0.5313333333333333;21.82821428571429;0.07168525308739646;40.823945183956106
27;25209;166;379;;100;100;100;100;100;100;0;0
31;25209;166;379;;0.64;0.55;0.5066666666666667;0.5157142857142858;0.5313333333333333;21.82821428571429;0.07168525308739646;40.823945183956106
26;25209;166;379;;0;0;0;0;0;0;0;0
2;25209;166;379;;5344;5267;5256;5180.285714285715;5140.733333333334;5238.5;78.2481661778989;203.53158758005387
32;25209;166;379;;100;100;100;100;100;100;0;0
28;25209;166;379;;100;100;100;100;100;100;0;0
18;25194;158;346;;100;100;100;100;100;100;0;0
19;25194;158;346;;20;20;20;19.714285714285715;19.8;19.82758620689655;0.45175395145262565;0.4600573815215977
9;25194;158;346;;0;0;0;0;0;0;0;0
20;25194;158;346;;17.47;17.16;17.226666666666667;17.45714285714286;17.627333333333336;17.769655172413795;0.22454489119831963;1.946895818827961
8;25194;158;346;;17.41;17.16;17.226666666666667;17.45;17.612000000000002;17.727931034482758;0.21738708070431123;1.9503003823643816
13;25194;158;346;"{""proxy_name"": ""ZYTE_PROXY_MODE"", ""spider_name"": ""pdp_galco_com""}";0.32;0.05;0.13;0.41428571428571426;0.572;0.7355555555555555;0.401954409030148;0.6044852927373854
13;25194;158;346;"{""proxy_name"": ""ZYTE"", ""spider_name"": ""plp_galco_com""}";0;0;0;0.21428571428571427;0.39333333333333337;0.39555555555555555;0.5248906591678238;0.641519223079283
7;25194;158;346;;0;0;0;0;0;0;0;0
35;25194;158;346;;1;1;1;1;1;1;0;0
36;25194;158;346;;1;1;1;1;1;1;0;0
5;25194;158;346;;0;0;0;0;0;0;0;0
21;25194;158;346;;0;;;;;;;
13;25302;181;430;"{""proxy_name"": ""ZYTE_PROXY_MODE"", ""spider_name"": ""pdp_amazon_com_br""}";3.91;3.52;2.0500000000000003;0.8785714285714287;0.7026666666666667;0.5269999999999999;1.4093608335638086;1.0837439734549854
13;25302;181;430;"{""proxy_name"": ""DEFAULT"", ""spider_name"": ""plp_amazon_com_br""}";0;0;0;0;0;0;0;0
14;25302;181;430;;0.6829745596868885;0.7016574585635359;0.6916600018123497;0.6029137630788196;0.7263249247950679;0.7548585829197949;0.22233658735731798;0.16783063905506862
10;25302;181;430;;0.31702544031311153;0.2983425414364641;0.3083399981876504;0.3970862369211804;0.27367507520493206;0.24514141708020507;0.22233658735731798;0.16783063905506862
11;25302;181;430;"{""percentile"": ""p50"", ""proxy_name"": ""ZYTE_PROXY_MODE"", ""spider_name"": ""pdp_amazon_com_br""}";3.022213459014893;3.009951114654541;2.989673137664795;2.980233601161412;3.0138522466023763;3.018546628952026;0.04244755179400789;0.0519667217388532
11;25302;181;430;"{""percentile"": ""p50"", ""proxy_name"": ""DEFAULT"", ""spider_name"": ""plp_amazon_com_br""}";1.430239677429199;1.434904336929321;1.4423188368479412;1.4469049317496163;1.440008036295573;1.4398020267486573;0.01982712684966115;0.03512419032104845
6;25302;181;430;"{""percentile"": ""p95"", ""proxy_name"": ""ZYTE_PROXY_MODE"", ""spider_name"": ""pdp_amazon_com_br""}";31.96111607551575;3.318473100662231;3.2903264363606772;3.315434149333409;3.394742806752523;3.5005878686904905;0.06689505147111252;0.30324874722409173
6;25302;181;430;"{""percentile"": ""p95"", ""proxy_name"": ""DEFAULT"", ""spider_name"": ""plp_amazon_com_br""}";1.61330509185791;1.660543203353882;1.715149720509847;1.7638444900512695;1.7318072160085043;1.7444429039955138;0.0805560691214199;0.0749336287067591
10;25291;59;116;;1;1;0.9987421383647798;0.9993710691823899;0.9993710691823899;0.9993710691823899;0.0014063320613206221;0.0014063320613206221
11;25291;59;116;"{""percentile"": ""p50"", ""proxy_name"": ""ZYTE_PROXY_MODE"", ""spider_name"": ""pdp_amazon_com_br_sellers_variants""}";2.33263373374939;1.900497674942017;1.761953353881836;1.7649959325790405;1.7649959325790405;1.7649959325790405;0.1228181813283169;0.1228181813283169
18;25288;142;308;;80;80;80;80;79.954;83.91241379310345;0;6.758164745352616
15;25224;181;431;;0;;;;;;;
18;25218;181;436;;0;0;0;0;0;0;0;0
19;25218;181;436;;3;3;3;2.4285714285714284;2.2;2.103448275862069;0.4948716593053935;0.3045434781492361
9;25218;181;436;;0;0;0;0;0;0;0;0
20;25218;181;436;;3.7;3.7;3.7000000000000006;1.5857142857142859;0.7400000000000001;0.3827586206896552;1.8310251394299562;1.1268108691521737
8;25218;181;436;;0;0;0;0;0;0;0;0
14;25194;158;346;;0.11645838872640256;0.09502475831171893;0.11155600182280762;0.17054480262488067;0.19105219235855034;0.21587009535369367;0.05935152806279612;0.11190874138375902
19;25217;181;434;;2;2;2;2;2;2;0;0
10;25194;158;346;;0.8832757245413454;0.9047394482433389;0.8872987254628802;0.8276724374175387;0.8065687354083217;0.7806068627539988;0.06031742133792015;0.11637858603638335
11;25194;158;346;"{""percentile"": ""p50"", ""proxy_name"": ""ZYTE_PROXY_MODE"", ""spider_name"": ""pdp_galco_com""}";1.024425268173218;1.030242204666138;1.0936311086018884;1.3697027478899275;2.058216094970703;2.6728269126680164;0.2543154750044982;3.175167798144627
3;25217;181;434;;54;54;54;54;54;53.89655172413793;0;0.3045434781492361
15;25218;181;436;;0;;;;;;;
18;25217;181;434;;79.63;79.63;79.50333333333333;79.57571428571428;79.60466666666666;80.28137931034482;0.13297230032251378;0.8960977630544863
9;25217;181;434;;0;0;0;0;0;0;0;0
20;25217;181;434;;20.37;18.52;18.006666666666664;19.357142857142858;16.564;13.822413793103449;1.603609449119742;4.9173434481837806
8;25217;181;434;;0;0;0;0;0;0;0;0
15;25217;181;434;;0;;;;;;;
7;25217;181;434;;0;0;0;0;0;0;0;0
5;25215;168;385;;0;0;0;0;0;0;0;0
21;25215;168;385;;0;;;;;;;
4;25215;168;385;;61;60;61.333333333333336;61.57142857142857;67.33333333333333;96.11111111111111;0.7284313590846836;41.08107010519144
29;25215;168;385;;0;0;0;0;0;0;0;0
27;25215;168;385;;0;0;0;0;0;0;0;0
31;25215;168;385;;0;0;0;0;0;0;0;0
26;25215;168;385;;0;0;0;0;0;0;0;0
2;25215;168;385;;46;46;47.666666666666664;49.42857142857143;54.93333333333333;79.22222222222223;2.1285234893930487;34.113463545376455
32;25215;168;385;;0;0;0;0;0;0;0;0
28;25215;168;385;;0;0;0;0;0;0;0;0
30;25215;168;385;;0;0;0;0;0;0;0;0
12;25215;168;385;;0;0;0;0;0;0;0;0
11;25194;158;346;"{""percentile"": ""p50"", ""proxy_name"": ""ZYTE"", ""spider_name"": ""plp_galco_com""}";19.73861598968506;28.14861011505127;32.04014786084493;32.68398659569876;34.59697523117065;34.260378970040215;3.4947120742046045;4.248467082385574
3;25224;181;431;;37;37;36.666666666666664;36.285714285714285;35.8;36.06896551724138;0.45175395145262565;5.741146314004803
6;25194;158;346;"{""percentile"": ""p95"", ""proxy_name"": ""ZYTE_PROXY_MODE"", ""spider_name"": ""pdp_galco_com""}";35.34990930557251;16.06806254386902;15.598018884658813;16.899367366518295;18.15459157625834;19.792295866542393;1.9079141879020811;7.706310491420589
6;25194;158;346;"{""percentile"": ""p95"", ""proxy_name"": ""ZYTE"", ""spider_name"": ""plp_galco_com""}";50.11048269271851;69.66219711303711;66.18864432970683;69.32382127216884;76.3036645412445;76.51874640252855;6.54400651773637;11.61513074297851
4;25194;158;346;;1878;1888;1896.3333333333333;1896;1883.4;1825.3793103448277;8.815570640309435;143.1130283457205
31;25194;158;346;;100;100;100;100;100;100;0;0
34;25194;158;346;;1;1;1;1;1;1;0;0
26;25194;158;346;;0;0;0;0;0;0;0;0
2;25194;158;346;;1878;1888;1896.3333333333333;1896;1883.4;1825.3793103448277;8.815570640309435;143.1130283457205
32;25194;158;346;;100;100;100;100;100;100;0;0
28;25194;158;346;;100;100;100;100;100;100;0;0
30;25194;158;346;;100;100;100;100;100;100;0;0
13;25271;117;244;"{""proxy_name"": ""ZYTE_PROXY_MODE"", ""spider_name"": ""pdp_netshoes_com_br""}";0.4;0;0;0;0.0006666666666666666;0.000625;0;0.0024206145913796356
13;25271;117;244;"{""proxy_name"": ""ZYTE_PROXY_MODE"", ""spider_name"": ""plp_netshoes_com_br""}";4.55;0;0;0;0;0;0;0
35;25271;117;244;;285;284;282.6666666666667;282.2857142857143;281.06666666666666;281.42857142857144;1.2777531299998799;5.381373771953532
36;25271;117;244;;285;284;282.6666666666667;282.2857142857143;281.06666666666666;281.42857142857144;1.2777531299998799;5.381373771953532
14;25271;117;244;;0.00016398819285011479;0.0029590406478741628;0.0035784791143570354;0.0016529798374426694;0.0008952815097093815;0.0008393264153525452;0.001702860354460627;0.0013569100771381056
10;25271;117;244;;0.9998360118071499;0.9968852203706587;0.9963696078918206;0.9983247717366334;0.99907370882882;0.9991316020270187;0.0017207030353655576;0.0013625940933375063
11;25271;117;244;"{""percentile"": ""p50"", ""proxy_name"": ""ZYTE_PROXY_MODE"", ""spider_name"": ""pdp_netshoes_com_br""}";0.9362919330596924;0.942981481552124;0.9554783503214518;0.9590084212166923;0.9625933806101481;0.9617816805839539;0.01596344735905345;0.024668481903477046
11;25271;117;244;"{""percentile"": ""p50"", ""proxy_name"": ""ZYTE_PROXY_MODE"", ""spider_name"": ""plp_netshoes_com_br""}";2.075005769729614;2.161839723587036;1.997442404429118;1.9650591782161169;1.7965128103892007;1.8052595555782318;0.27837470018343147;0.3547883685604496
6;25271;117;244;"{""percentile"": ""p95"", ""proxy_name"": ""ZYTE_PROXY_MODE"", ""spider_name"": ""pdp_netshoes_com_br""}";1.713474750518799;1.726150512695312;1.8370683193206787;1.7567248003823417;1.727099847793579;1.718275845050812;0.20641368573823216;0.19042854014792368
6;25271;117;244;"{""percentile"": ""p95"", ""proxy_name"": ""ZYTE_PROXY_MODE"", ""spider_name"": ""plp_netshoes_com_br""}";3.523346185684204;3.25843071937561;3.460463364919027;3.132096324648176;3.2647364298502604;3.292421653866768;0.4650099670686154;0.5025752712150542
34;25271;117;244;;285;284;282.6666666666667;282.2857142857143;281.06666666666666;281.42857142857144;1.2777531299998799;5.381373771953532
3;25285;152;335;;84;81;78.33333333333333;85;81.06666666666666;82.55172413793103;9.797958971132712;8.315279690887927
16;25260;181;430;;0;0;0;0.2814285714285714;0.13133333333333333;0.07576923076923077;0.6893563990404087;0.37884615384615383
13;25260;181;430;"{""proxy_name"": ""ZYTE_PROXY_MODE"", ""spider_name"": ""pdp_amazon_com_br""}";2.63;0;0;0.2814285714285714;0.29266666666666663;0.24388888888888888;0.6893563990404087;0.6938871096854692
13;25260;181;430;"{""proxy_name"": ""DEFAULT"", ""spider_name"": ""plp_amazon_com_br""}";0;0;0;0;0;0;0;0
14;25260;181;430;;0.6879699248120301;0.6853526220614828;0.6916536741936672;0.6462862358323197;0.7440314403275192;0.7611790977863225;0.24942803706037261;0.17523609788641356
10;25260;181;430;;0.31203007518796994;0.31464737793851716;0.3083463258063328;0.35371376416768036;0.25596855967248083;0.2388209022136775;0.24942803706037264;0.1752360978864136
11;25260;181;430;"{""percentile"": ""p50"", ""proxy_name"": ""ZYTE_PROXY_MODE"", ""spider_name"": ""pdp_amazon_com_br""}";2.986924648284912;2.972143650054932;2.964984099070231;3.0141303879874095;3.0220003922780356;3.0207809342278376;0.07921024528511583;0.05418441385016083
3;25289;142;305;;2084;2085;1397.3333333333333;1837;2075.0666666666666;2140.5862068965516;751.0107474977591;422.69737419882074
18;25285;152;335;;93.65;93.65;93.65000000000002;92.68571428571428;92.04400000000001;94.13758620689654;1.724975007213211;3.1921743267283436
19;25285;152;335;;5;5;5;5;5;4.9655172413793105;0;0.18246560765962694
9;25285;152;335;;0;0;0;0;0;0;0;0
20;25285;152;335;;0;0;0;0;0;0;0;0
8;25285;152;335;;0;0;0;0;0;0;0;0
15;25285;152;335;;13;;;;;;;
24;25285;152;335;;0;0;0;0;0;0;0;0
23;25285;152;335;;0;0;0;0;0;0;0;0
22;25285;152;335;;0;0;0;0;0;0;0;0
25;25285;152;335;;0;0;0;0;0;0;0;0
7;25285;152;335;;0;0;0;0;0;0;0;0
5;25285;152;335;;0;0;0;0;0;0;0;0
21;25285;152;335;;0;;;;;;;
4;25285;152;335;;63;63;63;62.57142857142857;62;54.10344827586207;0.4948716593053935;14.274029534223205
29;25285;152;335;;100;100;100;100;100;100;0;0
27;25285;152;335;;50.34;48.97;50.68333333333334;52.06142857142857;51.13133333333334;55.53448275862069;2.1166174401046365;12.564040802392576
31;25285;152;335;;100;100;100;100;100;100;0;0
26;25285;152;335;;0;0;0;0;0;0;0;0
2;25285;152;335;;147;145;145.33333333333334;144.85714285714286;140.8;118.72413793103448;2.0995626366712954;42.74051340737267
32;25285;152;335;;46.26;44.83;46.553333333333335;47.92;46.86466666666667;50.85655172413793;2.13963281229013;12.301547218600698
12;25194;158;346;;0;0;0;0;0;0;0;0
3;25218;181;436;;29;29;29.333333333333332;29.142857142857142;30;35.44827586206897;0.3499271061118826;28.06222913319432
11;25187;158;351;"{""percentile"": ""p50"", ""proxy_name"": ""ZYTE_PROXY_MODE"", ""spider_name"": ""pdp_testequity_com""}";1.03026008605957;1.05593204498291;1.0503410498301187;1.0456346784319195;1.058278958002726;1.0592343542310925;0.00927553354859767;0.042391136028606245
11;25187;158;351;"{""percentile"": ""p50"", ""proxy_name"": ""ZYTE_PROXY_MODE"", ""spider_name"": ""plp_testequity_com""}";1.836013555526733;1.186567306518555;1.3756755987803144;1.4879262447357178;1.5079640706380208;1.5237803194257948;0.20052193578682004;0.1665784656770428
6;25187;158;351;"{""percentile"": ""p95"", ""proxy_name"": ""ZYTE_PROXY_MODE"", ""spider_name"": ""pdp_testequity_com""}";1.499044418334961;1.512025594711304;1.536121129989624;1.5029170513153076;1.5068713188171388;1.522312217288547;0.05453074977293433;0.14129999481930883
6;25187;158;351;"{""percentile"": ""p95"", ""proxy_name"": ""ZYTE_PROXY_MODE"", ""spider_name"": ""plp_testequity_com""}";3.509865283966064;3.378390073776245;3.2888139883677163;3.1354590824672153;3.0742748896280925;3.0699016782972546;0.1786263924469382;0.3611847943246888
29;25187;158;351;;100;100;100;100;100;100;0;0
27;25187;158;351;;100;100;100;100;100;100;0;0
31;25187;158;351;;100;100;100;100;100;100;0;0
34;25187;158;351;;1;1;1;1;1;1;0;0
26;25187;158;351;;0;0;0;0;0;0;0;0
2;25187;158;351;;68;68;68;68;68;68;0;0
32;25187;158;351;;100;100;100;100;100;100;0;0
28;25187;158;351;;100;100;100;100;100;100;0;0
18;25219;181;433;;79.25;79.25;79.25;79.25;79.37533333333334;79.72724137931036;0;0.8739561124928484
19;25219;181;433;;2;2;2;2;2;2;0;0
9;25219;181;433;;0;0;0;0;0;0;0;0
20;25219;181;433;;15.09;15.09;17.606666666666666;19.404285714285717;16.726666666666667;14.52551724137931;2.410642221145093;5.157374088727911
8;25219;181;433;;0;0;0;0;0;0;0;0
15;25219;181;433;;0;;;;;;;
7;25219;181;433;;0;0;0;0;0;0;0;0
3;25219;181;433;;53;53;53;53;53;52.89655172413793;0;0.3045434781492361
5;25219;181;433;;0;0;0;0;0;0;0;0
21;25219;181;433;;0;;;;;;;
4;25219;181;433;;53;53;53;53;53;52.89655172413793;0;0.3045434781492361
29;25219;181;433;;100;100;100;100;100;100;0;0
27;25219;181;433;;100;100;100;100;100;100;0;0
31;25219;181;433;;100;100;100;100;100;100;0;0
26;25219;181;433;;0;0;0;0;0;0;0;0
2;25219;181;433;;53;53;53;53;53;52.89655172413793;0;0.3045434781492361
32;25219;181;433;;100;100;100;100;100;100;0;0
28;25219;181;433;;100;100;100;100;100;100;0;0
30;25219;181;433;;100;100;100;100;100;100;0;0
12;25219;181;433;;0;0;0;0;0;0;0;0
30;25187;158;351;;100;100;100;100;100;100;0;0
3;25225;181;432;;65;65;65;65.14285714285714;65.06666666666666;69.6896551724138;0.3499271061118826;24.62701551111182
15;25225;181;432;;0;;;;;;;
18;25220;181;438;;0;0;0;0;0;0;0;0
19;25220;181;438;;2;2;2;2;2;2;0;0
9;25220;181;438;;0;0;0;0;0;0;0;0
20;25220;181;438;;0;0;0;0;0;0;0;0
8;25220;181;438;;0;0;0;0;0;0;0;0
15;25220;181;438;;0;;;;;;;
7;25218;181;436;;0;0;0;0;0;0;0;0
5;25218;181;436;;0;0;0;0;0;0;0;0
21;25218;181;436;;0;;;;;;;
4;25218;181;436;;27;27;27;27;27;26.96551724137931;0;0.18246560765962694
29;25218;181;436;;100;100;100;100;100;100;0;0
27;25218;181;436;;100;100;100;100;100;100;0;0
31;25218;181;436;;100;100;100;100;100;100;0;0
26;25218;181;436;;0;0;0;0;0;0;0;0
2;25218;181;436;;27;27;27;27;27;26.96551724137931;0;0.18246560765962694
32;25218;181;436;;100;100;100;100;100;100;0;0
28;25218;181;436;;100;100;100;100;100;100;0;0
30;25218;181;436;;100;100;100;100;100;100;0;0
12;25218;181;436;;0;0;0;0;0;0;0;0
18;25193;158;348;;100;100;100;100;100;100;0;0
19;25193;158;348;;4;4;4;4;4;4;0;0
9;25193;158;348;;0;0;0;0;0;0;0;0
20;25193;158;348;;0;0;0;0;0;0;0;0
8;25193;158;348;;0;0;0;0;0;0;0;0
3;25220;181;438;;32;31;33;31.571428571428573;31.666666666666668;34.758620689655174;2.718042512920064;9.679894458008963
13;25193;158;348;"{""proxy_name"": ""ZYTE_PROXY_MODE"", ""spider_name"": ""pdp_tequipment_net""}";0;0;0;0;0;0;0;0
13;25193;158;348;"{""proxy_name"": ""ZYTE"", ""spider_name"": ""plp_tequipment_net""}";0;0;0;0;0;0;0;0
7;25193;158;348;;0;0;0;0;0;0;0;0
35;25193;158;348;;1;1;1;1;1;1;0;0
36;25193;158;348;;1;1;1;1;1;1;0;0
5;25193;158;348;;0;0;0;0;0;0;0;0
21;25193;158;348;;0;;;;;;;
14;25193;158;348;;0;0;0.0024691358024691358;0.0010582010582010583;0.0004938271604938272;0.00041152263374485596;0.002592052637865797;0.0016967512862624118
10;25193;158;348;;1;1;0.9975308641975308;0.998941798941799;0.9995061728395062;0.9995884773662552;0.0025920526378658006;0.0016967512862624142
11;25193;158;348;"{""percentile"": ""p50"", ""proxy_name"": ""ZYTE_PROXY_MODE"", ""spider_name"": ""pdp_tequipment_net""}";1.587955236434937;0.9553360939025879;1.2714232603708904;1.367194073540824;1.2660160859425864;1.231926719347636;0.23460902472317366;0.24379903697754718
11;25193;158;348;"{""percentile"": ""p50"", ""proxy_name"": ""ZYTE"", ""spider_name"": ""plp_tequipment_net""}";28.45929217338562;18.62776279449463;14.183695236841837;15.377477066857475;13.298074229558306;16.135168843799168;6.013486335175203;12.295740459371874
6;25193;158;348;"{""percentile"": ""p95"", ""proxy_name"": ""ZYTE_PROXY_MODE"", ""spider_name"": ""pdp_tequipment_net""}";2.342040777206421;2.710500955581665;2.464562257130941;2.8743437698909213;2.6106746514638264;2.5541688866085477;1.2438577857328263;0.8307447847506096
18;25223;181;437;;0;0;0;0;0;0;0;0
19;25223;181;437;;2;2;2;2;2;2.0344827586206895;0;0.18246560765962694
3;25223;181;437;;27;27;29.333333333333332;28;27.533333333333335;29.655172413793103;2.449489742783178;12.228502212028415
3;25221;181;435;;531;531;531;531;531;529.9310344827586;0;5.656433837448435
18;25221;181;435;;0;0;0;0;0;0;0;0
19;25221;181;435;;2;2;2;2;2;2;0;0
9;25221;181;435;;0;0;0;0;0;0;0;0
20;25221;181;435;;0;0;0;0;0;0;0;0
8;25221;181;435;;0;0;0;0;0;0;0;0
15;25221;181;435;;0;;;;;;;
24;25221;181;435;;0;0;0;0;0;0;0;0
23;25221;181;435;;0;0;0;0;0;0;0;0
22;25221;181;435;;0;0;0;0;0;0;0;0
25;25221;181;435;;0;0;0;0;0;0;0;0
7;25221;181;435;;0;0;0;0;0;0;0;0
5;25221;181;435;;0;0;0;0;0;0;0;0
21;25221;181;435;;0;;;;;;;
4;25221;181;435;;31;31;31;31;30.933333333333334;30.96551724137931;0;0.18246560765962694
29;25221;181;435;;100;100;100;100;100;100;0;0
27;25221;181;435;;100;100;100;100;100;100;0;0
24;25220;181;438;;0;0;0;0;0;0;0;0
23;25220;181;438;;0;0;0;0;0;0;0;0
22;25220;181;438;;0;0;0;0;0;0;0;0
25;25220;181;438;;0;0;0;0;0;0;0;0
7;25220;181;438;;0;0;0;0;0;0;0;0
5;25220;181;438;;0;0;0;0;0;0;0;0
21;25220;181;438;;0;;;;;;;
4;25220;181;438;;31;31;30.666666666666668;30.285714285714285;30.133333333333333;30.06896551724138;0.45175395145262565;0.2533954906327426
29;25220;181;438;;100;100;100;100;100;100;0;0
27;25220;181;438;;100;100;100;100;100;100;0;0
31;25220;181;438;;100;100;100;100;100;100;0;0
26;25220;181;438;;0;0;0;0;0;0;0;0
2;25220;181;438;;31;31;30.666666666666668;30.285714285714285;30.133333333333333;30.06896551724138;0.45175395145262565;0.2533954906327426
32;25220;181;438;;100;100;100;100;100;100;0;0
28;25220;181;438;;100;100;100;100;100;100;0;0
30;25220;181;438;;100;100;100;100;100;100;0;0
12;25220;181;438;;0;0;0;0;0;0;0;0
6;25193;158;348;"{""percentile"": ""p95"", ""proxy_name"": ""ZYTE"", ""spider_name"": ""plp_tequipment_net""}";28.45929217338562;18.62776279449463;14.183695236841837;15.377477066857475;13.298074229558306;16.135168843799168;6.013486335175203;12.295740459371874
4;25193;158;348;;131;131;131;131;131;131;0;0
29;25193;158;348;;100;100;100;100;100;100;0;0
34;25193;158;348;;1;1;1;1;1;1;0;0
12;25187;158;351;;0;0;0;0;0;0;0;0
4;25185;181;432;;21;21;21;21;21;21;0;0
29;25185;181;432;;100;100;100;100;100;100;0;0
27;25185;181;432;;100;100;100;100;100;100;0;0
31;25185;181;432;;100;100;100;100;100;100;0;0
26;25185;181;432;;0;0;0;0;0;0;0;0
2;25185;181;432;;80;84;83;79.85714285714286;82.26666666666667;83.66666666666667;3.270149469217028;3.51715373140987
32;25185;181;432;;100;100;100;100;100;100;0;0
28;25185;181;432;;100;100;100;100;100;100;0;0
3;25222;181;430;;436;421;300.3333333333333;442.42857142857144;642.8;731.0344827586207;292.3744454061104;217.616157291658
30;25185;181;432;;100;100;100;100;100;100;0;0
12;25185;181;432;;0;0;0;0;0;0;0;0
11;25184;181;438;"{""percentile"": ""p50"", ""proxy_name"": ""ZYTE_PROXY_MODE"", ""spider_name"": ""pdp_drogariaspacheco_com_br""}";1.180504322052002;1.192206144332886;1.3476753234863281;1.3623246124812536;1.3287051995595296;1.3143569862141329;0.10142857248795134;0.09520330425409589
11;25184;181;438;"{""percentile"": ""p50"", ""proxy_name"": ""ZYTE_PROXY_MODE"", ""spider_name"": ""plp_drogariaspacheco_com_br""}";2.023087501525879;1.335879564285278;1.8779070377349854;1.9634474686213903;1.954653787612915;1.945096352521111;0.29998631607249965;0.20213486962791957
6;25184;181;438;"{""percentile"": ""p95"", ""proxy_name"": ""ZYTE_PROXY_MODE"", ""spider_name"": ""pdp_drogariaspacheco_com_br""}";1.549597501754761;1.577674627304077;2.296619494756063;5.464458908353534;3.6261771361033124;3.383843590231503;3.999552538192804;3.1312677123790698
16;25183;181;435;;0;0;0;0;0;0.3647058823529412;0;1.4588235294117649
3;25226;141;301;;109;109;109;109.14285714285714;111;116.65517241379311;0.3499271061118826;14.662351182932865
15;25227;141;302;;0;;;;;;;
18;25226;141;301;;71.43;70.73;70.23;69.74;72.534;78.42192307692308;0.8156154556091798;8.261091853348892
19;25226;141;301;;1;1;1.3333333333333333;1.7142857142857142;1.8666666666666667;1.9230769230769231;0.45175395145262565;0.2664693550105965
9;25226;141;301;;0;0;0;0;0;0;0;0
20;25226;141;301;;0;0;0;0;0;0;0;0
8;25226;141;301;;0;0;0;0;0;1.613076923076923;0;8.065384615384614
15;25226;141;301;;0;;;;;;;
7;25226;141;301;;0;0;0;0;0;0;0;0
5;25226;141;301;;0;0;0;0;0;0;0;0
21;25226;141;301;;0;;;;;;;
4;25226;141;301;;42;41;40.333333333333336;42;42.4;63.38461538461539;1.6035674514745464;24.60468517466498
29;25226;141;301;;0;0;0;0;0;0;0;0
27;25226;141;301;;0;0;0;0;0;0;0;0
18;25222;181;430;;100;100;83.33333333333333;77.95142857142856;89.71066666666667;94.67793103448275;25.468303229460638;15.671200992488352
19;25222;181;430;;6;6;5.333333333333333;5.142857142857143;5.6;5.793103448275862;0.989743318610787;0.6090869562984722
9;25222;181;430;;0;0;0;0;0;0;0;0
20;25222;181;430;;0;0;0;0;0;0;0;0
8;25222;181;430;;100;100;66.66666666666667;57.142857142857146;80;89.65517241379311;49.48716593053935;30.45434781492361
15;25222;181;430;;0;;;;;;;
24;25222;181;430;;0;0;0;0;0;0;0;0
23;25222;181;430;;0;0;0;0;0;0;0;0
22;25222;181;430;;0;0;0;0;0;0;0;0
25;25222;181;430;;0;0;0;0;0;0;0;0
7;25222;181;430;;0;0;0;0;0;0;0;0
5;25222;181;430;;0;0;0;0;0;0;0;0
21;25222;181;430;;0;;;;;;;
4;25222;181;430;;38;38;40.666666666666664;41.42857142857143;39.6;38.827586206896555;3.958973274443148;2.436347825193889
29;25222;181;430;;100;100;100;100;100;100;0;0
27;25222;181;430;;52.25;52.91;43.403333333333336;39.92;46.792;49.361724137931034;15.146530955964801;9.220936847072169
31;25222;181;430;;100;100;100;100;100;100;0;0
26;25222;181;430;;0;0;0;0;0;0;0;0
2;25222;181;430;;222;223;228.33333333333334;230.14285714285714;227.33333333333334;227.06896551724137;7.6798171746946355;4.502344481089508
32;25222;181;430;;50.45;51.12;41.51;37.87285714285714;44.65133333333333;47.19103448275862;15.193775712710888;9.200447269797712
30;25221;181;435;;100;100;100;100;100;100;0;0
12;25221;181;435;;0;0;0;0;0;0;0;0
18;25191;59;116;;95.08;94.92;95;94.4557142857143;93.56400000000001;93.65758620689655;0.7871078550682903;0.9610865086198696
19;25191;59;116;;1;1;1;1;1;1;0;0
9;25191;59;116;;0;0;0;0;0;0;0;0
20;25191;59;116;;0;0;0;0;0;0;0;0
8;25191;59;116;;0;0;0;0;0;0;0;0
13;25191;59;116;"{""proxy_name"": ""ZYTE_PROXY_MODE"", ""spider_name"": ""pdp_amazon_com_br_sellers_variants""}";0;0;0;0;0;0;0;0
13;25191;59;116;"{""proxy_name"": ""ZYTE"", ""spider_name"": ""plp_amazon_com_br""}";0;0;0;0;0;0;0;0
7;25191;59;116;;0;0;0;0;0;0;0;0
35;25191;59;116;;2;2;2.3333333333333335;2.142857142857143;2.066666666666667;2.0344827586206895;0.3499271061118826;0.3197799481205415
36;25191;59;116;;4;4;4;3.7142857142857144;3.533333333333333;3.689655172413793;0.45175395145262565;0.5319740903635004
5;25191;59;116;;0;0;0;0;0;0;0;0
21;25191;59;116;;0;;;;;;;
14;25191;59;116;;0;0;0.0012578616352201257;0.0006289308176100629;0.0006289308176100629;0.0006289308176100629;0.0014063320613206226;0.0014063320613206226
10;25191;59;116;;1;1;0.9987421383647798;0.9993710691823899;0.9993710691823899;0.9993710691823899;0.0014063320613206221;0.0014063320613206221
11;25191;59;116;"{""percentile"": ""p50"", ""proxy_name"": ""ZYTE_PROXY_MODE"", ""spider_name"": ""pdp_amazon_com_br_sellers_variants""}";1.900497674942017;1.73162317276001;1.7425355911254883;1.755464752515157;1.755464752515157;1.755464752515157;0.11382240386225914;0.11382240386225914
11;25191;59;116;"{""percentile"": ""p50"", ""proxy_name"": ""ZYTE"", ""spider_name"": ""plp_amazon_com_br""}";3.264482975006104;3.916600465774536;3.674139976501465;4.006264289220174;4.006264289220174;4.006264289220174;0.6593402321147502;0.6593402321147502
6;25191;59;116;"{""percentile"": ""p95"", ""proxy_name"": ""ZYTE_PROXY_MODE"", ""spider_name"": ""pdp_amazon_com_br_sellers_variants""}";2.988118886947632;2.362030744552612;2.5952744483947754;2.506022810935974;2.506022810935974;2.506022810935974;0.2732206332950348;0.2732206332950348
6;25191;59;116;"{""percentile"": ""p95"", ""proxy_name"": ""ZYTE"", ""spider_name"": ""plp_amazon_com_br""}";4.158403635025024;5.252294778823853;4.4544142087300616;4.60173237323761;4.60173237323761;4.60173237323761;0.689498263539775;0.689498263539775
3;25228;141;304;;663;616;644.6666666666666;837.1428571428571;1077.7333333333333;1160.4137931034484;460.2500651265349;294.07265314372853
4;25191;59;116;;61;59;60;59.285714285714285;60;60.3448275862069;1.1605769149479943;1.122677282489635
3;25230;181;436;;29;29;29.333333333333332;29.142857142857142;30;30.137931034482758;0.3499271061118826;3.1592681161507197
13;25235;181;435;"{""proxy_name"": ""DEFAULT"", ""spider_name"": ""pdp_drogariasaopaulo_com_br""}";0;0;0;0;0;0;0;0
13;25235;181;435;"{""proxy_name"": ""ZYTE_PROXY_MODE"", ""spider_name"": ""plp_drogariasaopaulo_com_br""}";0;0;0;0;0;0;0;0
10;25235;181;435;;0.998272884283247;0.9982758620689656;0.998277837026504;0.9982524496631309;0.9982494994090386;0.9982550445815239;0.00005981916697626722;0.000053296143913483445
11;25235;181;435;"{""percentile"": ""p50"", ""proxy_name"": ""DEFAULT"", ""spider_name"": ""pdp_drogariasaopaulo_com_br""}";1.02812123298645;1.034960269927979;1.0261893272399902;1.0692575318472728;1.0575257619222005;1.05147479709826;0.08059575871822897;0.060381796105670967
11;25235;181;435;"{""percentile"": ""p50"", ""proxy_name"": ""ZYTE_PROXY_MODE"", ""spider_name"": ""plp_drogariasaopaulo_com_br""}";2.341042280197144;2.211971521377563;2.1251974105834956;2.179485934121268;2.203636360168457;2.19321954877753;0.1142695826663358;0.14544876977604254
18;25228;141;304;;78.01;78.24;78.66666666666667;79.41428571428571;80.644;81.52821428571428;0.7876884290279323;1.707362321517835
19;25228;141;304;;2;2;2;2;2;2;0;0
3;25237;181;431;;37;37;37;36.42857142857143;35.93333333333333;35.06896551724138;0.4948716593053935;1.048185114039356
9;25228;141;304;;0;0;0;0;0;0;0;0
20;25228;141;304;;100;100;100;100;100;100;0;0
8;25228;141;304;;0;0;0;0;0;0;0;0
15;25228;141;304;;0;;;;;;;
24;25228;141;304;;0;0;0;0;0;0;0;0
23;25228;141;304;;0;0;0;0;0;0.3203846153846154;0;1.601923076923077
22;25228;141;304;;0;0;0;0;0;0.07;0;0.35000000000000003
25;25228;141;304;;0;0;0;0;0;0.07;0;0.35000000000000003
7;25228;141;304;;0;0;0;0;0;0;0;0
5;25228;141;304;;0;0;0;0;0;0;0;0
21;25228;141;304;;0;;;;;;;
4;25228;141;304;;191;193;195.33333333333334;195.71428571428572;196.4;285.10714285714283;1.385051387833237;95.30265297076103
29;25228;141;304;;3.67;2.7;3.5233333333333334;3.9414285714285713;3.518666666666667;24.167857142857144;0.8825519583478773;39.60937942287541
27;25228;141;304;;100;100;100;100;100;100;0;0
31;25228;141;304;;3.67;2.7;3.5233333333333334;3.9414285714285713;3.518666666666667;24.167857142857144;0.8825519583478773;39.60937942287541
26;25228;141;304;;0;0;0;0;0;0;0;0
31;25226;141;301;;0;0;0;0;0;0;0;0
26;25226;141;301;;0;0;0;0;0;0;0;0
2;25226;141;301;;30;29;28.333333333333332;29.285714285714285;30.733333333333334;51.38461538461539;1.0301575072754254;24.272613442182312
32;25226;141;301;;0;0;0;0;0;0;0;0
28;25226;141;301;;0;0;0;0;0;0;0;0
30;25226;141;301;;0;0;0;0;0;0;0;0
12;25226;141;301;;0;0;0;0;0;0;0;0
6;25235;181;435;"{""percentile"": ""p95"", ""proxy_name"": ""DEFAULT"", ""spider_name"": ""pdp_drogariasaopaulo_com_br""}";1.268620252609253;1.266489505767822;1.262658913930257;2.7153594153267986;2.7005915800730382;2.5303545123652404;3.249439047080701;2.807422329730943
6;25235;181;435;"{""percentile"": ""p95"", ""proxy_name"": ""ZYTE_PROXY_MODE"", ""spider_name"": ""plp_drogariasaopaulo_com_br""}";4.453392267227173;3.789198160171509;3.695631265640259;3.8708770275115967;5.035176467895508;4.884721040725708;0.5746823657754204;2.766541953853468
18;25229;181;433;;79.25;79.25;79.25;79.25;79.25;79.74103448275861;0;0.8630912559239121
19;25229;181;433;;2;2;2;2;2;2;0;0
9;25229;181;433;;0;0;0;0;0;0;0;0
20;25229;181;433;;15.09;15.09;15.719999999999999;18.325714285714287;17.104;14.714137931034482;2.410642221145093;5.073866455530855
8;25229;181;433;;0;0;0;0;0;0;0;0
15;25229;181;433;;0;;;;;;;
7;25229;181;433;;0;0;0;0;0;0;0;0
5;25229;181;433;;0;0;0;0;0;0;0;0
29;25191;59;116;;100;100;100;100;100;100;0;0
34;25191;59;116;;8;13;12.666666666666666;12;11.533333333333333;11.413793103448276;1.0690449676496976;1.542886711806696
16;25186;181;431;;100;100;83.84;83.84;83.84;83.84;22.853691167949215;22.853691167949215
13;25186;181;431;"{""proxy_name"": ""DEFAULT"", ""spider_name"": ""pdp_epocacosmeticos_com_br""}";0;0;0;0;0;0;0;0
13;25186;181;431;"{""proxy_name"": ""ZYTE_PROXY_MODE"", ""spider_name"": ""plp_epocacosmeticos_com_br""}";0;0;0;13.445714285714287;6.274666666666667;5.8825;32.93513922725039;22.78282453406513
14;25186;181;431;;0.01;0.01020408163265306;0.01020408163265306;0.0058309037900874635;0.004109977324263038;0.0038531037414965986;0.005049710809238709;0.004974714072615868
10;25186;181;431;;0.99;0.9897959183673469;0.9897959183673469;0.9941690962099126;0.9958900226757369;0.9961468962585034;0.005049710809238715;0.0049747140726158654
3;25229;181;433;;53;53;53;53;53;52.93103448275862;0;0.2533954906327426
11;25186;181;431;"{""percentile"": ""p50"", ""proxy_name"": ""DEFAULT"", ""spider_name"": ""pdp_epocacosmeticos_com_br""}";1.008938074111938;1.11616587638855;1.2231601079305012;1.1587896006447929;1.097491153081258;1.0911616086959839;0.14383452333184035;0.11643691295327631
11;25186;181;431;"{""percentile"": ""p50"", ""proxy_name"": ""ZYTE_PROXY_MODE"", ""spider_name"": ""plp_epocacosmeticos_com_br""}";1.116664409637451;1.274809122085571;1.2246709664662676;1.3927593571799142;1.2611529350280761;1.2487445622682571;0.47729295567718244;0.34201249628672364
6;25186;181;431;"{""percentile"": ""p95"", ""proxy_name"": ""DEFAULT"", ""spider_name"": ""pdp_epocacosmeticos_com_br""}";1.480216264724731;2.005111932754517;2.1193108558654785;3.4241278512137283;2.953135108947754;2.867801457643509;3.1356757882346287;2.2729937202185995
6;25186;181;431;"{""percentile"": ""p95"", ""proxy_name"": ""ZYTE_PROXY_MODE"", ""spider_name"": ""plp_epocacosmeticos_com_br""}";1.509213209152222;1.857961416244507;1.5928183396657307;4.459350585937499;3.212856340408325;3.099684566259384;4.301743716082525;3.196126529383285
32;25186;181;431;;49.3;49.28;49.28;49.285714285714285;49.278;49.26555555555556;0.009035079029050715;0.01832491389163375
28;25186;181;431;;49.3;49.28;49.28;49.285714285714285;49.278;49.26555555555556;0.009035079029050715;0.01832491389163375
30;25186;181;431;;49.3;49.28;49.28;49.285714285714285;49.278;49.26555555555556;0.009035079029050715;0.01832491389163375
15;25168;148;326;;0;;;;;;;
21;25229;181;433;;0;;;;;;;
4;25229;181;433;;53;53;53;53;53;52.93103448275862;0;0.2533954906327426
29;25229;181;433;;100;100;100;100;100;100;0;0
27;25229;181;433;;100;100;100;100;100;100;0;0
31;25229;181;433;;100;100;100;100;100;100;0;0
26;25229;181;433;;0;0;0;0;0;0;0;0
2;25229;181;433;;53;53;53;53;53;52.93103448275862;0;0.2533954906327426
3;25236;181;437;;27;27;29.333333333333332;28;27.533333333333335;27.344827586206897;2.449489742783178;1.2939077958133598
4;25237;181;431;;36;36;36;35.42857142857143;35.4;34.724137931034484;0.4948716593053935;0.7832977028690032
29;25237;181;431;;49.3;49.3;49.29999999999999;49.28857142857142;49.288;49.26965517241379;0.0098974331861059;0.020254034697362627
27;25237;181;431;;49.3;49.3;49.29999999999999;49.28857142857142;49.288;49.26965517241379;0.0098974331861059;0.020254034697362627
31;25237;181;431;;49.3;49.3;49.29999999999999;49.28857142857142;49.288;49.26965517241379;0.0098974331861059;0.020254034697362627
26;25237;181;431;;0;0;0;0;0;0;0;0
2;25237;181;431;;71;71;71;69.85714285714286;69.8;68.44827586206897;0.989743318610787;1.5665954057380065
32;25237;181;431;;49.3;49.3;49.29999999999999;49.28857142857142;49.288;49.26965517241379;0.0098974331861059;0.020254034697362627
28;25237;181;431;;49.3;49.3;49.29999999999999;49.28857142857142;49.288;49.26965517241379;0.0098974331861059;0.020254034697362627
30;25237;181;431;;49.3;49.3;49.29999999999999;49.28857142857142;49.288;49.26965517241379;0.0098974331861059;0.020254034697362627
18;25236;181;437;;0;0;0;0;0;0;0;0
19;25236;181;437;;2;2;2;2;2;2.0344827586206895;0;0.18246560765962694
9;25236;181;437;;0;0;0;0;0;0;0;0
20;25236;181;437;;0;0;0;0;0;0.12758620689655173;0;0.6751227483406197
8;25236;181;437;;0;0;0;0;0;0;0;0
15;25236;181;437;;0;;;;;;;
7;25236;181;437;;0;0;0;0;0;0;0;0
5;25236;181;437;;0;0;0;0;0;0;0;0
21;25236;181;437;;0;;;;;;;
4;25236;181;437;;27;27;27;27;27;27;0;0
29;25236;181;437;;100;100;100;100;100;100;0;0
18;25235;181;435;;0;0;0;0;0;0;0;0
3;25238;181;432;;65;65;65;65;65.06666666666666;65.03448275862068;0;0.18246560765962694
19;25235;181;435;;2;2;2;2;2;2;0;0
18;25234;181;438;;0;0;0;0;0;0;0;0
19;25234;181;438;;2;2;2;2;2;2;0;0
9;25234;181;438;;0;0;0;0;0;0;0;0
20;25234;181;438;;0;0;0;0;0;0;0;0
8;25234;181;438;;0;0;0;0;0;0;0;0
15;25234;181;438;;0;;;;;;;
24;25234;181;438;;0;0;0;0;0;0;0;0
23;25234;181;438;;0;0;0;0;0;0;0;0
22;25234;181;438;;0;0;0;0;0;0;0;0
25;25234;181;438;;0;0;0;0;0;0;0;0
16;25234;181;438;;0;0;4.166666666666667;1.7857142857142858;0.8333333333333334;0.7352941176470589;4.374088826398532;2.9411764705882355
13;25190;59;134;"{""proxy_name"": ""SCRAPE_DO"", ""spider_name"": ""pdp_magazineluiza_com_br_sellers_variants""}";0.97;0.28;0.14;0.16166666666666665;0.16166666666666665;0.16166666666666665;0.14656246298270084;0.14656246298270084
13;25190;59;134;"{""spider_name"": ""plp_magazineluiza_com_br""}";0;0;0;0;0;0;0;0
13;25190;59;134;"{""proxy_name"": ""ZYTE_PROXY_MODE"", ""spider_name"": ""plp_magazineluiza_com_br""}";0;0;0;0;0;0;0;0
35;25190;59;134;;0;1;0.6666666666666666;0.8571428571428571;0.9333333333333333;0.8636363636363636;0.3499271061118826;0.3431742925123068
36;25190;59;134;;0;4;3;2.7142857142857144;3.466666666666667;3.227272727272727;1.4846149779161806;1.6768969768815198
14;25190;59;134;;0;0;0;0;0;0;0;0
10;25190;59;134;;1;1;1;1;1;1;0;0
11;25190;59;134;"{""percentile"": ""p50"", ""proxy_name"": ""SCRAPE_DO"", ""spider_name"": ""pdp_magazineluiza_com_br_sellers_variants""}";3.192106008529663;1.619405746459961;1.6733867327372234;1.636847734451294;1.636847734451294;1.636847734451294;0.07823296907248019;0.07823296907248019
11;25190;59;134;"{""percentile"": ""p50"", ""spider_name"": ""plp_magazineluiza_com_br""}";0.1850588321685791;0.2183685302734375;0.24855891863505045;0.2215499480565389;0.2215499480565389;0.2215499480565389;0.08090765664402952;0.08090765664402952
11;25190;59;134;"{""percentile"": ""p50"", ""proxy_name"": ""ZYTE_PROXY_MODE"", ""spider_name"": ""plp_magazineluiza_com_br""}";1.373010396957397;1.570624828338623;1.50252898534139;1.5963955720265706;1.5963955720265706;1.5963955720265706;0.3543481754499642;0.3543481754499642
6;25190;59;134;"{""percentile"": ""p95"", ""proxy_name"": ""SCRAPE_DO"", ""spider_name"": ""pdp_magazineluiza_com_br_sellers_variants""}";10.61761736869812;3.872573852539062;3.903583288192749;3.6544636885325112;3.6544636885325112;3.6544636885325112;0.615167644156873;0.615167644156873
3;25234;181;438;;32;32;33.666666666666664;31.571428571428573;31.8;34.13793103448276;2.718042512920064;9.25025307363416
6;25190;59;134;"{""percentile"": ""p95"", ""spider_name"": ""plp_magazineluiza_com_br""}";0.1850588321685791;0.2183685302734375;0.24855891863505045;0.2215499480565389;0.2215499480565389;0.2215499480565389;0.08090765664402952;0.08090765664402952
6;25190;59;134;"{""percentile"": ""p95"", ""proxy_name"": ""ZYTE_PROXY_MODE"", ""spider_name"": ""plp_magazineluiza_com_br""}";5.106058120727539;1.932618618011475;2.515969276428223;2.711841424306234;2.711841424306234;2.711841424306234;0.5876334705636774;0.5876334705636774
29;25190;59;134;;0;0;0;0;0;0;0;0
27;25190;59;134;;0;0;0;0;0;0;0;0
21;25168;148;326;;0;;;;;;;
3;25232;181;434;;54;54;54;54;54;53.93103448275862;0;0.2533954906327426
13;25234;181;438;"{""proxy_name"": ""ZYTE_PROXY_MODE"", ""spider_name"": ""pdp_drogariaspacheco_com_br""}";0;0;0;0;0;0;0;0
21;25234;181;438;;0;;;;;;;
18;25232;181;434;;79.63;79.63;79.63;79.57571428571428;79.60466666666666;80.22965517241379;0.13297230032251378;0.8888833861634439
19;25232;181;434;;2;2;2;2;2;2;0;0
9;25232;181;434;;0;0;0;0;0;0;0;0
20;25232;181;434;;18.52;20.37;19.136666666666667;19.092857142857145;17.304666666666666;14.199655172413793;1.2154918379665354;4.985075299648231
8;25232;181;434;;0;0;0;0;0;0;0;0
15;25232;181;434;;0;;;;;;;
7;25232;181;434;;0;0;0;0;0;0;0;0
5;25232;181;434;;0;0;0;0;0;0;0;0
21;25232;181;434;;0;;;;;;;
4;25232;181;434;;54;54;54;53.857142857142854;53.93333333333333;53.89655172413793;0.3499271061118826;0.3045434781492361
29;25232;181;434;;100;100;100;100;100;100;0;0
27;25232;181;434;;100;100;100;100;100;100;0;0
31;25232;181;434;;100;100;100;100;100;100;0;0
26;25232;181;434;;0;0;0;0;0;0;0;0
2;25232;181;434;;54;54;54;53.857142857142854;53.93333333333333;53.89655172413793;0.3499271061118826;0.3045434781492361
32;25232;181;434;;100;100;100;100;100;100;0;0
28;25232;181;434;;100;100;100;100;100;100;0;0
30;25232;181;434;;100;100;100;100;100;100;0;0
12;25232;181;434;;0;0;0;0;0;0;0;0
31;25190;59;134;;0;0;0;0;0;0;0;0
34;25190;59;134;;0;31;21.333333333333332;18.714285714285715;24.2;22.59090909090909;14.219848157862062;14.300855317424807
26;25190;59;134;;0;0;0;0;0;0;0;0
2;25190;59;134;;273;273;272.3333333333333;272.14285714285717;274.4;277.82758620689657;1.5518257844571737;4.127861310798736
32;25190;59;134;;0;0;0;0;0;0;0;0
3;25235;181;435;;531;531;531;531;531;531;0;0
28;25190;59;134;;0;0;0;0;0;0;0;0
30;25190;59;134;;0;0;0;0;0;0;0;0
12;25190;59;134;;0;0;0;0;0;0;0;0
12;25186;181;431;;0;0;0;0;0;0;0;0
22;25184;181;438;;0;0;0;0;0;0;0;0
25;25184;181;438;;0;0;0;0;0;0;0;0
16;25184;181;438;;12.5;0;0;0;0;0.35294117647058826;0;1.411764705882353
13;25184;181;438;"{""proxy_name"": ""ZYTE_PROXY_MODE"", ""spider_name"": ""pdp_drogariaspacheco_com_br""}";0;0;0;0;0;0;0;0
13;25184;181;438;"{""proxy_name"": ""ZYTE_PROXY_MODE"", ""spider_name"": ""plp_drogariaspacheco_com_br""}";0;0;0;9.142857142857142;4.266666666666667;3.764705882352941;22.395334791160487;15.058823529411764
7;25184;181;438;;0;0;0;0;0;0;0;0
5;25184;181;438;;0;0;0;0;0;0;0;0
21;25184;181;438;;0;;;;;;;
9;25235;181;435;;0;0;0;0;0;0;0;0
20;25235;181;435;;0;0;0;0;0;0;0;0
8;25235;181;435;;0;0;0;0;0;0;0;0
15;25235;181;435;;0;;;;;;;
7;25235;181;435;;0;0;0;0;0;0;0;0
5;25235;181;435;;0;0;0;0;0;0;0;0
21;25235;181;435;;0;;;;;;;
3;25239;149;332;;24;24;24;24;24;24;0;0
4;25235;181;435;;31;31;31;31;30.933333333333334;30.96551724137931;0;0.18246560765962694
29;25235;181;435;;100;100;100;100;100;100;0;0
27;25235;181;435;;100;100;100;100;100;100;0;0
31;25235;181;435;;100;100;100;100;100;100;0;0
26;25235;181;435;;0;0;0;0;0;0;0;0
2;25235;181;435;;31;31;31;31;30.933333333333334;30.96551724137931;0;0.18246560765962694
32;25235;181;435;;100;100;100;100;100;100;0;0
28;25235;181;435;;100;100;100;100;100;100;0;0
30;25235;181;435;;100;100;100;100;100;100;0;0
12;25235;181;435;;0;0;0;0;0;0;0;0
13;25234;181;438;"{""proxy_name"": ""ZYTE_PROXY_MODE"", ""spider_name"": ""plp_drogariaspacheco_com_br""}";0;0;0;0;4.266666666666667;3.2;0;13.948476619330155
18;25233;181;430;;100;100;100;77.95142857142856;89.71066666666667;94.67793103448275;25.468303229460638;15.671200992488352
14;25184;181;438;;0;0;0;0;0;0;0;0
10;25184;181;438;;1;1;1;1;1;1;0;0
3;25233;181;430;;409;436;424.6666666666667;384.57142857142856;617.0666666666667;718;243.81776399765528;223.49743499260984
19;25233;181;430;;6;6;6;5.142857142857143;5.6;5.793103448275862;0.989743318610787;0.6090869562984722
15;25239;149;332;;0;;;;;;;
9;25233;181;430;;0;0;0;0;0;0;0;0
20;25233;181;430;;0;0;0;0;0;0;0;0
8;25233;181;430;;100;100;100;57.142857142857146;80;89.65517241379311;49.48716593053935;30.45434781492361
15;25233;181;430;;0;;;;;;;
24;25233;181;430;;0;0;0;0;0;0;0;0
23;25233;181;430;;0;0;0;0;0;0;0;0
22;25233;181;430;;0;0;0;0;0;0;0;0
25;25233;181;430;;0;0;0;0;0;0;0;0
7;25233;181;430;;0;0;0;0;0;0;0;0
5;25233;181;430;;0;0;0;0;0;0;0;0
21;25233;181;430;;0;;;;;;;
4;25233;181;430;;38;38;38;41.42857142857143;39.6;38.827586206896555;3.958973274443148;2.436347825193889
29;25233;181;430;;100;100;100;100;100;100;0;0
27;25233;181;430;;52.25;52.25;53.29;39.92285714285714;46.77933333333333;49.5251724137931;15.148854472755842;9.22867182160917
31;25233;181;430;;100;100;100;100;100;100;0;0
25;25189;166;378;;0;0;0;0;0;0;0;0
16;25189;166;378;;0.06;0;0;0.015714285714285715;0.022000000000000002;15.026499999999999;0.038491981672307087;35.69605864447782
13;25189;166;378;"{""proxy_name"": ""ZYTE"", ""spider_name"": ""pdp_shopee_com_br""}";1.06;4.91;2.7566666666666664;2.307142857142857;1.3913333333333333;0.9;1.2918725532642727;1.1215200144701578
7;25189;166;378;;0;0;0;0;0;0;0;0
35;25189;166;378;;1;1;1;1;1;1;0;0
36;25189;166;378;;2;2;2;2;2;2;0;0
5;25189;166;378;;0;0;0;0;0;0;0;0
14;25189;166;378;;0;0;0;0.02317510076130766;0.013058658646786883;0.008314568240815846;0.05676717160278973;0.029833451518600642
10;25189;166;378;;1;1;1;0.9748096730855352;0.9860009024817398;0.9911816252208948;0.06170344739433666;0.032434100444294844
3;25231;181;439;;730;730;581;511.57142857142856;498.75;498.75;92.99594022299675;93.36989611218382
11;25189;166;378;"{""percentile"": ""p50"", ""proxy_name"": ""ZYTE"", ""spider_name"": ""pdp_shopee_com_br""}";23.793;23.982;24.037000000000003;20.605428571428572;15.766266666666667;13.817607142857144;5.176828092764991;4.703755773993538
6;25189;166;378;"{""percentile"": ""p95"", ""proxy_name"": ""ZYTE"", ""spider_name"": ""pdp_shopee_com_br""}";49.448;52.3;48.397;49.73428571428571;43.4656;38.88596428571429;6.235980933588687;8.960680205694459
4;25189;166;378;;160;143;142.33333333333334;136.71428571428572;131.13333333333333;124.03448275862068;6.691450530645925;10.236792192265787
29;25189;166;378;;100;100;100;100;100;100;0;0
27;25189;166;378;;100;100;100;100;100;100;0;0
31;25189;166;378;;100;100;100;100;100;100;0;0
34;25189;166;378;;21;20;20;19.857142857142858;18.933333333333334;19.071428571428573;0.3499271061118826;1.6019758208575574
7;25234;181;438;;0;0;0;0;0;0;0;0
35;25234;181;438;;1;1;1;1;1;1;0;0
36;25234;181;438;;1;1;1;1;1;1;0;0
5;25234;181;438;;0;0;0;0;0;0;0;0
14;25234;181;438;;0;0;0;0;0;0;0;0
10;25234;181;438;;1;1;1;1;1;1;0;0
11;25234;181;438;"{""percentile"": ""p50"", ""proxy_name"": ""ZYTE_PROXY_MODE"", ""spider_name"": ""pdp_drogariaspacheco_com_br""}";1.209373950958252;1.224122524261475;1.2123862902323406;1.2810572215488978;1.3064204533894856;1.299061381816864;0.09815440357797836;0.09543515686671061
3;25243;147;321;;306;309;309.3333333333333;310.2857142857143;308.4;294.6551724137931;1.2777531299998799;23.017648194777617
11;25234;181;438;"{""percentile"": ""p50"", ""proxy_name"": ""ZYTE_PROXY_MODE"", ""spider_name"": ""plp_drogariaspacheco_com_br""}";1.998055934906006;1.990681886672974;1.9634776910146081;1.9281583172934398;1.9594236056009928;1.9478535532951355;0.26395133441301777;0.1880540136452204
6;25234;181;438;"{""percentile"": ""p95"", ""proxy_name"": ""ZYTE_PROXY_MODE"", ""spider_name"": ""pdp_drogariaspacheco_com_br""}";1.39210033416748;1.597092866897583;1.6898802916208904;2.0684490544455394;3.456916538874309;3.129749095439911;0.5056757842970443;2.950272042453794
6;25234;181;438;"{""percentile"": ""p95"", ""proxy_name"": ""ZYTE_PROXY_MODE"", ""spider_name"": ""plp_drogariaspacheco_com_br""}";3.739212989807129;4.089173078536987;3.5571767489115396;3.2386134692600796;4.599415143330892;4.375123143196106;0.583425387321299;2.728856165938452
4;25234;181;438;;31;31;31;30.428571428571427;30.2;30.103448275862068;0.4948716593053935;0.3045434781492361
29;25234;181;438;;100;100;100;100;100;100;0;0
27;25234;181;438;;100;100;100;100;100;100;0;0
31;25234;181;438;;100;100;100;100;100;100;0;0
18;25231;181;439;;100;100;100;100;100;100;0;0
19;25231;181;439;;6;10;10;6.666666666666667;6.666666666666667;6.666666666666667;4.068851871911234;4.068851871911234
15;25231;181;439;;0;;;;;;;
3;25241;148;328;;85;86;86.33333333333333;86.71428571428571;86.86666666666666;87.20689655172414;0.45175395145262565;0.8460582169920895
15;25243;147;321;;0;;;;;;;
18;25241;148;328;;85.92;85.92;85.92;85.92;85.92;84.7751724137931;0;1.3788016303263952
19;25241;148;328;;4;4;4;4;4;4;0;0
9;25241;148;328;;0;0;0;0;0;0;0;0
20;25241;148;328;;0;0;0;0;0;0;0;0
8;25241;148;328;;0;0;0;0;0;0;0;0
15;25241;148;328;;0;;;;;;;
7;25241;148;328;;0;0;0;0;0;0;0;0
5;25241;148;328;;0;0;0;0;0;0;0;0
21;25241;148;328;;0;;;;;;;
4;25241;148;328;;71;71;71;71;71;72.3103448275862;0;1.704020565600805
29;25241;148;328;;100;100;100;100;100;100;0;0
27;25241;148;328;;100;100;100;100;100;100;0;0
31;25241;148;328;;100;100;100;100;100;100;0;0
26;25241;148;328;;0;0;0;0;0;0;0;0
2;25241;148;328;;71;71;71;71;71;72.3103448275862;0;1.704020565600805
32;25241;148;328;;100;100;100;100;100;100;0;0
28;25241;148;328;;100;100;100;100;100;100;0;0
34;25234;181;438;;1;1;1;1;1;1;0;0
26;25234;181;438;;0;0;0;0;0;0;0;0
2;25234;181;438;;31;31;31;30.428571428571427;30.2;30.103448275862068;0.4948716593053935;0.3045434781492361
32;25234;181;438;;100;100;100;100;100;100;0;0
28;25234;181;438;;100;100;100;100;100;100;0;0
30;25234;181;438;;100;100;100;100;100;100;0;0
12;25234;181;438;;0;0;0;0;0;0;0;0
2;25225;181;432;;87;81;81.66666666666667;80.85714285714286;81.66666666666667;83.44827586206897;2.231499907401901;3.4897505779516553
32;25225;181;432;;100;100;100;100;100;100;0;0
28;25225;181;432;;100;100;100;100;100;100;0;0
30;25225;181;432;;100;100;100;100;100;100;0;0
12;25225;181;432;;0;0;0;0;0;0;0;0
16;25221;181;435;;0;0;0;0;0;0.3263157894736842;0;1.3844406452705036
3;25240;147;324;;88;92;113.33333333333333;98.85714285714286;93.53333333333333;109.03448275862068;25.447023802562125;111.89480366308986
13;25221;181;435;"{""proxy_name"": ""DEFAULT"", ""spider_name"": ""pdp_drogariasaopaulo_com_br""}";0;0;0;0;0;0;0;0
13;25221;181;435;"{""proxy_name"": ""ZYTE_PROXY_MODE"", ""spider_name"": ""plp_drogariasaopaulo_com_br""}";0;0;0;0;0;0;0;0
14;25221;181;435;;0;0;0;0;0;0;0;0
10;25221;181;435;;0.9982758620689656;0.9982758620689656;0.9982768444312645;0.998253717100963;0.9982489017875721;0.9982538880544438;0.000060393034925218726;0.000054524029561662886
11;25221;181;435;"{""percentile"": ""p50"", ""proxy_name"": ""DEFAULT"", ""spider_name"": ""pdp_drogariasaopaulo_com_br""}";1.034960269927979;1.032087802886963;1.0288689136505127;1.0888616357530867;1.0575984636942546;1.0523922708299425;0.08635315564798536;0.06190736065797641
11;25221;181;435;"{""percentile"": ""p50"", ""proxy_name"": ""ZYTE_PROXY_MODE"", ""spider_name"": ""plp_drogariasaopaulo_com_br""}";2.211971521377563;2.180200338363647;2.096649408340454;2.2401726245880123;2.205709536870321;2.1921777725219727;0.1977313062680863;0.14936539390250866
3;25244;149;330;;116;116;116;117.14285714285714;119.4;119.93103448275862;1.4568627181693672;2.9703248920493834
3;25242;147;322;;650;641;427.3333333333333;346.85714285714283;497.6;616.2068965517242;324.3901656829885;235.67458267270743
15;25244;149;330;;0;;;;;;;
18;25242;147;322;;81.52;82.66;84.81666666666666;83.49857142857142;82.94133333333335;83.10208333333334;2.3960469144669356;1.3864041593473218
19;25242;147;322;;1;1;1;1;1;1;0;0
9;25242;147;322;;0;0;0;0;0;0;0;0
20;25242;147;322;;0;0;0;0;0;0;0;0
8;25242;147;322;;0;0;0;0;0;0;0;0
15;25242;147;322;;0;;;;;;;
24;25242;147;322;;0;0;0;0;0;0;0;0
23;25242;147;322;;0;0;0;0;0;0;0;0
22;25242;147;322;;0;0;0;0;0;0;0;0
25;25242;147;322;;0;0;0;0;0;0;0;0
7;25242;147;322;;0;0;0;0;0;0;0;0
5;25242;147;322;;0;0;0;0;0;0;0;0
21;25242;147;322;;0;;;;;;;
30;25241;148;328;;100;100;100;100;100;100;0;0
12;25241;148;328;;0;0;0;0;0;0;0;0
18;25240;147;324;;100;100;100;100;100;100;0;0
19;25240;147;324;;2;2;2;2;2;1.793103448275862;0;0.4050806939472666
9;25240;147;324;;0;0;0;0;0;0;0;0
20;25240;147;324;;0;0;0;0;0;0;0;0
8;25240;147;324;;0;0;0;0;0;0;0;0
15;25240;147;324;;0;;;;;;;
24;25240;147;324;;0;0;0;0;0;0;0;0
23;25240;147;324;;0;0;0;0;0;0;0;0
22;25240;147;324;;0;0;0;0;0;0;0;0
25;25240;147;324;;0;0;0;0;0;0;0;0
7;25240;147;324;;0;0;0;0;0;0;0;0
5;25240;147;324;;0;0;0;0;0;0;0;0
21;25240;147;324;;0;;;;;;;
4;25240;147;324;;78;78;77.33333333333333;77;76.6;71.48275862068965;0.7559289460184545;8.552558357531236
29;25240;147;324;;100;100;100;100;100;100;0;0
27;25240;147;324;;100;100;100;100;100;100;0;0
31;25240;147;324;;100;100;100;100;100;100;0;0
26;25240;147;324;;0;0;0;0;0;0;0;0
16;25233;181;430;;0;0;0;0.2814285714285714;0.13133333333333333;0.07576923076923077;0.6893563990404087;0.37884615384615383
13;25233;181;430;"{""proxy_name"": ""ZYTE_PROXY_MODE"", ""spider_name"": ""pdp_amazon_com_br""}";0;0;0;0.2814285714285714;0.29266666666666663;0.25823529411764706;0.6893563990404087;0.7114048677181993
13;25233;181;430;"{""proxy_name"": ""DEFAULT"", ""spider_name"": ""plp_amazon_com_br""}";0;0;0;0;0;0;0;0
35;25233;181;430;;1;1;3.6666666666666665;3.2857142857142856;3.142857142857143;3.142857142857143;3.010186786529354;3.0904725218262765
36;25233;181;430;;1;1;4.666666666666667;4.285714285714286;4.071428571428571;4.071428571428571;4.2999762695121175;4.4153027030073115
14;25233;181;430;;0.6853526220614828;0.6883561643835616;0.6956352326056053;0.6665645656397574;0.7532471128970576;0.7653916797710358;0.2574218556361238;0.1790991392714948
10;25233;181;430;;0.31464737793851716;0.3116438356164384;0.3043647673943947;0.33343543436024264;0.24675288710294244;0.2346083202289642;0.2574218556361238;0.1790991392714948
11;25233;181;430;"{""percentile"": ""p50"", ""proxy_name"": ""ZYTE_PROXY_MODE"", ""spider_name"": ""pdp_amazon_com_br""}";2.972143650054932;2.972109317779541;2.94492769241333;3.0201049872807095;3.0271589756011963;3.0236419509438908;0.07737396273206198;0.0544179766915206
18;25224;181;431;;97.22;97.22;97.19333333333333;97.16285714285713;96.97600000000001;97.01655172413793;0.03614031611620928;0.4902376331737359
18;25270;117;241;;93.47;94.3;93.54333333333334;93.9342857142857;94.20466666666667;94.89821428571429;0.5620843135244075;1.04512491929854
19;25270;117;241;;1;1;1;1;1;1;0;0
9;25270;117;241;;0;0;0;0;0;0;0;0
20;25270;117;241;;100;100;100;100;100;100;0;0
8;25270;117;241;;0.15;0.15;0.14333333333333334;0.1457142857142857;0.146;0.12785714285714286;0.004948716593053926;0.037355162471408236
15;25270;117;241;;0;;;;;;;
24;25270;117;241;;0;0;0;0;0;0;0;0
23;25270;117;241;;0;0;0;0;0;0;0;0
22;25270;117;241;;0.76;2.63;1.3066666666666666;1.587142857142857;1.806;2.4635714285714285;0.803327264492841;1.53613665288168
25;25270;117;241;;2.29;0;0.10333333333333333;0.21428571428571427;0.6;0.9753571428571428;0.20444050079998077;1.070899095362854
16;25270;117;241;;43.51;55.26;46.64666666666667;37.23428571428571;35.19866666666667;41.081785714285715;15.17769026013685;18.20788252644823
3;25286;121;250;;526;488;341.6666666666667;916.7142857142857;1202.3333333333333;1328.8275862068965;592.7417443627571;399.99121274533513
13;25270;117;241;"{""proxy_name"": ""ZYTE_PROXY_MODE"", ""spider_name"": ""pdp_mercadolivre_com_br_sellers_variants""}";3.39;0;0;0.002857142857142857;1.1086666666666667;1.8858823529411766;0.006998542122237652;2.731504775595376
13;25270;117;241;"{""proxy_name"": ""ZYTE_PROXY_MODE"", ""spider_name"": ""plp_mercadolivre_com_br_adhoc""}";0;;;;;;;
7;25270;117;241;;0;0;0;0;0;0;0;0
35;25270;117;241;;46;46;45.333333333333336;45.142857142857146;43.86666666666667;29.428571428571427;0.6388765649999399;16.61416902059498
36;25270;117;241;;92;93;92.33333333333333;92.42857142857143;90.73333333333333;75.10714285714286;0.9035079029052513;18.245037066309852
5;25270;117;241;;0;0;0;0;0;0;0;0
21;25270;117;241;;0;;;;;;;
14;25270;117;241;;0.03389308272993376;0.04059296203934608;0.03236928616401921;0.03717751104336124;0.07369338257328753;0.080729408712998;0.006609168084631583;0.06213379012376419
10;25270;117;241;;0.9637960252657526;0.956359102244389;0.9654774027557907;0.9602695730620957;0.9240539312381679;0.9170251145858865;0.007106094825785863;0.06159450374930561
11;25270;117;241;"{""percentile"": ""p50"", ""proxy_name"": ""ZYTE_PROXY_MODE"", ""spider_name"": ""pdp_mercadolivre_com_br_sellers_variants""}";1.665268898010254;1.787484645843506;1.7222520510355632;1.7567544324057442;1.6555697441101072;1.646484459147734;0.04714199925490116;0.14118249923221338
3;25293;182;440;;1774;;;;;;;
3;25295;121;417;;24;23;22;21.142857142857142;21.6;129.55172413793105;1.8070158058105026;304.39273476840077
7;25293;182;440;;0;;;;;;;
5;25293;182;440;;0;;;;;;;
21;25293;182;440;;0;;;;;;;
4;25293;182;440;;599;;;;;;;
29;25293;182;440;;39.38;;;;;;;
27;25293;182;440;;100;;;;;;;
31;25293;182;440;;39.38;;;;;;;
26;25293;182;440;;0;;;;;;;
2;25293;182;440;;612;;;;;;;
32;25293;182;440;;100;;;;;;;
28;25293;182;440;;100;;;;;;;
30;25293;182;440;;100;;;;;;;
12;25293;182;440;;0;;;;;;;
30;25289;142;305;;100;100;100;100;100;100;0;0
12;25289;142;305;;0;0;0;0;0;0;0;0
18;25286;121;250;;96.07;96.63;96.07666666666667;95.06285714285715;78.506;87.50250000000001;3.4287761843621345;19.918041646600557
19;25286;121;250;;7;6;6;5.285714285714286;4.933333333333334;5.25;1.0301575072754254;1.2137603905690306
9;25286;121;250;;0;0;0;0;0;0;0;0
20;25286;121;250;;100;100;100;100;100;100;0;0
8;25286;121;250;;0;0;0;0;0;0.5442857142857143;0;1.2826129261657029
15;25286;121;250;;0;;;;;;;
24;25286;121;250;;0;0;0;0;0;0;0;0
23;25286;121;250;;0;0;0;0;0;0;0;0
22;25286;121;250;;0;0;0;0;0.38666666666666666;0.21481481481481482;0;1.0953449325495612
25;25286;121;250;;0;0;0;0;0;0;0;0
7;25286;121;250;;0;0;0;0;0;0;0;0
5;25286;121;250;;0;0;0;0;0;0;0;0
21;25286;121;250;;0;;;;;;;
3;25248;148;326;;33;27;29;30.142857142857142;28.933333333333334;27.551724137931036;2.8499910490371434;2.2373969927597703
11;25233;181;430;"{""percentile"": ""p50"", ""proxy_name"": ""DEFAULT"", ""spider_name"": ""plp_amazon_com_br""}";1.425210952758789;1.446662902832031;1.4388656616210938;1.4545327254704066;1.438196357091268;1.4393578837899603;0.0381647475453748;0.03734010351605857
6;25233;181;430;"{""percentile"": ""p95"", ""proxy_name"": ""ZYTE_PROXY_MODE"", ""spider_name"": ""pdp_amazon_com_br""}";3.249695062637329;3.283405542373657;3.2888746261596675;3.3654841695513045;3.561749045054118;3.5376928273369286;0.08238420695828995;0.3144146950256801
6;25233;181;430;"{""percentile"": ""p95"", ""proxy_name"": ""DEFAULT"", ""spider_name"": ""plp_amazon_com_br""}";1.741252660751343;1.899608373641968;1.8373487790425618;1.7499923706054688;1.7457921187082925;1.749612289316514;0.09403411375785987;0.07851441608611849
34;25233;181;430;;1;1;11.333333333333334;10.428571428571429;9.714285714285714;9.714285714285714;12.29235700817083;12.179775809739283
26;25233;181;430;;0;0;0;0;0;0;0;0
2;25233;181;430;;222;222;222.66666666666666;229.85714285714286;227.13333333333333;227.10344827586206;7.9359682356178;4.459355354573024
32;25233;181;430;;50.45;50.45;51.49333333333333;37.93714285714286;44.666666666666664;47.37034482758621;15.245813209145757;9.211536051756953
28;25233;181;430;;100;100;100;100;100;100;0;0
3;25247;147;325;;120;120;119.33333333333333;119.57142857142857;119.06666666666666;113.44827586206897;0.7284313590846836;9.24973888502489
30;25233;181;430;;100;100;100;100;100;100;0;0
12;25233;181;430;;0;0;0;0;0;0;0;0
19;25224;181;431;;2;2;2;2;2;2;0;0
9;25224;181;431;;0;0;0;0;0;0;0;0
20;25224;181;431;;0;0;0;0;0;0;0;0
8;25224;181;431;;0;0;0;0;0;0;0;0
13;25224;181;431;"{""proxy_name"": ""DEFAULT"", ""spider_name"": ""pdp_epocacosmeticos_com_br""}";0;0;0;0;0;0;0;0
3;25246;149;331;;87;87;87;87.28571428571429;88.13333333333334;90.51724137931035;0.45175395145262565;6.217997735468207
3;25251;148;327;;70;70;70;70;70;69.65517241379311;0;0.7998216210167726
21;25248;148;326;;0;;;;;;;
18;25247;147;325;;50.43;50.43;51.57;53.11571428571428;52.63066666666667;51.37689655172414;1.4743217049870498;3.0716120707922068
19;25247;147;325;;1;1;1;1;1;1;0;0
9;25247;147;325;;0;0;0;0;0;0;0;0
20;25247;147;325;;100;100;100;100;100;100;0;0
8;25247;147;325;;0;0;0;0;0;0;0;0
15;25247;147;325;;0;;;;;;;
7;25247;147;325;;0;0;0;0;0;0;0;0
5;25247;147;325;;0;0;0;0;0;0;0;0
21;25247;147;325;;0;;;;;;;
4;25247;147;325;;117;117;117;117;115.73333333333333;109.75862068965517;0;7.819759112674865
29;25247;147;325;;100;100;100;100;100;100;0;0
27;25247;147;325;;100;100;100;100;100;100;0;0
31;25247;147;325;;100;100;100;100;100;100;0;0
26;25247;147;325;;0;0;0;0;0;0;0;0
2;25247;147;325;;117;117;117;117;115.73333333333333;109.75862068965517;0;7.819759112674865
32;25247;147;325;;100;100;100;100;100;100;0;0
28;25247;147;325;;100;100;100;100;100;100;0;0
18;25246;149;331;;100;100;100;100;100;100;0;0
19;25246;149;331;;2;2;2;2;2;1.8620689655172413;0;0.3448275862068966
9;25246;149;331;;0;0;0;0;0;0;0;0
20;25246;149;331;;0;0;0;0;0;0;0;0
8;25246;149;331;;0;0;0;0;0;0;0;0
15;25246;149;331;;0;;;;;;;
7;25246;149;331;;0;0;0;0;0;0;0;0
5;25246;149;331;;0;0;0;0;0;0;0;0
21;25246;149;331;;0;;;;;;;
4;25246;149;331;;42;42;43;44.714285714285715;55.2;61.48275862068966;1.5779087167410373;13.379399217621643
29;25246;149;331;;100;100;100;100;100;100;0;0
27;25246;149;331;;100;100;100;100;100;100;0;0
31;25246;149;331;;100;100;100;100;100;100;0;0
26;25246;149;331;;0;0;0;0;0;0;0;0
2;25246;149;331;;42;42;43;44.714285714285715;55.2;61.48275862068966;1.5779087167410373;13.379399217621643
32;25246;149;331;;100;100;100;100;100;100;0;0
28;25246;149;331;;100;100;100;100;100;100;0;0
30;25246;149;331;;100;100;100;100;100;100;0;0
12;25246;149;331;;0;0;0;0;0;0;0;0
13;25232;181;434;"{""proxy_name"": ""ZYTE_PROXY_MODE"", ""spider_name"": ""pdp_drogasil_com_br""}";0;0;0;0;0;0;0;0
13;25232;181;434;"{""proxy_name"": ""ZYTE_PROXY_MODE"", ""spider_name"": ""plp_drogasil_com_br""}";0;0;0;0;0;0;0;0
14;25232;181;434;;0;0;0;0.0017006802721088435;0.0007936507936507937;0.0006265664160401002;0.004165798882284316;0.0026582961698742385
10;25232;181;434;;1;1;1;0.9982993197278912;0.9992063492063491;0.9993734335839598;0.004165798882284302;0.0026582961698742294
11;25232;181;434;"{""percentile"": ""p50"", ""proxy_name"": ""ZYTE_PROXY_MODE"", ""spider_name"": ""pdp_drogasil_com_br""}";1.329828977584839;1.246412515640259;1.2953040599823;1.2805640356881278;1.1827829996744792;1.132291367179469;0.2777478187545744;0.2615514439822108
11;25232;181;434;"{""percentile"": ""p50"", ""proxy_name"": ""ZYTE_PROXY_MODE"", ""spider_name"": ""plp_drogasil_com_br""}";1.424829244613647;1.322777271270752;1.3966240882873535;1.437523671558925;1.3568966706593832;1.326245731777615;0.16143613129256565;0.14513199259067522
6;25232;181;434;"{""percentile"": ""p95"", ""proxy_name"": ""ZYTE_PROXY_MODE"", ""spider_name"": ""pdp_drogasil_com_br""}";17.13650751113892;2.773245811462402;8.431604146957396;8.587791272572108;6.837734413146972;5.829295923835352;4.703963886975277;4.854633337376747
6;25232;181;434;"{""percentile"": ""p95"", ""proxy_name"": ""ZYTE_PROXY_MODE"", ""spider_name"": ""plp_drogasil_com_br""}";2.389167070388794;5.226619958877563;3.285301367441813;4.389055592673165;3.938582976659139;3.73142671585083;3.044536823835473;2.880093074680158
3;25253;148;329;;129;129;128;127.42857142857143;123.6;116.34482758620689;2.1946130708196026;11.170391472993623
13;25224;181;431;"{""proxy_name"": ""ZYTE_PROXY_MODE"", ""spider_name"": ""plp_epocacosmeticos_com_br""}";0;0;0;13.445714285714287;6.274666666666667;5.228888888888889;32.93513922725039;21.559261193507457
7;25224;181;431;;0;0;0;0;0;0;0;0
5;25224;181;431;;0;0;0;0;0;0;0;0
21;25224;181;431;;0;;;;;;;
14;25224;181;431;;0.01;0.01;0.010068027210884354;0.00868804664723032;0.0047488662131519276;0.004536092214663643;0.0035479983502218772;0.005072456288150199
10;25224;181;431;;0.99;0.99;0.9899319727891157;0.9913119533527697;0.995251133786848;0.9954639077853363;0.003547998350221881;0.005072456288150199
3;25250;147;322;;674;650;430.3333333333333;439.7142857142857;498.93333333333334;610;304.21595444482443;232.30850475027887
11;25270;117;241;"{""percentile"": ""p50"", ""proxy_name"": ""ZYTE_PROXY_MODE"", ""spider_name"": ""plp_mercadolivre_com_br_adhoc""}";2.326140403747559;;;;;;;
6;25270;117;241;"{""percentile"": ""p95"", ""proxy_name"": ""ZYTE_PROXY_MODE"", ""spider_name"": ""pdp_mercadolivre_com_br_sellers_variants""}";4.730195283889771;10.80633139610291;9.321129878362022;8.466540506907872;7.587232812245687;7.268562499214621;1.9359326704645106;2.292144832143446
6;25270;117;241;"{""percentile"": ""p95"", ""proxy_name"": ""ZYTE_PROXY_MODE"", ""spider_name"": ""plp_mercadolivre_com_br_adhoc""}";6.381720781326294;;;;;;;
4;25270;117;241;;7560;7584;7689.666666666667;7583.714285714285;7603.733333333334;8081.607142857143;130.27192909527395;606.0351439176324
34;25270;117;241;;382;385;387;387.85714285714283;394.93333333333334;419.67857142857144;2.294625486315573;28.675591376924146
11;25260;181;430;"{""percentile"": ""p50"", ""proxy_name"": ""DEFAULT"", ""spider_name"": ""plp_amazon_com_br""}";1.466841220855713;1.425210952758789;1.4345589478810628;1.4538417203085763;1.4362804730733236;1.4385719431771173;0.038642606572645614;0.036432459298745695
6;25260;181;430;"{""percentile"": ""p95"", ""proxy_name"": ""ZYTE_PROXY_MODE"", ""spider_name"": ""pdp_amazon_com_br""}";3.302811145782471;3.249695062637329;3.268904129664103;3.353256940841675;3.4860676765441894;3.521692951520284;0.09177514023659937;0.312596384391088
6;25260;181;430;"{""percentile"": ""p95"", ""proxy_name"": ""DEFAULT"", ""spider_name"": ""plp_amazon_com_br""}";1.743653297424316;1.741252660751343;1.7970250447591145;1.7548233781542097;1.7428424994150797;1.7491478655073378;0.09258111184350735;0.0763263210192688
16;25255;178;412;;0;0;0;0;0;0.18724137931034482;0;0.9907882495917743
13;25255;178;412;"{""proxy_name"": ""ZYTE_PROXY_MODE"", ""spider_name"": ""pdp_amazon_com_br_sellers_variants""}";0;0;0;0;1.9460000000000002;1.8425;0;5.620931306287242
14;25255;178;412;;0.1724137931034483;0.1044776119402985;0.09231422429925899;0.10442420111807736;0.15463742213445805;0.16072600790858868;0.02013017898323298;0.0759021342617383
15;25253;148;329;;0;;;;;;;
12;25251;148;327;;0;0;0;0;0;0;0;0
18;25250;147;322;;81.52;81.52;84.51333333333334;83.36857142857143;82.89333333333335;83.03333333333333;2.473917821544422;1.421790733156215
19;25250;147;322;;1;1;1;1;1;1;0;0
9;25250;147;322;;0;0;0;0;0;0;0;0
20;25250;147;322;;0;0;0;0;0;0;0;0
8;25250;147;322;;0;0;0;0;0;0;0;0
15;25250;147;322;;0;;;;;;;
7;25250;147;322;;0;0;0;0;0;0;0;0
15;25288;142;308;;0;;;;;;;
18;25272;143;309;;93.01;93.05;92.90333333333335;92.85000000000001;92.924;93.19928571428571;0.23021728866442523;0.3692746613432924
19;25272;143;309;;5;5;5;5;5;5;0;0
5;25250;147;322;;0;0;0;0;0;0;0;0
21;25250;147;322;;0;;;;;;;
4;25250;147;322;;671;671;452.6666666666667;551.7142857142857;575.6666666666666;589.4166666666666;206.61677036464965;122.65735358668427
29;25250;147;322;;100;100;100;100;100;100;0;0
27;25250;147;322;;100;100;100;100;100;100;0;0
31;25250;147;322;;100;100;100;100;100;100;0;0
26;25250;147;322;;0;0;0;0;0;0;0;0
2;25250;147;322;;4779;4779;3245;3920.4285714285716;4055.6;4202.041666666667;1430.4069208388478;860.4036106757624
32;25250;147;322;;100;100;100;100;100;100;0;0
28;25250;147;322;;100;100;100;100;100;100;0;0
30;25250;147;322;;100;100;100;100;100;100;0;0
12;25250;147;322;;0;0;0;0;0;0;0;0
3;25249;147;323;;3701;3698;3703.3333333333335;1587.142857142857;1967.3333333333333;2650.5862068965516;1832.6776217617005;1664.293709930191
9;25231;181;439;;0;0;0;0;0;0;0;0
20;25231;181;439;;100;100;100;100;100;100;0;0
8;25231;181;439;;0;0;0;0;0;0;0;0
13;25231;181;439;"{""proxy_name"": ""ZYTE_PROXY_MODE"", ""spider_name"": ""pdp_sellers_variants_mercadolivre_com_br""}";0;0;0;0;0;0;0;0
13;25231;181;439;"{""proxy_name"": ""ZYTE_PROXY_MODE"", ""spider_name"": ""plp_mercadolivre_com_br""}";0;0;0;0;0;0;0;0
7;25231;181;439;;0;0;0;0;0;0;0;0
5;25231;181;439;;0;0;0;0;0;0;0;0
21;25231;181;439;;0;;;;;;;
14;25231;181;439;;0.7836065573770492;0.46614872364039955;0.6200120940283067;0.6200120940283067;0.6200120940283067;0.6200120940283067;0.11925615243915626;0.11925615243915626
10;25231;181;439;;0.19836065573770492;0.5194228634850167;0.37371084679981964;0.37371084679981964;0.37371084679981964;0.37371084679981964;0.11380920297972487;0.11380920297972487
11;25231;181;439;"{""percentile"": ""p50"", ""proxy_name"": ""ZYTE_PROXY_MODE"", ""spider_name"": ""pdp_sellers_variants_mercadolivre_com_br""}";1.9196617603302;1.972601652145386;2.754169225692749;2.754169225692749;2.754169225692749;2.754169225692749;0.5569683401164869;0.5569683401164869
11;25231;181;439;"{""percentile"": ""p50"", ""proxy_name"": ""ZYTE_PROXY_MODE"", ""spider_name"": ""plp_mercadolivre_com_br""}";2.99577784538269;2.250586271286011;1.5786652565002444;1.5786652565002444;1.5786652565002444;1.5786652565002444;0.47521779961371036;0.47521779961371036
3;25252;147;362;;7211;7200;7167.666666666667;7166.142857142857;6728.533333333334;5428.310344827586;57.38448912238162;1528.4020978301505
16;25220;181;438;;0;12.5;4.166666666666667;1.7857142857142858;0.8333333333333334;0.7352941176470589;4.374088826398532;2.9411764705882355
18;25269;181;431;;97.22;97.22;97.21999999999998;97.18571428571428;96.992;97.02758620689656;0.03958973274443064;0.49288492867321376
19;25269;181;431;;2;2;2;2;2;2;0;0
9;25269;181;431;;0;0;0;0;0;0;0;0
20;25269;181;431;;0;0;0;0;0;0;0;0
8;25269;181;431;;0;0;0;0;0;0;0;0
15;25269;181;431;;0;;;;;;;
13;25269;181;431;"{""proxy_name"": ""DEFAULT"", ""spider_name"": ""pdp_epocacosmeticos_com_br""}";0;0;0;0;0;0;0;0
13;25269;181;431;"{""proxy_name"": ""ZYTE_PROXY_MODE"", ""spider_name"": ""plp_epocacosmeticos_com_br""}";0;0;0;0;6.274666666666667;4.706;0;20.51297842830241
7;25269;181;431;;0;0;0;0;0;0;0;0
3;25272;143;309;;68163;67758;44287.666666666664;53493.28571428572;57709.86666666667;58839.41379310345;22011.01315714662;11326.109782016618
5;25269;181;431;;0;0;0;0;0;0;0;0
21;25269;181;431;;0;;;;;;;
14;25269;181;431;;0.011111111111111112;0.01;0.01;0.010087463556851311;0.005387755102040816;0.005082482993197279;0.00010099421618477368;0.005083671651618974
10;25269;181;431;;0.9888888888888889;0.99;0.9899999999999999;0.9899125364431487;0.9946122448979592;0.9949175170068028;0.00010099421618477539;0.005083671651618974
11;25269;181;431;"{""percentile"": ""p50"", ""proxy_name"": ""DEFAULT"", ""spider_name"": ""pdp_epocacosmeticos_com_br""}";1.189359188079834;1.248849153518677;1.0934334595998132;1.1369598252432687;1.1042112350463866;1.087391209602356;0.15700517650892035;0.11401451904721648
11;25269;181;431;"{""percentile"": ""p50"", ""proxy_name"": ""ZYTE_PROXY_MODE"", ""spider_name"": ""plp_epocacosmeticos_com_br""}";1.178904294967651;1.159927368164062;1.1687376499176023;1.1852700369698659;1.2665853023529052;1.2301395177841186;0.0453347648886399;0.30834841803302676
6;25269;181;431;"{""percentile"": ""p95"", ""proxy_name"": ""DEFAULT"", ""spider_name"": ""pdp_epocacosmeticos_com_br""}";1.573721170425415;1.866025924682617;1.6622029940287268;1.8321082592010498;2.6175928115844727;2.6175824284553526;0.38425619121751875;2.0952281750486903
6;25269;181;431;"{""percentile"": ""p95"", ""proxy_name"": ""ZYTE_PROXY_MODE"", ""spider_name"": ""plp_epocacosmeticos_com_br""}";1.371049880981445;1.348007440567017;1.4219892024993896;1.507662262235369;2.8375561873118085;2.7685066938400267;0.1527069751172993;2.9345957793432302
18;25252;147;362;;100;100;100;100;99.21066666666667;99.59172413793102;0;2.1603927946899835
19;25252;147;362;;2;2;2;2;1.7333333333333334;1.6551724137931034;0;0.47531202593414557
9;25252;147;362;;0;0;0;0;0;0;0;0
20;25252;147;362;;0;0;0;0;0;0;0;0
8;25252;147;362;;0;0;0;0;0;0;0;0
15;25252;147;362;;0;;;;;;;
24;25252;147;362;;0;0;0;0;0;0;0;0
23;25252;147;362;;0;0;0;0;0;0;0;0
9;25272;143;309;;0;0;0;0;0;0;0;0
20;25272;143;309;;100;100;100;100;100;100;0;0
8;25272;143;309;;0;0;0;0;0;0;0;0
15;25272;143;309;;0;;;;;;;
22;25252;147;362;;0;0;0;0;0;0.017083333333333332;0;0.08192878852325895
25;25252;147;362;;0;0;0;0;0;0.13458333333333333;0;0.6454389925125035
7;25252;147;362;;0;0;0;0;0;0;0;0
5;25252;147;362;;0;0;0;0;0;0;0;0
21;25252;147;362;;0;;;;;;;
4;25252;147;362;;3538;3552;3421.6666666666665;3412.714285714286;2566.6;2677.3793103448274;141.19865872057636;1264.5125655909692
12;25252;147;362;;0;0;0;0;0;0;0;0
21;25249;147;323;;0;;;;;;;
6;25231;181;439;"{""percentile"": ""p95"", ""proxy_name"": ""ZYTE_PROXY_MODE"", ""spider_name"": ""pdp_sellers_variants_mercadolivre_com_br""}";11.31641554832458;7.768094301223755;8.429529190063475;8.429529190063475;8.429529190063475;8.429529190063475;3.1620791028238897;3.1620791028238897
6;25231;181;439;"{""percentile"": ""p95"", ""proxy_name"": ""ZYTE_PROXY_MODE"", ""spider_name"": ""plp_mercadolivre_com_br""}";7.105154752731323;7.406723022460938;5.7874666055043535;5.7874666055043535;5.7874666055043535;5.7874666055043535;1.1894778262644814;1.1894778262644814
4;25231;181;439;;29;179;155.66666666666666;87.83333333333333;87.83333333333333;87.83333333333333;94.47295321354619;94.47295321354619
29;25231;181;439;;100;100;69.87333333333333;84.93666666666667;84.93666666666667;84.93666666666667;33.682637301071836;33.682637301071836
27;25231;181;439;;100;100;100;100;100;100;0;0
31;25231;181;439;;100;100;69.87333333333333;84.93666666666667;84.93666666666667;84.93666666666667;33.682637301071836;33.682637301071836
26;25231;181;439;;0;0;0;0;0;0;0;0
2;25231;181;439;;28;178;156.33333333333334;88.16666666666667;88.16666666666667;88.16666666666667;95.6058168848644;95.6058168848644
32;25231;181;439;;100;100;100;100;100;100;0;0
28;25231;181;439;;100;100;100;100;100;100;0;0
30;25231;181;439;;100;100;100;100;100;100;0;0
12;25231;181;439;;0;0;0;0;0;0;0;0
3;25258;152;337;;15;15;15;15;15;15;0;0
11;25224;181;431;"{""percentile"": ""p50"", ""proxy_name"": ""DEFAULT"", ""spider_name"": ""pdp_epocacosmeticos_com_br""}";1.028810024261475;1.002641201019287;1.0425817171732585;1.1422741413116455;1.091162141164144;1.0816758341259427;0.14827873540418304;0.11301371815420323
11;25224;181;431;"{""percentile"": ""p50"", ""proxy_name"": ""ZYTE_PROXY_MODE"", ""spider_name"": ""plp_epocacosmeticos_com_br""}";1.16386342048645;1.182422161102295;1.1912985642751057;1.392393044063023;1.2664449055989584;1.2377221981684368;0.477395310946508;0.32414140640994704
10;25220;181;438;;1;1;1;1;1;1;0;0
4;25269;181;431;;36;36;36;35.57142857142857;35.46666666666667;34.793103448275865;0.4948716593053935;0.8042692268752138
29;25269;181;431;;49.3;49.3;49.29999999999999;49.29142857142857;49.28933333333334;49.27137931034483;0.0098974331861059;0.02063210386434622
27;25269;181;431;;49.3;49.3;49.29999999999999;49.29142857142857;49.28933333333334;49.27137931034483;0.0098974331861059;0.02063210386434622
31;25269;181;431;;49.3;49.3;49.29999999999999;49.29142857142857;49.28933333333334;49.27137931034483;0.0098974331861059;0.02063210386434622
26;25269;181;431;;0;0;0;0;0;0;0;0
2;25269;181;431;;71;71;71;70.14285714285714;69.93333333333334;68.58620689655173;0.989743318610787;1.6085384537504277
32;25269;181;431;;49.3;49.3;49.29999999999999;49.29142857142857;49.28933333333334;49.27137931034483;0.0098974331861059;0.02063210386434622
28;25269;181;431;;49.3;49.3;49.29999999999999;49.29142857142857;49.28933333333334;49.27137931034483;0.0098974331861059;0.02063210386434622
30;25269;181;431;;49.3;49.3;49.29999999999999;49.29142857142857;49.28933333333334;49.27137931034483;0.0098974331861059;0.02063210386434622
12;25269;181;431;;0;0;0;0;0;0;0;0
16;25259;160;358;;1.79;0;2.84;2.744285714285714;8.008666666666667;6.839600000000001;2.5317461909737724;10.511586171458616
3;25287;160;357;;17379;17384;11530.333333333334;13003.714285714286;13778.8;13894.689655172413;5488.114813310818;2809.730065614333
13;25259;160;358;"{""proxy_name"": ""ZYTE_PROXY_MODE"", ""spider_name"": ""pdp_netshoes_com_br""}";0;0;0;0;0;0;0;0
13;25259;160;358;"{""proxy_name"": ""ZYTE_PROXY_MODE"", ""spider_name"": ""plp_netshoes_com_br""}";0;0;0;0;0;0;0;0
35;25259;160;358;;3;3;3;3;3;3.1481481481481484;0;0.3552467795046459
36;25259;160;358;;15;15;15;14.857142857142858;14.533333333333333;14.11111111111111;0.3499271061118826;0.7856742013183862
14;25259;160;358;;0.001838235294117647;0.005738880918220947;0.0047773976359286935;0.0037653368316680072;0.0029400787783294894;0.0028691906718396522;0.0013246614667399568;0.001205419809677849
10;25259;160;358;;0.9981617647058824;0.994261119081779;0.9952226023640712;0.996234663168332;0.9969965614846834;0.997071409574735;0.0013246614667399433;0.0012029016933530936
11;25259;160;358;"{""percentile"": ""p50"", ""proxy_name"": ""ZYTE_PROXY_MODE"", ""spider_name"": ""pdp_netshoes_com_br""}";0.9533054828643799;1.005309104919434;1.0028746128082275;0.9952133042471749;0.9826299826304118;0.9807190597057343;0.02490199708931197;0.02933089307169135
11;25259;160;358;"{""percentile"": ""p50"", ""proxy_name"": ""ZYTE_PROXY_MODE"", ""spider_name"": ""plp_netshoes_com_br""}";1.882700443267822;1.936610221862793;2.0556326707204184;2.1479584830147878;1.9973188400268556;1.9880428463220596;0.4529569696336124;0.38478758631103255
15;25258;152;337;;0;;;;;;;
24;25255;178;412;;0;0;0;0;0;0;0;0
23;25255;178;412;;0;0;0;0;0;0;0;0
22;25255;178;412;;0;0;0;0;0;0;0;0
25;25255;178;412;;0;0;0;0;0;0;0;0
21;25255;178;412;;0;;;;;;;
15;25291;59;116;;4;;;;;;;
18;25287;160;357;;86.72;88.84;88.65333333333335;88.09;88.672;89.55142857142857;0.7056101716144072;1.260874736855654
19;25287;160;357;;1;1;1;1;1;1;0;0
9;25287;160;357;;0;0;0;0;0;0;0;0
20;25287;160;357;;100;100;100;100;100;100;0;0
8;25287;160;357;;0.02;0.02;0.02;0.02;0.026000000000000002;0.06321428571428571;0;0.056064603770278866
15;25287;160;357;;0;;;;;;;
24;25287;160;357;;0;0;0;0;0;0;0;0
23;25287;160;357;;0;0;0.03666666666666667;0.015714285714285715;0.007333333333333333;0.013928571428571429;0.031102201510110342;0.053940396054632495
22;25287;160;357;;0.09;0.14;0.5066666666666667;0.4957142857142857;0.512;0.5;0.4234166183005353;0.5671671459354565
25;25287;160;357;;0;0;0.09333333333333334;0.0642857142857143;0.08466666666666667;0.11107142857142857;0.07780142173822915;0.19689263364502357
21;25287;160;357;;0;;;;;;;
18;25230;181;436;;0;0;0;0;0;0;0;0
19;25230;181;436;;3;3;3;2.5714285714285716;2.2666666666666666;2.1379310344827585;0.4948716593053935;0.3448275862068966
9;25230;181;436;;0;0;0;0;0;0;0;0
20;25230;181;436;;3.7;3.7;3.7000000000000006;2.1142857142857143;0.9866666666666667;0.5103448275862069;1.8310251394299562;1.2758620689655173
3;25257;178;411;;881;910;597;780.2857142857143;848.6;859.4827586206897;318.88050349653565;165.12453413015388
8;25230;181;436;;0;0;0;0;0;0;0;0
15;25230;181;436;;0;;;;;;;
13;25230;181;436;"{""proxy_name"": ""ZYTE_PROXY_MODE"", ""spider_name"": ""pdp_paguemenos_com_br""}";0;0;0;0;0;0;0;0
13;25230;181;436;"{""proxy_name"": ""ZYTE_PROXY_MODE"", ""spider_name"": ""plp_paguemenos_com_br""}";0;0;0;0;0;0;0;0
7;25230;181;436;;0;0;0;0;0;0;0;0
5;25230;181;436;;0;0;0;0;0;0;0;0
21;25230;181;436;;0;;;;;;;
14;25230;181;436;;0;0;0;0;0;0;0;0
10;25230;181;436;;1;1;1;1;1;1;0;0
11;25230;181;436;"{""percentile"": ""p50"", ""proxy_name"": ""ZYTE_PROXY_MODE"", ""spider_name"": ""pdp_paguemenos_com_br""}";2.484836578369141;2.169758081436157;2.251163959503174;2.391998529434204;2.44997452100118;2.4426196876325106;0.20056124116080618;0.17334171082653899
11;25230;181;436;"{""percentile"": ""p50"", ""proxy_name"": ""ZYTE_PROXY_MODE"", ""spider_name"": ""plp_paguemenos_com_br""}";1.806339979171753;1.701078653335571;1.6578883330027263;1.6711920670100622;1.6446475346883138;1.6459442447213566;0.253407781253279;0.2611319095128045
6;25230;181;436;"{""percentile"": ""p95"", ""proxy_name"": ""ZYTE_PROXY_MODE"", ""spider_name"": ""pdp_paguemenos_com_br""}";3.593468189239502;3.072259187698364;3.2565662066141763;3.529451710837228;4.188396787643432;4.0544854088833455;0.3327783205255265;2.0403392905530797
3;25264;181;436;;31;29;29;29.142857142857142;29.933333333333334;29.724137931034484;0.3499271061118826;2.40540414159935
6;25230;181;436;"{""percentile"": ""p95"", ""proxy_name"": ""ZYTE_PROXY_MODE"", ""spider_name"": ""plp_paguemenos_com_br""}";3.783425331115723;2.78183650970459;2.8041340510050454;4.5606005532400955;4.058451350529989;3.9325911157271443;3.3995350447865644;2.409566939429668
4;25230;181;436;;27;27;27;27;27;27;0;0
3;25262;181;433;;53;53;53;53;53;52.96551724137931;0;0.18246560765962694
3;25266;181;434;;54;54;54;54;54;53.96551724137931;0;0.18246560765962694
18;25264;181;436;;0;0;0;0;0;0;0;0
19;25264;181;436;;3;3;3;2.7142857142857144;2.3333333333333335;2.1724137931034484;0.45175395145262565;0.37773969483114905
9;25264;181;436;;0;0;0;0;0;0;0;0
20;25264;181;436;;3.7;3.7;3.7000000000000006;2.642857142857143;1.2333333333333334;0.6379310344827587;1.671489620374715;1.3976368708752516
8;25264;181;436;;0;0;0;0;0;0;0;0
15;25264;181;436;;0;;;;;;;
24;25264;181;436;;0;0;0;0;0;0;0;0
23;25264;181;436;;0;0;0;0;0;0;0;0
22;25264;181;436;;0;0;0;0;0;0;0;0
18;25262;181;433;;79.25;79.25;79.25;79.25;79.25;79.75482758620689;0;0.8518645703018466
19;25262;181;433;;2;2;2;2;2;2;0;0
9;25262;181;433;;0;0;0;0;0;0;0;0
20;25262;181;433;;13.21;15.09;15.089999999999998;17.517142857142858;17.481333333333335;14.902758620689655;2.411121341295162;4.981824825995837
8;25262;181;433;;0;0;0;0;0;0;0;0
15;25262;181;433;;0;;;;;;;
7;25262;181;433;;0;0;0;0;0;0;0;0
5;25262;181;433;;0;0;0;0;0;0;0;0
21;25262;181;433;;0;;;;;;;
4;25262;181;433;;53;53;53;53;53;52.96551724137931;0;0.18246560765962694
29;25262;181;433;;100;100;100;100;100;100;0;0
27;25262;181;433;;100;100;100;100;100;100;0;0
31;25262;181;433;;100;100;100;100;100;100;0;0
26;25262;181;433;;0;0;0;0;0;0;0;0
2;25262;181;433;;53;53;53;53;53;52.96551724137931;0;0.18246560765962694
32;25262;181;433;;100;100;100;100;100;100;0;0
28;25262;181;433;;100;100;100;100;100;100;0;0
30;25262;181;433;;100;100;100;100;100;100;0;0
12;25262;181;433;;0;0;0;0;0;0;0;0
24;25257;178;411;;0;0;0;0;0;0;0;0
23;25257;178;411;;0;0;0;0;0;0.36214285714285716;0;1.881749484508759
22;25257;178;411;;0;0;0;0;0;0.32642857142857146;0;1.4424067543165344
25;25257;178;411;;0;0;0;0;0;0;0;0
21;25257;178;411;;0;;;;;;;
29;25230;181;436;;100;100;100;100;100;100;0;0
27;25230;181;436;;100;100;100;100;100;100;0;0
31;25230;181;436;;100;100;100;100;100;100;0;0
26;25230;181;436;;0;0;0;0;0;0;0;0
2;25230;181;436;;27;27;27;27;27;27;0;0
32;25230;181;436;;100;100;100;100;100;100;0;0
28;25230;181;436;;100;100;100;100;100;100;0;0
30;25230;181;436;;100;100;100;100;100;100;0;0
12;25230;181;436;;0;0;0;0;0;0;0;0
6;25224;181;431;"{""percentile"": ""p95"", ""proxy_name"": ""DEFAULT"", ""spider_name"": ""pdp_epocacosmeticos_com_br""}";1.701172351837158;1.419410705566406;1.6349129676818848;3.2140929017748157;2.7832047780354823;2.7102472384770713;3.2168277207663074;2.1888659633240364
6;25224;181;431;"{""percentile"": ""p95"", ""proxy_name"": ""ZYTE_PROXY_MODE"", ""spider_name"": ""plp_epocacosmeticos_com_br""}";1.407830953598022;1.51012921333313;1.6257679462432864;3.092114652906146;3.066458320617676;2.923016415701972;3.366886201168674;3.05448734186872
4;25224;181;431;;36;36;35.666666666666664;35.285714285714285;35.266666666666666;34.6551724137931;0.45175395145262565;0.7554793896622981
29;25224;181;431;;49.3;49.3;49.29333333333333;49.285714285714285;49.284666666666666;49.26793103448276;0.009035079029050715;0.01971859097309707
27;25224;181;431;;49.3;49.3;49.29333333333333;49.285714285714285;49.284666666666666;49.26793103448276;0.009035079029050715;0.01971859097309707
31;25224;181;431;;49.3;49.3;49.29333333333333;49.285714285714285;49.284666666666666;49.26793103448276;0.009035079029050715;0.01971859097309707
26;25224;181;431;;0;0;0;0;0;0;0;0
3;25265;181;437;;27;27;27;28;27.466666666666665;27.344827586206897;2.449489742783178;1.2939077958133598
2;25224;181;431;;71;71;70.33333333333333;69.57142857142857;69.53333333333333;68.3103448275862;0.9035079029052513;1.5109587793245962
3;25291;59;116;;147;147;146.66666666666666;146.28571428571428;146.06666666666666;144.86206896551724;0.45175395145262565;5.981143576106694
13;25268;181;432;"{""proxy_name"": ""ZYTE_PROXY_MODE"", ""spider_name"": ""pdp_belezanaweb_com_br""}";0;0;0;0;0;0;0;0
13;25268;181;432;"{""proxy_name"": ""ZYTE_PROXY_MODE"", ""spider_name"": ""plp_belezanaweb_com_br""}";66.67;0;0;0;4.691333333333334;3.5185000000000004;0;15.33678593284786
14;25268;181;432;;0;0;0;0;0;0;0;0
10;25268;181;432;;1;1;1;1;1;1;0;0
11;25268;181;432;"{""percentile"": ""p50"", ""proxy_name"": ""ZYTE_PROXY_MODE"", ""spider_name"": ""pdp_belezanaweb_com_br""}";1.217787742614746;1.244336366653442;1.225275913874308;1.23203444480896;1.2389859358469646;1.2302103757858276;0.028828648399644753;0.038336109777440654
11;25268;181;432;"{""percentile"": ""p50"", ""proxy_name"": ""ZYTE_PROXY_MODE"", ""spider_name"": ""plp_belezanaweb_com_br""}";1.335193157196045;1.422967433929443;1.3814813296000164;1.3922006062098913;1.3835296948750815;1.3730379462242126;0.03158751252637326;0.03450896421598819
6;25268;181;432;"{""percentile"": ""p95"", ""proxy_name"": ""ZYTE_PROXY_MODE"", ""spider_name"": ""pdp_belezanaweb_com_br""}";1.426996946334839;1.458498001098633;1.441170930862427;1.5217204434531078;3.5982768853505456;3.1722406148910527;0.07567773064165015;3.5192827397777378
6;25268;181;432;"{""percentile"": ""p95"", ""proxy_name"": ""ZYTE_PROXY_MODE"", ""spider_name"": ""plp_belezanaweb_com_br""}";1.740899324417114;2.031432867050171;1.936152696609497;1.8860253606523787;3.230480925242106;3.031168079376221;0.09316176240301165;2.9115062236973714
12;25268;181;432;;0;0;0;0;0;0;0;0
29;25266;181;434;;100;100;100;100;100;100;0;0
27;25266;181;434;;100;100;100;100;100;100;0;0
31;25266;181;434;;100;100;100;100;100;100;0;0
18;25265;181;437;;0;0;0;0;0;0;0;0
19;25265;181;437;;2;2;2;2;2;2.0344827586206895;0;0.18246560765962694
9;25265;181;437;;0;0;0;0;0;0;0;0
20;25265;181;437;;0;0;0;0;0;0.12758620689655173;0;0.6751227483406197
8;25265;181;437;;0;0;0;0;0;0;0;0
15;25265;181;437;;0;;;;;;;
7;25265;181;437;;0;0;0;0;0;0;0;0
3;25294;174;420;;22;20;20;19.571428571428573;19.466666666666665;18.94736842105263;0.4948716593053935;2.16366366222047
5;25265;181;437;;0;0;0;0;0;0;0;0
21;25265;181;437;;0;;;;;;;
5;25291;59;116;;0;0;0;0;0;0;0;0
21;25291;59;116;;0;;;;;;;
4;25291;59;116;;61;61;59.666666666666664;59.57142857142857;60;60.275862068965516;1.2936264483053452;1.0135819625309703
29;25291;59;116;;100;100;100;100;100;100;0;0
27;25291;59;116;;57.14;56.78;57.57;57.87571428571429;60.088;56.52172413793104;0.5732079438901513;4.855596890731296
31;25291;59;116;;100;100;100;100;100;100;0;0
26;25291;59;116;;0;0;0;0;0;0;0;0
2;25291;59;116;;119;118;114.66666666666667;114.28571428571429;114.06666666666666;117.24137931034483;2.762725657973388;5.217048791941951
32;25291;59;116;;57.14;56.78;57.57;57.87571428571429;60.088;56.52172413793104;0.5732079438901513;4.855596890731296
28;25291;59;116;;100;100;100;100;100;100;0;0
30;25291;59;116;;100;100;100;100;100;100;0;0
12;25291;59;116;;0;0;0;0;0;0;0;0
13;25229;181;433;"{""proxy_name"": ""ZYTE_PROXY_MODE"", ""spider_name"": ""pdp_drogaraia_com_br""}";0;0;0;0;0;0;0;0
13;25229;181;433;"{""proxy_name"": ""ZYTE_PROXY_MODE"", ""spider_name"": ""plp_drogaraia_com_br""}";0;0;0;0;0;0;0;0
14;25229;181;433;;0;0;0;0;0;0;0;0
10;25229;181;433;;1;1;1;1;1;1;0;0
11;25229;181;433;"{""percentile"": ""p50"", ""proxy_name"": ""ZYTE_PROXY_MODE"", ""spider_name"": ""pdp_drogaraia_com_br""}";0.9395506381988525;0.8790624141693115;0.9124586582183838;0.9067795276641846;1.0756439844767252;1.0324777552956028;0.07759811529778422;0.3584421960255428
11;25229;181;433;"{""percentile"": ""p50"", ""proxy_name"": ""ZYTE_PROXY_MODE"", ""spider_name"": ""plp_drogaraia_com_br""}";1.419436454772949;1.254396915435791;1.233383019765218;1.2984841891697474;1.288637431462606;1.2801814359777115;0.06426986835343182;0.06728112723944966
6;25229;181;433;"{""percentile"": ""p95"", ""proxy_name"": ""ZYTE_PROXY_MODE"", ""spider_name"": ""pdp_drogaraia_com_br""}";2.608290910720825;2.210155963897705;2.401484568913778;2.471541847501482;2.6190902551015216;2.5634452167310213;0.29994659571387405;0.26815067210221105
6;25229;181;433;"{""percentile"": ""p95"", ""proxy_name"": ""ZYTE_PROXY_MODE"", ""spider_name"": ""plp_drogaraia_com_br""}";3.450542449951172;3.154306173324585;2.8996803760528564;3.013138702937535;2.6974928696950276;2.63410283537472;0.5374613094241874;0.6496825037028838
32;25229;181;433;;100;100;100;100;100;100;0;0
28;25229;181;433;;100;100;100;100;100;100;0;0
30;25229;181;433;;100;100;100;100;100;100;0;0
12;25229;181;433;;0;0;0;0;0;0;0;0
32;25224;181;431;;49.3;49.3;49.29333333333333;49.285714285714285;49.284666666666666;49.26793103448276;0.009035079029050715;0.01971859097309707
28;25224;181;431;;49.3;49.3;49.29333333333333;49.285714285714285;49.284666666666666;49.26793103448276;0.009035079029050715;0.01971859097309707
30;25224;181;431;;49.3;49.3;49.29333333333333;49.285714285714285;49.284666666666666;49.26793103448276;0.009035079029050715;0.01971859097309707
12;25224;181;431;;0;0;0;0;0;0;0;0
3;25261;181;435;;531;531;531;531;531;531;0;0
6;25221;181;435;"{""percentile"": ""p95"", ""proxy_name"": ""DEFAULT"", ""spider_name"": ""pdp_drogariasaopaulo_com_br""}";1.266489505767822;1.23949670791626;1.296868880589803;2.777017354965209;2.753768650690714;2.6005692349539857;3.2253675237033783;2.868068319407846
3;25259;160;358;;1581;1540;1536.3333333333333;1540.5714285714287;1332.2;1415.2068965517242;51.00660221371107;387.01264162818217
15;25316;147;323;;0;;;;;;;
18;25260;181;430;;100;100;100;77.95142857142856;89.71066666666667;94.67793103448275;25.468303229460638;15.671200992488352
19;25260;181;430;;6;6;6;5.142857142857143;5.6;5.793103448275862;0.989743318610787;0.6090869562984722
9;25260;181;430;;0;0;0;0;0;0;0;0
20;25260;181;430;;0;0;0;0;0;0;0;0
8;25260;181;430;;100;100;100;57.142857142857146;80;89.65517241379311;49.48716593053935;30.45434781492361
15;25260;181;430;;0;;;;;;;
24;25260;181;430;;0;0;0;0;0;0;0;0
18;25259;160;358;;63.89;63.98;64.14666666666666;64.47714285714285;65.08933333333333;66.87962962962963;0.44819365348073137;2.227971143974119
19;25259;160;358;;1;1;1;1;1;1;0;0
9;25259;160;358;;0;0;0;0;0;0;0;0
20;25259;160;358;;0;0;0;0;0;0;0;0
8;25259;160;358;;0;0;0;0;0;0;0;0
15;25259;160;358;;0;;;;;;;
24;25259;160;358;;0;0;0;0;0;0;0;0
23;25259;160;358;;0;0;0;0;0;0;0;0
22;25259;160;358;;0;0;0;0;0;0;0;0
25;25259;160;358;;0;0;0;0;0;0;0;0
7;25259;160;358;;0;0;0;0;0;0;0;0
5;25259;160;358;;0;0;0;0;0;0;0;0
21;25259;160;358;;0;;;;;;;
4;25259;160;358;;720;719;717.6666666666666;710.8571428571429;699.4;687.7407407407408;8.708428945216097;16.590029563951497
29;25259;160;358;;100;100;100;100;100;100;0;0
27;25259;160;358;;100;100;100;100;100;100;0;0
31;25259;160;358;;100;100;100;100;100;100;0;0
26;25259;160;358;;0;0;0;0;0;0;0;0
2;25259;160;358;;2255;2241;2256.6666666666665;2251.5714285714284;2226.4666666666667;2221.6666666666665;15.173822786601393;44.6426137559503
32;25259;160;358;;100;100;100;100;100;100;0;0
28;25259;160;358;;100;100;100;100;100;100;0;0
30;25259;160;358;;100;100;100;100;100;100;0;0
24;25256;178;413;;0;0;0;0;0;0;0;0
23;25256;178;413;;0;0;0;0;0;0;0;0
22;25256;178;413;;0;0;0;0;0;0.11896551724137931;0;0.629506346425713
25;25256;178;413;;0;0;0;0;0;0.11896551724137931;0;0.629506346425713
21;25256;178;413;;0;;;;;;;
16;25228;141;304;;0;85.71;44.76;45.37285714285714;36.55266666666667;33.22153846153846;20.572050189020825;26.04234845434934
13;25228;141;304;"{""proxy_name"": ""ZYTE_PROXY_MODE"", ""spider_name"": ""pdp_mercadolivre_com_br_sellers_variants""}";0;0;0;0;0.011333333333333334;0.01;0;0.04
13;25228;141;304;"{""proxy_name"": ""ZYTE_PROXY_MODE"", ""spider_name"": ""plp_mercadolivre_com_br_adhoc""}";0;0;0;0;0;0;0;0
35;25228;141;304;;6;7;4.333333333333333;5.285714285714286;5.933333333333334;4.107142857142857;2.1852940772540506;2.3043326538483626
3;25260;181;430;;407;409;422;323.2857142857143;591.0666666666667;703.0689655172414;162.4972213263215;229.1078545944265
36;25228;141;304;;15;15;12.333333333333334;15.285714285714286;16.133333333333333;13.25;4.712120714991612;3.969751701483176
10;25228;141;304;;0.7213114754098361;0.856;0.8088045735935862;0.7798869154462661;0.7909555999025841;0.7958578470354167;0.04258677297486661;0.04567387938090726
11;25228;141;304;"{""percentile"": ""p50"", ""proxy_name"": ""ZYTE_PROXY_MODE"", ""spider_name"": ""pdp_mercadolivre_com_br_sellers_variants""}";2.263662815093994;1.795073270797729;1.8172164758046467;1.8399543081011092;1.7829997380574545;1.756367192548864;0.0765975008221011;0.15490728514788246
11;25228;141;304;"{""percentile"": ""p50"", ""proxy_name"": ""ZYTE_PROXY_MODE"", ""spider_name"": ""plp_mercadolivre_com_br_adhoc""}";1.904775142669678;4.069287061691284;4.069287061691284;4.069287061691284;4.069287061691284;4.069287061691284;0;0
6;25228;141;304;"{""percentile"": ""p95"", ""proxy_name"": ""ZYTE_PROXY_MODE"", ""spider_name"": ""pdp_mercadolivre_com_br_sellers_variants""}";8.939161777496338;10.54714512825012;8.036943515141806;8.388925450188774;7.782459020614623;7.618577171774471;1.4625307116407187;2.2377585965544298
6;25228;141;304;"{""percentile"": ""p95"", ""proxy_name"": ""ZYTE_PROXY_MODE"", ""spider_name"": ""plp_mercadolivre_com_br_adhoc""}";3.621672391891479;6.805397987365723;6.805397987365723;6.805397987365723;6.805397987365723;6.805397987365723;0;0
34;25228;141;304;;52;51;36.666666666666664;46.714285714285715;50.666666666666664;72.14285714285714;17.077255431164122;24.801662222109062
2;25228;141;304;;109;111;113.33333333333333;115.71428571428571;126.2;201.21428571428572;2.4907993963089563;81.57965307549651
32;25228;141;304;;100;100;100;100;100;100;0;0
3;25269;181;431;;37;37;37;36.57142857142857;36.06666666666667;35.172413793103445;0.4948716593053935;1.0849746705208465
3;25268;181;432;;64;65;65;65;65.06666666666666;65.03448275862068;0;0.18246560765962694
18;25268;181;432;;80.95;80.95;82.53666666666668;82.30999999999999;81.58466666666666;82.26310344827587;3.3313060501851197;3.035442481461962
19;25268;181;432;;2;2;2;2;2;2;0;0
9;25268;181;432;;0;0;0;0;0;0;0;0
20;25268;181;432;;0;0;0;0;0;0;0;0
8;25268;181;432;;0;0;0;0;0;0;0;0
15;25268;181;432;;0;;;;;;;
7;25268;181;432;;0;0;0;0;0;0;0;0
5;25268;181;432;;0;0;0;0;0;0;0;0
21;25268;181;432;;0;;;;;;;
4;25268;181;432;;21;21;21;21;21;21;0;0
29;25268;181;432;;100;100;100;100;100;100;0;0
27;25268;181;432;;100;100;100;100;100;100;0;0
31;25268;181;432;;100;100;100;100;100;100;0;0
26;25268;181;432;;0;0;0;0;0;0;0;0
2;25268;181;432;;78;78;82;82.14285714285714;81.4;83.20689655172414;2.695423180587601;3.5852120636055256
32;25268;181;432;;100;100;100;100;100;100;0;0
28;25268;181;432;;100;100;100;100;100;100;0;0
30;25268;181;432;;100;100;100;100;100;100;0;0
18;25263;181;439;;100;100;100;100;100;100;0;0
19;25263;181;439;;13;6;10;6.571428571428571;6.571428571428571;6.571428571428571;3.7742413753208304;3.7742413753208304
9;25263;181;439;;0;0;0;0;0;0;0;0
23;25260;181;430;;0;0;0;0;0;0;0;0
22;25260;181;430;;0;0;0;0;0;0;0;0
25;25260;181;430;;0;0;0;0;0;0;0;0
7;25260;181;430;;0;0;0;0;0;0;0;0
5;25260;181;430;;0;0;0;0;0;0;0;0
21;25260;181;430;;0;;;;;;;
4;25260;181;430;;38;38;38;41.42857142857143;39.6;38.827586206896555;3.958973274443148;2.436347825193889
29;25260;181;430;;100;100;100;100;100;100;0;0
27;25260;181;430;;52.25;52.25;52.47;39.925714285714285;46.766666666666666;49.53448275862069;15.15117709443523;9.231279504174136
31;25260;181;430;;100;100;100;100;100;100;0;0
26;25260;181;430;;0;0;0;0;0;0;0;0
2;25260;181;430;;222;222;222.33333333333334;229.57142857142858;226.93333333333334;226.93103448275863;8.174125429097124;4.555640947999173
32;25260;181;430;;50.45;50.45;50.67333333333334;38.00142857142857;44.682;47.39344827586207;15.297403541190931;9.218388398256916
28;25260;181;430;;100;100;100;100;100;100;0;0
30;25260;181;430;;100;100;100;100;100;100;0;0
12;25260;181;430;;0;0;0;0;0;0;0;0
28;25228;141;304;;100;100;100;100;100;100;0;0
30;25228;141;304;;100;100;100;100;100;100;0;0
12;25228;141;304;;0;0;0;0;0;0;0;0
9;25223;181;437;;0;0;0;0;0;0;0;0
20;25223;181;437;;0;0;0;0;0;0.12758620689655173;0;0.6751227483406197
8;25223;181;437;;0;0;0;0;0;0;0;0
15;25223;181;437;;0;;;;;;;
13;25223;181;437;"{""proxy_name"": ""ZYTE_PROXY_MODE"", ""spider_name"": ""pdp_drogariavenancio_com_br""}";0;0;0;0;0;0;0;0
3;25263;181;439;;782;730;662;553.4285714285714;524.4444444444445;524.4444444444445;113.65594339667308;114.15302703059132
13;25223;181;437;"{""proxy_name"": ""ZYTE_PROXY_MODE"", ""spider_name"": ""plp_drogariavenancio_com_br""}";0;0;0;0;0;0;0;0
7;25223;181;437;;0;0;0;0;0;0;0;0
5;25223;181;437;;0;0;0;0;0;0;0;0
21;25223;181;437;;0;;;;;;;
14;25223;181;437;;0;0;0;0;0;0;0;0
10;25223;181;437;;1;1;1;1;1;1;0;0
11;25223;181;437;"{""percentile"": ""p50"", ""proxy_name"": ""ZYTE_PROXY_MODE"", ""spider_name"": ""pdp_drogariavenancio_com_br""}";2.570055246353149;2.538748502731323;2.687976598739624;2.8216097354888916;2.7333996613820393;2.7224540180630155;0.20192081116784663;0.22358973668191065
11;25223;181;437;"{""percentile"": ""p50"", ""proxy_name"": ""ZYTE_PROXY_MODE"", ""spider_name"": ""plp_drogariavenancio_com_br""}";2.560903072357178;2.502155542373657;2.577078342437744;2.7522267614092146;2.7447763442993165;2.7221229821443558;0.32357872042927366;0.2713982289040836
6;25223;181;437;"{""percentile"": ""p95"", ""proxy_name"": ""ZYTE_PROXY_MODE"", ""spider_name"": ""pdp_drogariavenancio_com_br""}";3.579087257385254;3.53300142288208;3.8403278986612954;5.319630486624582;5.193911663691202;4.896246181594001;3.106183816065869;2.809338068184934
6;25223;181;437;"{""percentile"": ""p95"", ""proxy_name"": ""ZYTE_PROXY_MODE"", ""spider_name"": ""plp_drogariavenancio_com_br""}";4.011451482772827;3.047969341278076;3.514955917994181;5.918455055781773;5.03689390818278;4.949554994702339;5.219604746998955;3.584093449665919
3;25267;181;438;;35;32;31.666666666666668;31.857142857142858;31.933333333333334;34.206896551724135;2.641891715558133;9.226570739445295
3;25270;117;241;;13911;13929;9274.666666666666;12420.857142857143;13679.866666666667;13766.344827586207;5088.522811992029;2663.1853532793248
15;25315;160;359;;0;;;;;;;
18;25267;181;438;;0;0;0;0;0;0;0;0
19;25267;181;438;;3;2;2;2;2;2;0;0
9;25267;181;438;;0;0;0;0;0;0;0;0
20;25267;181;438;;3.23;0;0;0;0;0;0;0
8;25267;181;438;;0;0;0;0;0;0;0;0
15;25267;181;438;;0;;;;;;;
24;25267;181;438;;0;0;0;0;0;0;0;0
23;25267;181;438;;0;0;0;0;0;0;0;0
22;25267;181;438;;0;0;0;0;0;0;0;0
25;25267;181;438;;0;0;0;0;0;0;0;0
7;25267;181;438;;0;0;0;0;0;0;0;0
5;25267;181;438;;0;0;0;0;0;0;0;0
21;25267;181;438;;0;;;;;;;
20;25263;181;439;;100;100;100;100;100;100;0;0
8;25263;181;439;;0;0;0;0;0;0;0;0
15;25263;181;439;;0;;;;;;;
24;25263;181;439;;0;0;0;0;0;0;0;0
23;25263;181;439;;0;0;2.04;2.3716666666666666;2.3716666666666666;2.3716666666666666;2.978105755155261;2.978105755155261
22;25263;181;439;;6.12;0;2.17;1.9866666666666666;1.9866666666666666;1.9866666666666666;2.82745861547472;2.82745861547472
25;25263;181;439;;2.04;0;2.39;1.195;1.195;1.195;2.6721012331122487;2.6721012331122487
7;25263;181;439;;0;0;0;0;0;0;0;0
5;25263;181;439;;0;0;0;0;0;0;0;0
21;25263;181;439;;0;;;;;;;
4;25263;181;439;;293;29;154.66666666666666;79.42857142857143;79.42857142857143;79.42857142857143;89.85521233447434;89.85521233447434
29;25263;181;439;;100;100;69.87333333333333;87.08857142857143;87.08857142857143;87.08857142857143;31.62641185039195;31.62641185039195
27;25263;181;439;;100;100;100;100;100;100;0;0
31;25263;181;439;;100;100;69.87333333333333;87.08857142857143;87.08857142857143;87.08857142857143;31.62641185039195;31.62641185039195
26;25263;181;439;;0;0;0;0;0;0;0;0
2;25263;181;439;;292;28;155.33333333333334;79.57142857142857;79.57142857142857;79.57142857142857;90.98329068391332;90.98329068391332
32;25263;181;439;;100;100;100;100;100;100;0;0
28;25263;181;439;;100;100;100;100;100;100;0;0
30;25263;181;439;;100;100;100;100;100;100;0;0
12;25263;181;439;;0;0;0;0;0;0;0;0
3;25271;117;244;;2642;2645;2658;2634.714285714286;2454.8;2546.551724137931;22.895503524330994;502.85650151680153
18;25271;117;244;;78.65;78.85;78.64666666666666;78.49142857142859;78.292;78.6417857142857;0.3059144871845509;0.9494586937958345
19;25271;117;244;;3;3;3;3;3;3;0;0
9;25271;117;244;;0;0;0;0;0;0;0;0
20;25271;117;244;;0;0;0;0;0;0;0;0
8;25271;117;244;;0;0;0;0;0;0;0;0
15;25271;117;244;;0;;;;;;;
7;25271;117;244;;0;0;0;0;0;0;0;0
3;25273;142;307;;36;36;36;36;36;35.689655172413794;0;6.534278042466998
5;25271;117;244;;0;0;0;0;0;0;0;0
21;25271;117;244;;0;;;;;;;
4;25271;117;244;;4858;4852;4851;4846.142857142857;4784.4;4810.035714285715;31.22008772490911;265.35050703104497
29;25271;117;244;;100;100;100;100;100;100;0;0
27;25271;117;244;;100;100;100;100;100;100;0;0
31;25271;117;244;;100;100;100;100;100;100;0;0
26;25271;117;244;;0;0;0;0;0;0;0;0
2;25271;117;244;;13909;13824;13774.333333333334;13821;13612.666666666666;13778.17857142857;94.03039022419446;793.6212236852499
32;25271;117;244;;100;100;100;100;100;100;0;0
28;25271;117;244;;100;100;100;100;100;100;0;0
30;25271;117;244;;100;100;100;100;100;100;0;0
12;25271;117;244;;0;0;0;0;0;0;0;0
29;25270;117;241;;0;0;0;0;0;23.479642857142856;0;41.34436535129086
27;25270;117;241;;100;100;100;100;100;100;0;0
31;25270;117;241;;0;0;0;0;0;23.479642857142856;0;41.34436535129086
26;25270;117;241;;0;0;0;0;0;0;0;0
2;25270;117;241;;6091;6209;6273;6218.428571428572;6272.066666666667;6776.571428571428;88.03060692226336;590.3153169869369
32;25270;117;241;;100;100;100;100;100;100;0;0
28;25270;117;241;;100;100;100;100;100;100;0;0
3;25274;152;336;;18;18;18;18;18;18.03448275862069;0;0.18246560765962694
30;25270;117;241;;100;100;100;100;100;100;0;0
12;25270;117;241;;0;0;0;0;0;0;0;0
16;25267;181;438;;0;0;4.166666666666667;1.7857142857142858;0.8333333333333334;0.6944444444444444;4.374088826398532;2.8632677955678196
21;25312;59;139;;0;;;;;;;
18;25273;142;307;;100;100;100;100;100;100;0;0
19;25273;142;307;;4;4;4;4;4;4.931034482758621;0;0.9801841657621997
9;25273;142;307;;0;0;0;0;0;0;0;0
20;25273;142;307;;0;0;0;0;0;0;0;0
8;25273;142;307;;0;0;0;0;0;0;0;0
15;25273;142;307;;0;;;;;;;
7;25273;142;307;;0;0;0;0;0;0;0;0
5;25273;142;307;;0;0;0;0;0;0;0;0
21;25273;142;307;;0;;;;;;;
13;25267;181;438;"{""proxy_name"": ""ZYTE_PROXY_MODE"", ""spider_name"": ""pdp_drogariaspacheco_com_br""}";0;0;0;0;0;0;0;0
13;25267;181;438;"{""proxy_name"": ""ZYTE_PROXY_MODE"", ""spider_name"": ""plp_drogariaspacheco_com_br""}";59.26;0;0;0;4.266666666666667;3.0476190476190474;0;13.629366719998718
14;25267;181;438;;0;0;0;0;0;0;0;0
10;25267;181;438;;1;1;1;1;1;1;0;0
11;25267;181;438;"{""percentile"": ""p50"", ""proxy_name"": ""ZYTE_PROXY_MODE"", ""spider_name"": ""pdp_drogariaspacheco_com_br""}";1.243177652359009;1.209373950958252;1.2220094998677573;1.269936970302037;1.2990926265716554;1.2947905517759777;0.10118932254804136;0.09507345000263911
11;25267;181;438;"{""percentile"": ""p50"", ""proxy_name"": ""ZYTE_PROXY_MODE"", ""spider_name"": ""plp_drogariaspacheco_com_br""}";1.973500728607178;1.998055934906006;1.9551338354746504;1.9317443030221124;1.9565685431162516;1.9502441428956532;0.26470499864508895;0.18383306438561745
6;25267;181;438;"{""percentile"": ""p95"", ""proxy_name"": ""ZYTE_PROXY_MODE"", ""spider_name"": ""pdp_drogariaspacheco_com_br""}";2.060325145721436;1.39210033416748;1.6373812357584632;1.9073713847569056;3.3904100259145102;3.0470039163317;0.5157802099387152;2.9028536341664655
6;25267;181;438;"{""percentile"": ""p95"", ""proxy_name"": ""ZYTE_PROXY_MODE"", ""spider_name"": ""plp_drogariaspacheco_com_br""}";2.425264596939087;3.739212989807129;3.5137417316436768;3.346961430140904;4.602616691589356;4.34484170732044;0.595775806904853;2.666531945450395
4;25267;181;438;;31;31;31;30.571428571428573;30.266666666666666;30.137931034482758;0.4948716593053935;0.3448275862068966
29;25267;181;438;;100;100;100;100;100;100;0;0
27;25267;181;438;;100;100;100;100;100;100;0;0
31;25267;181;438;;100;100;100;100;100;100;0;0
26;25267;181;438;;0;0;0;0;0;0;0;0
2;25267;181;438;;31;31;31;30.571428571428573;30.266666666666666;30.137931034482758;0.4948716593053935;0.3448275862068966
32;25267;181;438;;100;100;100;100;100;100;0;0
28;25267;181;438;;100;100;100;100;100;100;0;0
30;25267;181;438;;100;100;100;100;100;100;0;0
12;25267;181;438;;0;0;0;0;0;0;0;0
6;25259;160;358;"{""percentile"": ""p95"", ""proxy_name"": ""ZYTE_PROXY_MODE"", ""spider_name"": ""pdp_netshoes_com_br""}";2.47271203994751;6.306702136993408;4.984971443812053;4.2008064814976285;3.015874401728312;2.9419921189546585;2.170814079997777;1.8200326805074205
6;25259;160;358;"{""percentile"": ""p95"", ""proxy_name"": ""ZYTE_PROXY_MODE"", ""spider_name"": ""plp_netshoes_com_br""}";2.951007843017578;5.164699554443359;6.310435612996419;9.156966890607562;6.210682074228923;6.081819146871567;9.808545191030083;7.053036880446206
34;25259;160;358;;128;130;129;129.42857142857142;128.93333333333334;129.03703703703704;0.9035079029052513;2.063464929953203
12;25259;160;358;;0;0;0;0;0;0;0;0
10;25255;178;412;;0.8275862068965517;0.8955223880597015;0.9076857757007409;0.8955757988819226;0.8453625778655419;0.8392739920914113;0.020130178983232966;0.0759021342617383
11;25255;178;412;"{""percentile"": ""p50"", ""proxy_name"": ""ZYTE_PROXY_MODE"", ""spider_name"": ""pdp_amazon_com_br_sellers_variants""}";1.471867799758911;1.55891752243042;1.4767497380574544;1.509618146078927;1.9347643693288168;1.9643330574035645;0.05810842660592315;0.5556824900916547
6;25255;178;412;"{""percentile"": ""p95"", ""proxy_name"": ""ZYTE_PROXY_MODE"", ""spider_name"": ""pdp_amazon_com_br_sellers_variants""}";2.159733295440674;2.452930212020874;2.427286148071289;2.4142043590545654;3.925181992848714;4.431287452578545;0.06636943665771591;2.9142848815252638
36;25254;121;252;;10;9;10.333333333333334;10.285714285714286;10.866666666666667;10.413793103448276;0.8806305718527109;2.251700374802001
5;25254;121;252;;0;0;0;0;0;0;0;0
21;25254;121;252;;0;;;;;;;
3;25277;181;433;;53;53;53;53;53;53;0;0
3;25278;181;437;;27;27;27;28;27.466666666666665;27.310344827586206;2.449489742783178;1.289304765230339
3;25280;181;434;;54;54;54;54;54;54;0;0
15;25280;181;434;;0;;;;;;;
18;25278;181;437;;0;0;0;0;0;0;0;0
19;25278;181;437;;2;2;2;2;2;2.0344827586206895;0;0.18246560765962694
9;25278;181;437;;0;0;0;0;0;0;0;0
20;25278;181;437;;0;0;0;0;0;0.12758620689655173;0;0.6751227483406197
8;25278;181;437;;0;0;0;0;0;0;0;0
15;25278;181;437;;0;;;;;;;
7;25278;181;437;;0;0;0;0;0;0;0;0
5;25278;181;437;;0;0;0;0;0;0;0;0
21;25278;181;437;;0;;;;;;;
18;25277;181;433;;79.25;79.25;79.25;79.25;79.25;79.76862068965517;0;0.840261552621155
19;25277;181;433;;2;2;2;2;2;2;0;0
9;25277;181;433;;0;0;0;0;0;0;0;0
20;25277;181;433;;13.21;13.21;14.463333333333333;16.708571428571428;17.733333333333334;15.02655172413793;2.747447795273843;4.89282463787328
8;25277;181;433;;0;0;0;0;0;0;0;0
15;25277;181;433;;0;;;;;;;
7;25277;181;433;;0;0;0;0;0;0;0;0
5;25277;181;433;;0;0;0;0;0;0;0;0
21;25277;181;433;;0;;;;;;;
4;25277;181;433;;53;53;53;53;53;53;0;0
29;25277;181;433;;100;100;100;100;100;100;0;0
27;25277;181;433;;100;100;100;100;100;100;0;0
31;25277;181;433;;100;100;100;100;100;100;0;0
26;25277;181;433;;0;0;0;0;0;0;0;0
2;25277;181;433;;53;53;53;53;53;53;0;0
32;25277;181;433;;100;100;100;100;100;100;0;0
28;25277;181;433;;100;100;100;100;100;100;0;0
30;25277;181;433;;100;100;100;100;100;100;0;0
12;25277;181;433;;0;0;0;0;0;0;0;0
29;25274;152;336;;100;100;100;100;100;100;0;0
27;25274;152;336;;100;100;100;100;100;100;0;0
31;25274;152;336;;100;100;100;100;100;100;0;0
26;25274;152;336;;0;0;0;0;0;0;0;0
2;25274;152;336;;18;18;18;18;18;18;0;0
32;25274;152;336;;100;100;100;100;100;100;0;0
28;25274;152;336;;100;100;100;100;100;100;0;0
30;25274;152;336;;100;100;100;100;100;100;0;0
12;25274;152;336;;0;0;0;0;0;0;0;0
18;25266;181;434;;79.63;79.63;79.63;79.57571428571428;79.60466666666666;80.24275862068966;0.13297230032251378;0.8770675928488579
19;25266;181;434;;2;2;2;2;2;2;0;0
9;25266;181;434;;0;0;0;0;0;0;0;0
20;25266;181;434;;14.81;18.52;19.136666666666667;18.82857142857143;17.922;14.513103448275862;1.1051881361680151;4.961037227093624
8;25266;181;434;;0;0;0;0;0;0;0;0
15;25266;181;434;;0;;;;;;;
13;25266;181;434;"{""proxy_name"": ""ZYTE_PROXY_MODE"", ""spider_name"": ""pdp_drogasil_com_br""}";0;0;0;0;0;0;0;0
13;25266;181;434;"{""proxy_name"": ""ZYTE_PROXY_MODE"", ""spider_name"": ""plp_drogasil_com_br""}";0;0;0;0;0;0;0;0
7;25266;181;434;;0;0;0;0;0;0;0;0
5;25266;181;434;;0;0;0;0;0;0;0;0
21;25266;181;434;;0;;;;;;;
14;25266;181;434;;0;0;0;0.0017006802721088435;0.0007936507936507937;0.0005952380952380952;0.004165798882284316;0.002594582704488496
10;25266;181;434;;1;1;1;0.9982993197278912;0.9992063492063491;0.9994047619047619;0.004165798882284302;0.002594582704488487
11;25266;181;434;"{""percentile"": ""p50"", ""proxy_name"": ""ZYTE_PROXY_MODE"", ""spider_name"": ""pdp_drogasil_com_br""}";1.40961742401123;1.329828977584839;1.2944080034891767;1.3047654628753662;1.2072314580281576;1.1421682476997377;0.273574015593813;0.2585385900869387
11;25266;181;434;"{""percentile"": ""p50"", ""proxy_name"": ""ZYTE_PROXY_MODE"", ""spider_name"": ""plp_drogasil_com_br""}";1.561409950256348;1.424829244613647;1.4586492379506426;1.442033120564052;1.3703508377075195;1.3314343377163536;0.16057538323838338;0.14296604545780975
6;25266;181;434;"{""percentile"": ""p95"", ""proxy_name"": ""ZYTE_PROXY_MODE"", ""spider_name"": ""pdp_drogasil_com_br""}";8.602198362350464;17.13650751113892;12.455379645029703;9.544293437685285;6.835299444198609;6.394656503200531;5.58227877280351;5.334989288429142
3;25279;181;436;;29;31;29.666666666666668;29.428571428571427;30.066666666666666;29.75862068965517;0.7284313590846836;2.4162549022558415
3;25282;181;438;;31;35;33;32.57142857142857;32.266666666666666;33.51724137931034;2.718042512920064;8.352660900225139
29;25280;181;434;;100;100;100;100;100;100;0;0
27;25280;181;434;;100;100;100;100;100;100;0;0
31;25280;181;434;;100;100;100;100;100;100;0;0
26;25280;181;434;;0;0;0;0;0;0;0;0
2;25280;181;434;;54;54;54;53.857142857142854;53.93333333333333;53.96551724137931;0.3499271061118826;0.18246560765962694
32;25280;181;434;;100;100;100;100;100;100;0;0
28;25280;181;434;;100;100;100;100;100;100;0;0
30;25280;181;434;;100;100;100;100;100;100;0;0
12;25280;181;434;;0;0;0;0;0;0;0;0
18;25279;181;436;;0;0;0;0;0;0;0;0
19;25279;181;436;;3;3;3;2.857142857142857;2.4;2.206896551724138;0.3499271061118826;0.4050806939472666
9;25279;181;436;;0;0;0;0;0;0;0;0
20;25279;181;436;;3.7;3.7;3.7000000000000006;3.1714285714285717;1.4800000000000002;0.7655172413793104;1.2947302926139657;1.4987985676048863
8;25279;181;436;;0;0;0;0;0;0;0;0
15;25279;181;436;;0;;;;;;;
7;25279;181;436;;0;0;0;0;0;0;0;0
5;25279;181;436;;0;0;0;0;0;0;0;0
21;25279;181;436;;0;;;;;;;
4;25279;181;436;;27;27;27;27;27;27;0;0
29;25279;181;436;;100;100;100;100;100;100;0;0
27;25279;181;436;;100;100;100;100;100;100;0;0
31;25279;181;436;;100;100;100;100;100;100;0;0
26;25279;181;436;;0;0;0;0;0;0;0;0
2;25279;181;436;;27;27;27;27;27;27;0;0
32;25279;181;436;;100;100;100;100;100;100;0;0
28;25279;181;436;;100;100;100;100;100;100;0;0
30;25279;181;436;;100;100;100;100;100;100;0;0
18;25275;181;435;;0;0;0;0;0;0;0;0
19;25275;181;435;;2;2;2;2;2;2;0;0
9;25275;181;435;;0;0;0;0;0;0;0;0
20;25275;181;435;;0;0;0;0;0;0;0;0
8;25275;181;435;;0;0;0;0;0;0;0;0
15;25275;181;435;;0;;;;;;;
24;25275;181;435;;0;0;0;0;0;0;0;0
23;25275;181;435;;0;0;0;0;0;0;0;0
22;25275;181;435;;0;0;0;0;0;0;0;0
25;25275;181;435;;0;0;0;0;0;0;0;0
7;25275;181;435;;0;0;0;0;0;0;0;0
3;25275;181;435;;531;531;531;531;531;531;0;0
6;25266;181;434;"{""percentile"": ""p95"", ""proxy_name"": ""ZYTE_PROXY_MODE"", ""spider_name"": ""plp_drogasil_com_br""}";2.355708599090576;2.389167070388794;3.485771099726359;3.099169526781354;3.935492738087972;3.6607814713528284;1.0573611702244958;2.8192541644702427
4;25266;181;434;;54;54;54;53.857142857142854;53.93333333333333;53.93103448275862;0.3499271061118826;0.2533954906327426
26;25266;181;434;;0;0;0;0;0;0;0;0
2;25266;181;434;;54;54;54;53.857142857142854;53.93333333333333;53.93103448275862;0.3499271061118826;0.2533954906327426
32;25266;181;434;;100;100;100;100;100;100;0;0
28;25266;181;434;;100;100;100;100;100;100;0;0
30;25266;181;434;;100;100;100;100;100;100;0;0
12;25266;181;434;;0;0;0;0;0;0;0;0
18;25258;152;337;;100;100;100;100;100;100;0;0
19;25258;152;337;;1;1;1;1;1;1;0;0
9;25258;152;337;;0;0;0;0;0;0;0;0
20;25258;152;337;;0;0;0;0;0;0;0;0
8;25258;152;337;;0;0;0;0;0;0;0;0
13;25258;152;337;"{""proxy_name"": ""ZYTE_PROXY_MODE"", ""spider_name"": ""pdp_cafezale_com_br""}";0;0;0;0;0;0;0;0
7;25258;152;337;;0;0;0;0;0;0;0;0
35;25258;152;337;;1;1;1;1;1;1;0;0
36;25258;152;337;;1;1;1;1;1;1;0;0
3;25283;181;431;;37;37;37;36.714285714285715;36.2;35.275862068965516;0.45175395145262565;1.110965771971518
3;25276;181;430;;433;407;417.3333333333333;317.7142857142857;562.9333333333333;688.7241379310345;158.8212960582826;234.11813943063817
15;25284;181;432;;0;;;;;;;
18;25283;181;431;;97.22;97.22;97.21999999999998;97.19714285714285;96.99733333333333;97.03310344827587;0.03614031611620928;0.4941108590413618
19;25283;181;431;;2;2;2;2;2;2;0;0
9;25283;181;431;;0;0;0;0;0;0;0;0
20;25283;181;431;;0;0;0;0;0;0;0;0
8;25283;181;431;;0;0;0;0;0;0;0;0
15;25283;181;431;;0;;;;;;;
21;25283;181;431;;0;;;;;;;
18;25276;181;430;;100;100;100;85.40428571428572;89.71066666666667;94.67793103448275;23.085136750201638;15.671200992488352
19;25276;181;430;;6;6;6;5.428571428571429;5.6;5.793103448275862;0.9035079029052513;0.6090869562984722
9;25276;181;430;;0;0;0;0;0;0;0;0
20;25276;181;430;;0;0;0;0;0;0;0;0
8;25276;181;430;;100;100;100;71.42857142857143;80;89.65517241379311;45.17539514526256;30.45434781492361
15;25276;181;430;;0;;;;;;;
7;25276;181;430;;0;0;0;0;0;0;0;0
5;25276;181;430;;0;0;0;0;0;0;0;0
21;25276;181;430;;0;;;;;;;
4;25276;181;430;;38;38;38;40.285714285714285;39.6;38.827586206896555;3.614031611621005;2.436347825193889
29;25276;181;430;;100;100;100;100;100;100;0;0
27;25276;181;430;;52.25;52.25;52.25;44.16285714285714;46.754;49.507241379310344;13.797487053068462;9.222055607693504
31;25276;181;430;;100;100;100;100;100;100;0;0
26;25276;181;430;;0;0;0;0;0;0;0;0
2;25276;181;430;;222;222;222;227.14285714285714;226.73333333333332;226.6551724137931;7.510536816054238;4.603415988521669
32;25276;181;430;;50.45;50.45;50.45000000000001;42.279999999999994;44.69733333333333;47.37896551724138;13.93145259578381;9.213243595527857
28;25276;181;430;;100;100;100;100;100;100;0;0
30;25276;181;430;;100;100;100;100;100;100;0;0
5;25275;181;435;;0;0;0;0;0;0;0;0
21;25275;181;435;;0;;;;;;;
4;25275;181;435;;31;31;31;31;30.933333333333334;30.96551724137931;0;0.18246560765962694
29;25275;181;435;;100;100;100;100;100;100;0;0
27;25275;181;435;;100;100;100;100;100;100;0;0
31;25275;181;435;;100;100;100;100;100;100;0;0
26;25275;181;435;;0;0;0;0;0;0;0;0
2;25275;181;435;;31;31;31;31;30.933333333333334;30.96551724137931;0;0.18246560765962694
32;25275;181;435;;100;100;100;100;100;100;0;0
28;25275;181;435;;100;100;100;100;100;100;0;0
30;25275;181;435;;100;100;100;100;100;100;0;0
12;25275;181;435;;0;0;0;0;0;0;0;0
3;25284;181;432;;65;64;64.66666666666667;64.85714285714286;65;65;0.3499271061118826;0.2626128657194451
13;25265;181;437;"{""proxy_name"": ""ZYTE_PROXY_MODE"", ""spider_name"": ""pdp_drogariavenancio_com_br""}";0;0;0;0;0;0;0;0
13;25265;181;437;"{""proxy_name"": ""ZYTE_PROXY_MODE"", ""spider_name"": ""plp_drogariavenancio_com_br""}";0;0;0;0;0;0;0;0
14;25265;181;437;;0;0;0;0;0;0;0;0
10;25265;181;437;;1;1;1;1;1;1;0;0
11;25265;181;437;"{""percentile"": ""p50"", ""proxy_name"": ""ZYTE_PROXY_MODE"", ""spider_name"": ""pdp_drogariavenancio_com_br""}";2.393826723098755;2.8482666015625;2.6523567835489907;2.750028576169695;2.7433732986450194;2.7211247086524963;0.176547441486815;0.2166658160400555
11;25265;181;437;"{""percentile"": ""p50"", ""proxy_name"": ""ZYTE_PROXY_MODE"", ""spider_name"": ""plp_drogariavenancio_com_br""}";2.6749427318573;2.771745920181274;2.6116015116373696;2.6273204939705983;2.7490623950958253;2.7159231503804526;0.21999948104523087;0.25887302671358686
6;25265;181;437;"{""percentile"": ""p95"", ""proxy_name"": ""ZYTE_PROXY_MODE"", ""spider_name"": ""pdp_drogariavenancio_com_br""}";3.069613933563232;3.785576820373535;3.6325551668802896;3.931363207953317;5.099064048131307;4.77485476732254;0.3544608292195548;2.690135901927216
6;25265;181;437;"{""percentile"": ""p95"", ""proxy_name"": ""ZYTE_PROXY_MODE"", ""spider_name"": ""plp_drogariavenancio_com_br""}";4.403239250183105;3.833729982376099;3.6310502688090005;3.847123384475708;5.004005702336629;4.835447854465908;0.38903666901311923;3.3946227858031004
4;25265;181;437;;27;27;27;27;27;27;0;0
29;25265;181;437;;100;100;100;100;100;100;0;0
27;25265;181;437;;100;100;100;100;100;100;0;0
31;25265;181;437;;100;100;100;100;100;100;0;0
26;25265;181;437;;0;0;0;0;0;0;0;0
2;25265;181;437;;27;27;27;27;27;27;0;0
32;25265;181;437;;100;100;100;100;100;100;0;0
28;25265;181;437;;100;100;100;100;100;100;0;0
30;25265;181;437;;100;100;100;100;100;100;0;0
12;25265;181;437;;0;0;0;0;0;0;0;0
3;25281;181;439;;775;782;747.3333333333334;601;550.2;550.2;128.68677365714674;133.03367994609485
3;25290;59;134;;647;644;644;644.5714285714286;646.4666666666667;647.5172413793103;0.4948716593053935;2.027750403860573
30;25294;174;420;;0;0;0;0;0;0;0;0
18;25290;59;134;;73.33;72.99;72.86333333333333;72.83142857142857;73.12133333333333;74.00034482758622;0.31593075965780576;0.9627743057708583
19;25290;59;134;;1;1;1;1;1;1;0;0
5;25284;181;432;;0;0;0;0;0;0;0;0
21;25284;181;432;;0;;;;;;;
4;25284;181;432;;21;21;21;21;21;21;0;0
29;25284;181;432;;100;100;100;100;100;100;0;0
27;25284;181;432;;100;100;100;100;100;100;0;0
31;25284;181;432;;100;100;100;100;100;100;0;0
26;25284;181;432;;0;0;0;0;0;0;0;0
2;25284;181;432;;79;78;81;81.57142857142857;80.93333333333334;82.93103448275862;3.0639443699324596;3.6665405520054724
32;25284;181;432;;100;100;100;100;100;100;0;0
28;25284;181;432;;100;100;100;100;100;100;0;0
30;25284;181;432;;100;100;100;100;100;100;0;0
12;25284;181;432;;0;0;0;0;0;0;0;0
18;25281;181;439;;100;100;100;100;100;100;0;0
19;25281;181;439;;13;13;9.666666666666666;7.857142857142857;7.375;7.375;4.189393799604337;4.121210380458634
9;25281;181;439;;0;0;0;0;0;0;0;0
20;25281;181;439;;100;100;100;100;100;100;0;0
8;25281;181;439;;0;0;0;0;0;0;0;0
15;25281;181;439;;0;;;;;;;
24;25281;181;439;;0;0;0;0;0;0;0;0
23;25281;181;439;;0;0;0.65;2.0328571428571425;2.0328571428571425;2.0328571428571425;2.8793834374031944;2.8793834374031944
22;25281;181;439;;0;6.12;4.21;2.577142857142857;2.577142857142857;2.577142857142857;2.9907223890162835;2.9907223890162835
25;25281;181;439;;0;2.04;3.0700000000000003;1.3157142857142858;1.3157142857142858;1.3157142857142858;2.4914932822526743;2.4914932822526743
7;25281;181;439;;0;0;0;0;0;0;0;0
5;25281;181;439;;0;0;0;0;0;0;0;0
21;25281;181;439;;0;;;;;;;
4;25281;181;439;;276;293;167;117.71428571428571;106.125;106.125;112.69898501978533;109.78893102221188
29;25281;181;439;;100;100;100;87.08857142857143;88.7025;88.7025;31.62641185039195;29.890375436752212
27;25281;181;439;;100;100;100;100;100;100;0;0
31;25281;181;439;;100;100;100;87.08857142857143;88.7025;88.7025;31.62641185039195;29.890375436752212
26;25281;181;439;;0;0;0;0;0;0;0;0
25;25264;181;436;;0;0;0;0;0;0;0;0
16;25264;181;436;;0;0;0;0;0;0;0;0
13;25264;181;436;"{""proxy_name"": ""ZYTE_PROXY_MODE"", ""spider_name"": ""pdp_paguemenos_com_br""}";0;0;0;0;0;0;0;0
5;25258;152;337;;0;0;0;0;0;0;0;0
13;25301;59;135;"{""proxy_name"": ""ZYTE_PROXY_MODE"", ""spider_name"": ""pdp_mercadolivre_com_br_sellers_variants""}";0.04;0;0;0;0;0;0;0
13;25301;59;135;"{""proxy_name"": ""ZYTE_PROXY_MODE"", ""spider_name"": ""plp_mercadolivre_com_br_adhoc""}";0;0;0;0;0;0;0;0
35;25301;59;135;;1;1;1;0.8571428571428571;0.8666666666666667;0.8518518518518519;0.3499271061118826;0.3552467795046459
36;25301;59;135;;4;1;2;2.4285714285714284;2.533333333333333;2.5555555555555554;1.3997084244475304;1.4229164972072996
14;25301;59;135;;0.0829531314807134;0.0844354018311292;0.2117502971340236;0.2672213303288722;0.2672213303288722;0.2672213303288722;0.11539472982005898;0.11539472982005898
10;25301;59;135;;0.9116549149730402;0.9074262461851476;0.7831165491483061;0.7278353073006105;0.7278353073006105;0.7278353073006105;0.1137922037684362;0.1137922037684362
11;25301;59;135;"{""percentile"": ""p50"", ""proxy_name"": ""ZYTE_PROXY_MODE"", ""spider_name"": ""pdp_mercadolivre_com_br_sellers_variants""}";1.579074144363403;1.798211336135864;1.9927439689636228;1.8578981161117551;1.8578981161117551;1.8578981161117551;0.2585805422249657;0.2585805422249657
11;25301;59;135;"{""percentile"": ""p50"", ""proxy_name"": ""ZYTE_PROXY_MODE"", ""spider_name"": ""plp_mercadolivre_com_br_adhoc""}";2.312445878982544;3.637809038162231;3.637809038162231;3.637809038162231;3.637809038162231;3.637809038162231;0;0
6;25301;59;135;"{""percentile"": ""p95"", ""proxy_name"": ""ZYTE_PROXY_MODE"", ""spider_name"": ""pdp_mercadolivre_com_br_sellers_variants""}";6.673774242401123;11.67136216163635;10.840615590413412;9.807077646255493;9.807077646255493;9.807077646255493;2.3025078676043815;2.3025078676043815
6;25301;59;135;"{""percentile"": ""p95"", ""proxy_name"": ""ZYTE_PROXY_MODE"", ""spider_name"": ""plp_mercadolivre_com_br_adhoc""}";10.02305293083191;7.221018314361572;7.221018314361572;7.221018314361572;7.221018314361572;7.221018314361572;0;0
34;25301;59;135;;37;8;18;20.571428571428573;21.666666666666668;20.925925925925927;15.837181773617813;15.976663365384193
2;25301;59;135;;261;263;273;276.42857142857144;280.93333333333334;276.14814814814815;6.521549834579044;12.73869492618834
32;25301;59;135;;100;100;100;100;100;100;0;0
28;25301;59;135;;100;100;100;100;100;100;0;0
30;25301;59;135;;100;100;100;100;100;100;0;0
12;25301;59;135;;0;0;0;0;0;0;0;0
18;25296;164;421;;100;100;100;100;100;100;0;0
19;25296;164;421;;1;1;1;1;1;1;0;0
9;25296;164;421;;0;0;0;0;0;0;0;0
20;25296;164;421;;0;0;0;0;0;0;0;0
8;25296;164;421;;0;0;0;0;0;0;0;0
15;25296;164;421;;3;;;;;;;
24;25296;164;421;;0;0;0;0;0;0;0;0
32;25295;121;417;;0;0;0;0;0;0;0;0
28;25295;121;417;;0;0;0;0;0;0;0;0
30;25295;121;417;;0;0;0;0;0;0;0;0
12;25295;121;417;;0;0;0;0;0;0;0;0
6;25291;59;116;"{""percentile"": ""p95"", ""proxy_name"": ""ZYTE_PROXY_MODE"", ""spider_name"": ""pdp_amazon_com_br_sellers_variants""}";2.826630115509033;2.988118886947632;2.8185721238454184;2.5891321897506714;2.5891321897506714;2.5891321897506714;0.326240315322999;0.326240315322999
34;25291;59;116;;13;8;11;11.428571428571429;11.2;11.275862068965518;1.7612611437054218;1.6587604787318198
19;25288;142;308;;4;4;4;4;4;4.517241379310345;0;0.8952244817756668
9;25288;142;308;;0;0;0;0;0;0;0;0
18;25216;168;386;;85.71;100;90.47333333333331;87.75142857142858;93.33133333333333;95.07275862068965;5.000458346338804;7.758919626424948
19;25216;168;386;;1;1;1;1;1;1;0;0
9;25216;168;386;;0;0;0;0;0;0;0;0
20;25216;168;386;;0;0;0;0;0;0.9851724137931035;0;5.213042410835541
8;25216;168;386;;0;0;0;0;0;0.9851724137931035;0;5.213042410835541
15;25216;168;386;;2;;;;;;;
13;25216;168;386;"{""proxy_name"": ""ZYTE_PROXY_MODE"", ""spider_name"": ""pdp_amazon_com_br_sellers_variants""}";0;0;0;0;0;0;0;0
13;25216;168;386;"{""proxy_name"": ""ZYTE"", ""spider_name"": ""plp_amazon_com_br""}";0;0;0;0;0;0;0;0
7;25216;168;386;;0;0;0;0;0;0;0;0
5;25216;168;386;;0;0;0;0;0;0;0;0
21;25216;168;386;;0;;;;;;;
14;25216;168;386;;0;0;0;0;0;0;0;0
10;25216;168;386;;1;1;1;1;1;1;0;0
11;25216;168;386;"{""percentile"": ""p50"", ""proxy_name"": ""ZYTE_PROXY_MODE"", ""spider_name"": ""pdp_amazon_com_br_sellers_variants""}";1.439488649368286;1.433918952941895;1.4630511601765954;1.4517509596688407;1.4566793243090312;1.4566793243090312;0.030279506683620193;0.03126429702674271
29;25216;168;386;;100;100;100;100;100;100;0;0
13;25264;181;436;"{""proxy_name"": ""ZYTE_PROXY_MODE"", ""spider_name"": ""plp_paguemenos_com_br""}";0;0;0;0;0;0;0;0
7;25264;181;436;;0;0;0;0;0;0;0;0
3;25296;164;421;;14;18;14.333333333333334;23.428571428571427;20.533333333333335;23.68421052631579;10.821369636803214;14.319852364642324
5;25264;181;436;;0;0;0;0;0;0;0;0
21;25264;181;436;;0;;;;;;;
14;25264;181;436;;0;0;0;0;0;0;0;0
10;25264;181;436;;1;1;1;1;1;1;0;0
11;25264;181;436;"{""percentile"": ""p50"", ""proxy_name"": ""ZYTE_PROXY_MODE"", ""spider_name"": ""pdp_paguemenos_com_br""}";2.311344623565674;2.484836578369141;2.379741668701172;2.4036030428750172;2.44073969523112;2.444730532169342;0.20322936395055624;0.1692029518216885
11;25264;181;436;"{""percentile"": ""p50"", ""proxy_name"": ""ZYTE_PROXY_MODE"", ""spider_name"": ""plp_paguemenos_com_br""}";1.676786184310913;1.806339979171753;1.6807063420613606;1.6594380651201521;1.655871534347534;1.6548551188574896;0.24481256807270707;0.25642037818209573
6;25264;181;436;"{""percentile"": ""p95"", ""proxy_name"": ""ZYTE_PROXY_MODE"", ""spider_name"": ""pdp_paguemenos_com_br""}";3.012882947921753;3.593468189239502;3.2628187338511148;3.5088512216295515;4.139925559361775;4.031434547901154;0.3235874345863052;1.9912133740998976
6;25264;181;436;"{""percentile"": ""p95"", ""proxy_name"": ""ZYTE_PROXY_MODE"", ""spider_name"": ""plp_paguemenos_com_br""}";3.464181184768677;3.783425331115723;3.148680845896403;3.27446334702628;4.133194367090861;3.9243041276931763;0.5681154397791419;2.341927417288997
4;25264;181;436;;27;27;27;27;27;27;0;0
13;25300;179;414;"{""proxy_name"": ""SCRAPE_DO"", ""spider_name"": ""pdp_magazineluiza_com_br_sellers_variants""}";2.66;0.57;0.2733333333333333;0.20857142857142857;0.14266666666666666;0.15529411764705883;0.19729807554115902;0.18378752588595418
13;25300;179;414;"{""spider_name"": ""plp_magazineluiza_com_br""}";0;0;0;0;0;0;0;0
13;25300;179;414;"{""proxy_name"": ""ZYTE_PROXY_MODE"", ""spider_name"": ""plp_magazineluiza_com_br""}";0;0;0;0;0;0;0;0
35;25300;179;414;;7;7;7;6.857142857142857;6.533333333333333;4.518518518518518;0.3499271061118826;2.3153332752722644
36;25300;179;414;;13;12;12;12.428571428571429;13.2;10.11111111111111;0.4948716593053935;3.5206621150566355
14;25300;179;414;;0;0;0;0;0.0011878960974454613;0.001927381219065795;0;0.0035632546134705457
10;25300;179;414;;1;1;1;1;0.9988121039025546;0.9980726187809341;0;0.003563254613470545
11;25300;179;414;"{""percentile"": ""p50"", ""proxy_name"": ""SCRAPE_DO"", ""spider_name"": ""pdp_magazineluiza_com_br_sellers_variants""}";2.88443660736084;1.737171411514282;1.664534091949463;1.6293793405805315;1.9272188027699788;1.9773424372953528;0.05949841775783558;0.5564526056063805
11;25300;179;414;"{""percentile"": ""p50"", ""spider_name"": ""plp_magazineluiza_com_br""}";0.150439977645874;0.2321739196777344;0.34289097785949707;0.34115188462393625;0.6092749436696371;0.6092749436696371;0.11749125081546019;0.8855304282775668
11;25300;179;414;"{""percentile"": ""p50"", ""proxy_name"": ""ZYTE_PROXY_MODE"", ""spider_name"": ""plp_magazineluiza_com_br""}";1.911446332931519;1.87840461730957;1.8575080235799153;1.8606081008911133;2.401476271947225;2.503270892535939;0.1552236060094141;1.0298208347734144
6;25300;179;414;"{""percentile"": ""p95"", ""proxy_name"": ""SCRAPE_DO"", ""spider_name"": ""pdp_magazineluiza_com_br_sellers_variants""}";9.671459436416626;3.563047647476196;3.290507952372233;3.2236930642809187;4.435927232106526;4.535722101435942;0.17148542296599792;2.349027909476094
6;25300;179;414;"{""percentile"": ""p95"", ""spider_name"": ""plp_magazineluiza_com_br""}";0.2503371238708496;0.2369976043701172;0.3540496826171875;0.36221746035984587;0.634208103020986;0.634208103020986;0.13765869592678867;0.8799273723147277
6;25300;179;414;"{""percentile"": ""p95"", ""proxy_name"": ""ZYTE_PROXY_MODE"", ""spider_name"": ""plp_magazineluiza_com_br""}";10.88222479820251;17.78242874145508;7.894587516784669;5.516773802893503;4.341657972335815;4.215195922290578;5.145757368535353;3.5582396572909447
31;25300;179;414;;1.39;1.4;1.39;1.374285714285714;1.326;1.0396296296296297;0.018405855323892963;0.34816430222569816
34;25300;179;414;;205;206;207;208;210.53333333333333;242.40740740740742;1.511857892036909;38.927529304117265
26;25300;179;414;;0;0;0;0;0;0;0;0
2;25300;179;414;;1443;1430;1439.6666666666667;1455.857142857143;1500.2;2015.7037037037037;18.058860677783407;643.7340614245408
32;25300;179;414;;1.39;1.4;1.39;1.374285714285714;1.326;1.0396296296296297;0.018405855323892963;0.34816430222569816
28;25300;179;414;;1.39;1.4;1.39;1.374285714285714;1.326;1.0396296296296297;0.018405855323892963;0.34816430222569816
30;25300;179;414;;1.39;1.4;1.39;1.374285714285714;1.326;1.0396296296296297;0.018405855323892963;0.34816430222569816
12;25300;179;414;;0;0;0;0;0;0;0;0
16;25296;164;421;;0;0;0;0;0;1.2984210526315791;0;4.038348103081513
7;25296;164;421;;0;0;0;0;0;0;0;0
5;25296;164;421;;0;0;0;0;0;0;0;0
21;25296;164;421;;0;;;;;;;
4;25296;164;421;;3;3;3;3;3;3.8421052631578947;0;1.6940502041506402
29;25296;164;421;;100;100;100;100;100;100;0;0
27;25296;164;421;;100;100;100;100;100;100;0;0
31;25296;164;421;;100;100;100;100;100;100;0;0
26;25296;164;421;;0;0;0;0;0;0;0;0
2;25296;164;421;;3;3;3;3;3;3.8421052631578947;0;1.6940502041506402
32;25296;164;421;;100;100;100;100;100;100;0;0
28;25296;164;421;;100;100;100;100;100;100;0;0
30;25296;164;421;;100;100;100;100;100;100;0;0
12;25296;164;421;;0;0;0;0;0;0;0;0
9;25290;59;134;;0;0;0;0;0;0;0;0
20;25290;59;134;;0;0;0;0;0;0;0;0
8;25290;59;134;;0;0;0;0;0;0;0;0
29;25264;181;436;;100;100;100;100;100;100;0;0
27;25264;181;436;;100;100;100;100;100;100;0;0
31;25264;181;436;;100;100;100;100;100;100;0;0
26;25264;181;436;;0;0;0;0;0;0;0;0
2;25264;181;436;;27;27;27;27;27;27;0;0
3;25297;159;422;;27;12;14.333333333333334;17;18.6;19.05263157894737;3.1622776601683795;2.5230241714119757
32;25264;181;436;;100;100;100;100;100;100;0;0
28;25264;181;436;;100;100;100;100;100;100;0;0
30;25264;181;436;;100;100;100;100;100;100;0;0
12;25264;181;436;;0;0;0;0;0;0;0;0
21;25258;152;337;;0;;;;;;;
14;25258;152;337;;0;0;0;0;0;0;0;0
10;25258;152;337;;1;1;1;1;1;1;0;0
11;25258;152;337;"{""percentile"": ""p50"", ""proxy_name"": ""ZYTE_PROXY_MODE"", ""spider_name"": ""pdp_cafezale_com_br""}";1.030460596084595;1.147566080093384;1.0673824151357014;1.0194095543452673;0.99070486000606;0.99070486000606;0.08408817709669399;0.07785044720709221
6;25258;152;337;"{""percentile"": ""p95"", ""proxy_name"": ""ZYTE_PROXY_MODE"", ""spider_name"": ""pdp_cafezale_com_br""}";1.282389163970947;16.24669861793518;18.555829286575314;13.205110822405134;7.4260974781853815;7.4260974781853815;14.791284791302715;11.952504226155503
4;25258;152;337;;15;15;15;15;15;15;0;0
29;25258;152;337;;100;100;100;100;100;100;0;0
27;25258;152;337;;100;100;100;100;100;100;0;0
31;25258;152;337;;100;100;100;100;100;100;0;0
3;25298;159;352;;6164;7036;4644.666666666667;5435.571428571428;5744.8;5476.689655172414;2256.834816231596;1205.8412174150967
34;25258;152;337;;1;1;1;1;1;1;0;0
26;25258;152;337;;0;0;0;0;0;0;0;0
2;25258;152;337;;15;15;15;15;15;15;0;0
32;25258;152;337;;100;100;100;100;100;100;0;0
3;25299;117;423;;110;112;112;110.42857142857143;105.53333333333333;113.78947368421052;7.403804868485679;34.30448635285942
18;25299;117;423;;89.55;89.55;89.22333333333334;89.76714285714286;85.584;83.98315789473685;0.890484848442756;5.454541374547287
19;25299;117;423;;1;1;1;1;1;1;0;0
9;25299;117;423;;0;0;0;0;0;0;0;0
18;25298;159;352;;90.93;91.99;91.28000000000002;91.47857142857143;93.10466666666666;93.57107142857141;0.700518758215827;2.099976767364198
19;25298;159;352;;2;2;2;2;1.9333333333333333;1.75;0;0.57476703355111
9;25298;159;352;;0;0;0;0;0;0;0;0
20;25298;159;352;;100;100;100;100;100;100;0;0
8;25298;159;352;;0;0;0;0;0;0.0732142857142857;0;0.11886527702248732
15;25298;159;352;;0;;;;;;;
24;25298;159;352;;0;0;0;0;0;0;0;0
23;25298;159;352;;0;0;0;0;0;0.1005;0;0.29759830308656
22;25298;159;352;;1.35;0.25;0.27999999999999997;0.7857142857142857;0.8786666666666666;1.0105;0.6746609125618406;0.7807462776088017
25;25298;159;352;;0;0;0.09000000000000001;0.27285714285714285;0.26799999999999996;0.315;0.5658549608642606;0.49565613080037657
16;25298;159;352;;45.95;16.95;34.79333333333333;32.52428571428571;30.60533333333333;34.399;17.709891390441232;16.493635711995097
7;25298;159;352;;0;0;0;0;0;0;0;0
5;25298;159;352;;0;0;0;0;0;0;0;0
21;25298;159;352;;0;;;;;;;
4;25298;159;352;;761;674;710;693.4285714285714;700.7333333333333;1325.7857142857142;24.388856605642918;898.374816668683
29;25298;159;352;;0;0;0.05333333333333334;0.022857142857142857;0.010666666666666666;7.159999999999999;0.05598833697790122;25.74921025141215
27;25298;159;352;;100;100;100;100;100;100;0;0
31;25298;159;352;;0;0;0.05333333333333334;0.022857142857142857;0.010666666666666666;7.159999999999999;0.05598833697790122;25.74921025141215
26;25298;159;352;;0;0;0;0;0;0;0;0
2;25298;159;352;;688;614;645;632.4285714285714;650.7333333333333;1211.142857142857;21.652166786042738;792.2800151770708
32;25298;159;352;;100;100;100;100;100;100;0;0
28;25298;159;352;;100;100;100;100;100;100;0;0
30;25298;159;352;;100;100;100;100;100;100;0;0
24;25297;159;422;;0;0;0;0;0;0;0;0
23;25297;159;422;;0;0;0;0;0;0;0;0
22;25297;159;422;;0;0;0;0;0;0;0;0
25;25297;159;422;;0;0;0;0;0;0;0;0
16;25297;159;422;;100;76.92;76.92;76.92;76.92;76.92;0;0
21;25297;159;422;;0;;;;;;;
20;25299;117;423;;0;0;0;0;0;0;0;0
8;25299;117;423;;0;0;0;0;0;0;0;0
15;25299;117;423;;7;;;;;;;
24;25299;117;423;;0;0;0;0;0;0;0;0
3;25303;181;434;;54;54;54;54;54;54;0;0
23;25299;117;423;;0;0;0;0;0;0;0;0
22;25299;117;423;;0;0;0;0;0;0.10473684210526316;0;0.44436078775617777
25;25299;117;423;;0;0;0;0;0;0.021052631578947368;0;0.08931875130777443
16;25299;117;423;;0;18.75;9.423333333333334;12.618571428571428;10.585333333333333;11.849473684210526;9.130585067424178;7.502157916706514
13;25299;117;423;"{""proxy_name"": ""ZYTE_PROXY_MODE"", ""spider_name"": ""pdp_amazon_com_br""}";0;0;0;0;0;0;0;0
13;25299;117;423;"{""proxy_name"": ""ZYTE"", ""spider_name"": ""plp_amazon_com_br""}";0;0;0;0;0;0;0;0
7;25299;117;423;;0;0;0;0;0;0;0;0
35;25299;117;423;;2;2;2;2;2;1.894736842105263;0;0.30689220499185793
36;25299;117;423;;4;4;4;3.857142857142857;3.3333333333333335;3.0526315789473686;0.3499271061118826;0.7590634264134715
5;25299;117;423;;0;0;0;0;0;0;0;0
21;25299;117;423;;0;;;;;;;
14;25299;117;423;;0;0.008928571428571428;0.002976190476190476;0.0012755102040816326;0.0012755102040816326;0.0012755102040816326;0.003124349161713237;0.003124349161713237
10;25299;117;423;;1;0.9910714285714286;0.9970238095238096;0.9987244897959184;0.9987244897959184;0.9987244897959184;0.0031243491617132264;0.0031243491617132264
15;25290;59;134;;0;;;;;;;
3;25307;181;438;;31;31;32.666666666666664;32.714285714285715;31.666666666666668;33.48275862068966;2.602981022612657;8.360913535531424
3;25306;181;437;;27;27;27;28;27.466666666666665;27.275862068965516;2.449489742783178;1.2837593426887093
15;25307;181;438;;0;;;;;;;
18;25306;181;437;;0;0;0;0;0;0;0;0
19;25306;181;437;;2;2;2;2;2;2.0344827586206895;0;0.18246560765962694
9;25306;181;437;;0;0;0;0;0;0;0;0
20;25306;181;437;;0;0;0;0;0;0.12758620689655173;0;0.6751227483406197
8;25306;181;437;;0;0;0;0;0;0;0;0
15;25306;181;437;;0;;;;;;;
7;25306;181;437;;0;0;0;0;0;0;0;0
5;25306;181;437;;0;0;0;0;0;0;0;0
21;25306;181;437;;0;;;;;;;
4;25306;181;437;;27;27;27;27;27;27;0;0
29;25306;181;437;;100;100;100;100;100;100;0;0
27;25306;181;437;;100;100;100;100;100;100;0;0
31;25306;181;437;;100;100;100;100;100;100;0;0
26;25306;181;437;;0;0;0;0;0;0;0;0
2;25306;181;437;;27;27;27;27;27;27;0;0
32;25306;181;437;;100;100;100;100;100;100;0;0
28;25306;181;437;;100;100;100;100;100;100;0;0
30;25306;181;437;;100;100;100;100;100;100;0;0
18;25305;181;436;;0;0;0;0;0;0;0;0
19;25305;181;436;;3;3;3;3;2.466666666666667;2.2413793103448274;0;0.42791978089623645
9;25305;181;436;;0;0;0;0;0;0;0;0
20;25303;181;434;;12.96;16.67;16.666666666666668;17.77;18.786;14.761379310344827;1.6493808362101041;4.92736743318792
8;25303;181;434;;0;0;0;0;0;0;0;0
15;25303;181;434;;0;;;;;;;
7;25303;181;434;;0;0;0;0;0;0;0;0
5;25303;181;434;;0;0;0;0;0;0;0;0
21;25303;181;434;;0;;;;;;;
4;25303;181;434;;54;54;54;53.857142857142854;53.93333333333333;53.96551724137931;0.3499271061118826;0.18246560765962694
29;25303;181;434;;100;100;100;100;100;100;0;0
27;25303;181;434;;100;100;100;100;100;100;0;0
31;25303;181;434;;100;100;100;100;100;100;0;0
26;25303;181;434;;0;0;0;0;0;0;0;0
2;25303;181;434;;54;54;54;53.857142857142854;53.93333333333333;53.96551724137931;0.3499271061118826;0.18246560765962694
32;25303;181;434;;100;100;100;100;100;100;0;0
28;25303;181;434;;100;100;100;100;100;100;0;0
30;25303;181;434;;100;100;100;100;100;100;0;0
12;25303;181;434;;0;0;0;0;0;0;0;0
11;25299;117;423;"{""percentile"": ""p50"", ""proxy_name"": ""ZYTE_PROXY_MODE"", ""spider_name"": ""pdp_amazon_com_br""}";1.539819717407227;1.518701553344727;1.5756750106811523;1.5461712564740862;1.5461712564740862;1.5461712564740862;0.044622053462768395;0.044622053462768395
11;25299;117;423;"{""percentile"": ""p50"", ""proxy_name"": ""ZYTE"", ""spider_name"": ""plp_amazon_com_br""}";4.89424204826355;4.30454683303833;4.8176647027333575;4.919549805777414;4.919549805777414;4.919549805777414;0.42930908591425615;0.42930908591425615
6;25299;117;423;"{""percentile"": ""p95"", ""proxy_name"": ""ZYTE_PROXY_MODE"", ""spider_name"": ""pdp_amazon_com_br""}";31.48218560218811;2.024135828018188;2.169287840525309;1.9885545117514474;1.9885545117514474;1.9885545117514474;0.19294329041009453;0.19294329041009453
6;25299;117;423;"{""percentile"": ""p95"", ""proxy_name"": ""ZYTE"", ""spider_name"": ""plp_amazon_com_br""}";68.60164308547974;4.982498168945312;6.211908181508382;5.805126019886562;5.805126019886562;5.805126019886562;0.9227129479023389;0.9227129479023389
4;25299;117;423;;67;67;65;61.42857142857143;53.93333333333333;54.36842105263158;4.337778985911136;8.904230374353348
29;25299;117;423;;100;100;100;100;100;100;0;0
27;25299;117;423;;100;100;100;100;100;100;0;0
31;25299;117;423;;100;100;100;100;100;100;0;0
34;25299;117;423;;16;17;17;16.428571428571427;14.133333333333333;13.894736842105264;1.178030178747903;2.35963281804841
3;25305;181;436;;31;29;29.666666666666668;29.428571428571427;30.066666666666666;29.655172413793103;0.7284313590846836;2.3820573847131783
26;25299;117;423;;0;0;0;0;0;0;0;0
2;25299;117;423;;67;67;65;61.42857142857143;53.93333333333333;54.36842105263158;4.337778985911136;8.904230374353348
32;25299;117;423;;100;100;100;100;100;100;0;0
28;25299;117;423;;100;100;100;100;100;100;0;0
30;25299;117;423;;100;100;100;100;100;100;0;0
12;25299;117;423;;0;0;0;0;0;0;0;0
13;25290;59;134;"{""proxy_name"": ""SCRAPE_DO"", ""spider_name"": ""pdp_magazineluiza_com_br_sellers_variants""}";0;0.97;0.4633333333333334;0.3;0.3;0.3;0.33341665625260336;0.33341665625260336
7;25290;59;134;;0;0;0;0;0;0;0;0
35;25290;59;134;;1;0;0.3333333333333333;0.7142857142857143;0.8666666666666667;0.8181818181818182;0.45175395145262565;0.38569460791993504
36;25290;59;134;;4;0;1.6666666666666667;2.142857142857143;3.1333333333333333;3.0454545454545454;1.6413036132965797;1.795886024103492
5;25290;59;134;;0;0;0;0;0;0;0;0
21;25290;59;134;;0;;;;;;;
3;25304;181;439;;745;775;762.3333333333334;644;570.6363636363636;570.6363636363636;129.35333669560177;142.35696025214716
3;25310;181;431;;38;37;37;36.857142857142854;36.333333333333336;35.37931034482759;0.3499271061118826;1.1269058371288407
20;25305;181;436;;3.7;3.7;3.7000000000000006;3.7;1.7266666666666668;0.8931034482758622;0;1.583303189316075
8;25305;181;436;;0;0;0;0;0;0;0;0
15;25305;181;436;;0;;;;;;;
24;25305;181;436;;0;0;0;0;0;0;0;0
23;25305;181;436;;0;0;0;0;0;0;0;0
22;25305;181;436;;0;0;0;0;0;0;0;0
25;25305;181;436;;0;0;0;0;0;0;0;0
16;25305;181;436;;0;0;0;0;0;0;0;0
7;25305;181;436;;0;0;0;0;0;0;0;0
5;25305;181;436;;0;0;0;0;0;0;0;0
21;25305;181;436;;0;;;;;;;
4;25305;181;436;;27;27;27;27;27;27;0;0
18;25304;181;439;;100;100;100;100;100;100;0;0
19;25304;181;439;;13;13;10.666666666666666;9.285714285714286;8;8;3.989782869648269;4.268749491621899
9;25304;181;439;;0;0;0;0;0;0;0;0
20;25304;181;439;;100;100;100;100;100;100;0;0
8;25304;181;439;;0;0;0;0;0;0;0;0
15;25304;181;439;;0;;;;;;;
24;25304;181;439;;0;0;0;0;0;0;0;0
23;25304;181;439;;0;0;0;0.8742857142857143;1.7787499999999998;1.7787499999999998;1.5043162390065379;2.7760558239163706
22;25304;181;439;;0;0;2.04;1.804285714285714;2.255;2.255;2.8547296951993655;2.9245170541475733
25;25304;181;439;;0;0;0.68;1.3157142857142858;1.15125;1.15125;2.4914932822526743;2.370851310710986
16;25304;181;439;;0;75;66.31;70.56571428571428;70.19125;70.19125;14.53072199282104;13.628305504995843
7;25304;181;439;;0;0;0;0;0;0;0;0
5;25304;181;439;;0;0;0;0;0;0;0;0
21;25304;181;439;;0;;;;;;;
4;25304;181;439;;307;276;199.33333333333334;154.57142857142858;125;125;116.19547217986612;116.46649494358644
29;25304;181;439;;100;100;100;87.08857142857143;89.95777777777778;89.95777777777778;31.62641185039195;28.403693726062297
27;25304;181;439;;100;100;100;100;100;100;0;0
31;25304;181;439;;100;100;100;87.08857142857143;89.95777777777778;89.95777777777778;31.62641185039195;28.403693726062297
26;25304;181;439;;0;0;0;0;0;0;0;0
2;25304;181;439;;306;275;198.33333333333334;154.42857142857142;124.88888888888889;124.88888888888889;116.66172973033389;116.80034669321115
18;25301;59;135;;68.47;68.34;69.36666666666667;70.01428571428572;70.67333333333333;70.15703703703704;0.8783890635355003;1.3380356381646294
19;25301;59;135;;1;1;1;1;1;1;0;0
9;25301;59;135;;0;0;0;0;0;0;0;0
20;25301;59;135;;100;100;100;100;100;100;0;0
8;25301;59;135;;0;0;0;0;0;0;0;0
15;25301;59;135;;0;;;;;;;
24;25301;59;135;;0;0;0;0;0;0;0;0
23;25301;59;135;;0;16.67;5.5566666666666675;2.3814285714285717;1.1113333333333335;0.8683333333333335;5.833284858885083;3.398417115200677
22;25301;59;135;;0;0;0;0;0;0;0;0
25;25301;59;135;;0;0;0;0;0;0;0;0
16;25301;59;135;;0;66.67;59.42666666666667;30.35571428571429;21.650666666666666;21.679583333333337;27.33080044677112;20.397993054703257
7;25301;59;135;;0;0;0;0;0;0;0;0
16;25263;181;439;;61.22;62.71;60.913333333333334;70.885;70.885;70.885;15.162181846071276;15.162181846071276
13;25263;181;439;"{""proxy_name"": ""ZYTE_PROXY_MODE"", ""spider_name"": ""pdp_sellers_variants_mercadolivre_com_br""}";1.88;0;0;0;0;0;0;0
13;25263;181;439;"{""proxy_name"": ""ZYTE_PROXY_MODE"", ""spider_name"": ""plp_mercadolivre_com_br""}";0;0;0;0;0;0;0;0
35;25263;181;439;;1;6;2.6666666666666665;2.25;2.25;2.25;2.165063509461097;2.165063509461097
36;25263;181;439;;2;11;4.333333333333333;4;4;4;4.123105625617661;4.123105625617661
14;25263;181;439;;0.12146596858638743;0.7836065573770492;0.6289620275684041;0.6609107098654923;0.6609107098654923;0.6609107098654923;0.12523822400983067;0.12523822400983067
10;25263;181;439;;0.875392670157068;0.19836065573770492;0.3592799260043859;0.32987329903429097;0.32987329903429097;0.32987329903429097;0.12441701167623818;0.12441701167623818
11;25263;181;439;"{""percentile"": ""p50"", ""proxy_name"": ""ZYTE_PROXY_MODE"", ""spider_name"": ""pdp_sellers_variants_mercadolivre_com_br""}";1.393252611160278;1.9196617603302;2.3174846172332764;2.545542359352112;2.545542359352112;2.545542359352112;0.602690473623425;0.602690473623425
11;25263;181;439;"{""percentile"": ""p50"", ""proxy_name"": ""ZYTE_PROXY_MODE"", ""spider_name"": ""plp_mercadolivre_com_br""}";1.321807384490967;2.99577784538269;2.1669606367746987;1.9329434037208557;1.9329434037208557;1.9329434037208557;0.7388592454564537;0.7388592454564537
6;25263;181;439;"{""percentile"": ""p95"", ""proxy_name"": ""ZYTE_PROXY_MODE"", ""spider_name"": ""pdp_sellers_variants_mercadolivre_com_br""}";4.730304479598999;11.31641554832458;8.00487120946248;9.151250779628752;9.151250779628752;9.151250779628752;3.0102664911798986;3.0102664911798986
6;25263;181;439;"{""percentile"": ""p95"", ""proxy_name"": ""ZYTE_PROXY_MODE"", ""spider_name"": ""plp_mercadolivre_com_br""}";6.968059778213501;7.105154752731323;6.36500342686971;6.116888642311096;6.116888642311096;6.116888642311096;1.177582166722503;1.177582166722503
34;25263;181;439;;4;64;22.333333333333332;18.5;18.5;18.5;26.36759374687042;26.36759374687042
3;25301;59;135;;1632;1575;1576.6666666666667;1125.7142857142858;1901.8;2289.5172413793102;711.9652307493101;756.1049288927022
28;25258;152;337;;100;100;100;100;100;100;0;0
30;25258;152;337;;100;100;100;100;100;100;0;0
12;25258;152;337;;0;0;0;0;0;0;0;0
18;25254;121;252;;98.13;97.77;98.02;98.67857142857143;98.528;98.61793103448277;0.6570590008608375;1.10287830106857
19;25254;121;252;;19;17;19.666666666666668;18.857142857142858;19.466666666666665;19.275862068965516;2.0303814862216996;4.176259270952464
9;25254;121;252;;0;0;0;0;0;0;0;0
20;25254;121;252;;2.34;1.79;1.9833333333333334;1.3900000000000001;1.3473333333333335;1.1044827586206898;0.595578950026179;0.5837133578953744
5;25301;59;135;;0;0;0;0;0;0;0;0
21;25301;59;135;;0;;;;;;;
4;25301;59;135;;593;597;599.6666666666666;597.4285714285714;591.2666666666667;583.5555555555555;4.304719763805532;14.361299160599883
29;25301;59;135;;3.07;3.42;3.4333333333333336;2.957142857142857;2.8986666666666663;3.6555555555555554;0.8241656263105351;1.0613873985857112
27;25301;59;135;;100;100;100;100;100;100;0;0
31;25301;59;135;;3.07;3.42;3.4333333333333336;2.957142857142857;2.8986666666666663;3.6555555555555554;0.8241656263105351;1.0613873985857112
26;25301;59;135;;0;0;0;0;0;0;0;0
3;25309;181;433;;53;53;53;53;53;53;0;0
5;25310;181;431;;0;0;0;0;0;0;0;0
21;25310;181;431;;0;;;;;;;
4;25310;181;431;;37;36;36;35.857142857142854;35.6;34.93103448275862;0.3499271061118826;0.8275862068965517
18;25309;181;433;;79.25;79.25;79.25;79.25;79.25;79.76862068965517;0;0.840261552621155
19;25309;181;433;;2;2;2;2;2;2;0;0
9;25309;181;433;;0;0;0;0;0;0;0;0
20;25309;181;433;;11.32;13.21;13.836666666666668;15.631428571428572;17.985333333333337;14.89655172413793;2.409045030542948;4.889277695657678
8;25309;181;433;;0;0;0;0;0;0;0;0
15;25309;181;433;;0;;;;;;;
7;25309;181;433;;0;0;0;0;0;0;0;0
5;25309;181;433;;0;0;0;0;0;0;0;0
21;25309;181;433;;0;;;;;;;
4;25309;181;433;;53;53;53;53;53;53;0;0
29;25309;181;433;;100;100;100;100;100;100;0;0
27;25309;181;433;;100;100;100;100;100;100;0;0
18;25300;179;414;;76.63;76.05;76.49333333333334;77.44285714285715;79.902;83.95592592592592;1.0396113873629376;5.150621148632003
19;25300;179;414;;149;149;150.66666666666666;150.42857142857142;149.8;157.33333333333334;1.498298354528788;13.640897113975829
9;25300;179;414;;0;0;0;0;0;0;0;0
20;25300;179;414;;0;0;0;0;0;0.6285185185185185;0;1.507381108151691
3;25311;181;432;;65;65;64.66666666666667;64.85714285714286;65;65;0.3499271061118826;0.2626128657194451
8;25300;179;414;;0;0;0;0;0;2.7285185185185186;0;6.545768609880852
15;25300;179;414;;1;;;;;;;
24;25300;179;414;;0;0;0;0;0;0;0;0
23;25300;179;414;;0;0;0;50;40.666666666666664;36.363157894736844;46.29100498862757;40.8692987400247
22;25300;179;414;;0;0;0;0;0;0.09842105263157895;0;0.41756516236384544
25;25300;179;414;;0;0;0;0;0;0.07894736842105263;0;0.33494531740415406
16;25300;179;414;;66.67;33.33;44.44333333333333;22.618571428571425;25.333333333333332;25.36842105263158;34.13144860203665;30.360506074271434
7;25300;179;414;;0;0;0;0;0;0;0;0
5;25300;179;414;;0;0;0;0;0;0;0;0
21;25300;179;414;;0;;;;;;;
4;25300;179;414;;1857;1854;1856.3333333333333;1854.2857142857142;1853.1333333333334;2347.185185185185;5.146823867043378;628.7081426778328
29;25300;179;414;;1.39;1.4;1.39;1.374285714285714;1.326;1.0396296296296297;0.018405855323892963;0.34816430222569816
13;25262;181;433;"{""proxy_name"": ""ZYTE_PROXY_MODE"", ""spider_name"": ""pdp_drogaraia_com_br""}";0;0;0;0;0;0;0;0
13;25262;181;433;"{""proxy_name"": ""ZYTE_PROXY_MODE"", ""spider_name"": ""plp_drogaraia_com_br""}";0;0;0;0;0;0;0;0
14;25262;181;433;;0;0;0;0;0;0;0;0
10;25262;181;433;;1;1;1;1;1;1;0;0
11;25262;181;433;"{""percentile"": ""p50"", ""proxy_name"": ""ZYTE_PROXY_MODE"", ""spider_name"": ""pdp_drogaraia_com_br""}";0.9974713325500488;0.9395506381988525;0.9190645217895508;0.8891394138336182;0.9923124631245931;1.0278313994407653;0.04874326958416186;0.3499527844279837
11;25262;181;433;"{""percentile"": ""p50"", ""proxy_name"": ""ZYTE_PROXY_MODE"", ""spider_name"": ""plp_drogaraia_com_br""}";1.324777603149414;1.419436454772949;1.292410612106323;1.3176771572657995;1.2992214838663736;1.2879178259107802;0.07633165616710945;0.072751243035777
6;25262;181;433;"{""percentile"": ""p95"", ""proxy_name"": ""ZYTE_PROXY_MODE"", ""spider_name"": ""pdp_drogaraia_com_br""}";2.520061016082764;2.608290910720825;2.477606773376465;2.4996065071650913;2.6031073570251464;2.5656875014305114;0.302229368429352;0.26154363455114316
6;25262;181;433;"{""percentile"": ""p95"", ""proxy_name"": ""ZYTE_PROXY_MODE"", ""spider_name"": ""plp_drogaraia_com_br""}";2.465660095214844;3.450542449951172;3.297769546508789;2.936569724764143;2.756775490442912;2.6794605917400784;0.4183050033931324;0.6584926735703447
15;25257;178;411;;0;;;;;;;
16;25257;178;411;;0;2.17;25.923333333333332;25.792857142857144;25.622;26.326428571428572;29.02895929155953;20.126746279921317
13;25257;178;411;"{""proxy_name"": ""ZYTE_PROXY_MODE"", ""spider_name"": ""pdp_mercadolivre_com_br_sellers_variants""}";2.88;0;1.6966666666666665;0.7442857142857143;0.506;0.4464705882352941;1.7746134962927813;1.2879118584038665
14;25257;178;411;;0.42283051834595226;0.4522058823529412;0.42913685006618624;0.46356424527060563;0.4257630941535859;0.4309753961918146;0.0583795905914824;0.0615854180711922
3;25300;179;414;;3763;3759;3758.6666666666665;3757.714285714286;3751.733333333333;3766.3793103448274;1.2777531299998799;115.25935186624912
10;25257;178;411;;0.5730926033779848;0.539828431372549;0.5647655404500452;0.5301388324772213;0.5692981211546599;0.5641288444484925;0.05809522054695733;0.06245770636947355
11;25257;178;411;"{""percentile"": ""p50"", ""proxy_name"": ""ZYTE_PROXY_MODE"", ""spider_name"": ""pdp_mercadolivre_com_br_sellers_variants""}";1.944228172302246;2.51665186882019;2.3605801264444985;2.47146429334368;2.256999635696411;2.235424841151518;0.22386056010874325;0.29756210456473403
6;25257;178;411;"{""percentile"": ""p95"", ""proxy_name"": ""ZYTE_PROXY_MODE"", ""spider_name"": ""pdp_mercadolivre_com_br_sellers_variants""}";6.961381196975708;10.92813849449158;11.07066337267558;11.154624121529716;9.891913334528605;9.432608814800487;0.9247548157128592;2.110971161343383
8;25254;121;252;;0;0;0;0;0;0;0;0
15;25254;121;252;;0;;;;;;;
14;25254;121;252;;0;0.004866180048661801;0.002408223538233179;0.0010320958020999338;0.00048164470764663577;0.0004249806243940904;0.0017641523178122777;0.0012407739754165428
27;25300;179;414;;1.39;1.4;1.39;1.374285714285714;1.326;1.0396296296296297;0.018405855323892963;0.34816430222569816
3;25308;181;435;;531;531;531;531;531;531;0;0
15;25311;181;432;;0;;;;;;;
18;25308;181;435;;0;0;0;0;0;0;0;0
19;25308;181;435;;2;2;2;2;2;2;0;0
9;25308;181;435;;0;0;0;0;0;0;0;0
20;25308;181;435;;0;0;0;0;0;0;0;0
8;25308;181;435;;0;0;0;0;0;0;0;0
15;25308;181;435;;0;;;;;;;
7;25308;181;435;;0;0;0;0;0;0;0;0
5;25308;181;435;;0;0;0;0;0;0;0;0
21;25308;181;435;;0;;;;;;;
4;25308;181;435;;31;31;31;31;30.933333333333334;30.96551724137931;0;0.18246560765962694
29;25308;181;435;;100;100;100;100;100;100;0;0
27;25308;181;435;;100;100;100;100;100;100;0;0
31;25308;181;435;;100;100;100;100;100;100;0;0
26;25308;181;435;;0;0;0;0;0;0;0;0
2;25308;181;435;;31;31;31;31;30.933333333333334;30.96551724137931;0;0.18246560765962694
18;25302;181;430;;100;100;100;92.85714285714286;89.71066666666667;94.67793103448275;17.49635530559413;15.671200992488352
19;25302;181;430;;6;6;6;5.714285714285714;5.6;5.793103448275862;0.6998542122237652;0.6090869562984722
18;25261;181;435;;0;0;0;0;0;0;0;0
19;25261;181;435;;2;2;2;2;2;2;0;0
9;25261;181;435;;0;0;0;0;0;0;0;0
20;25261;181;435;;0;0;0;0;0;0;0;0
8;25261;181;435;;0;0;0;0;0;0;0;0
15;25261;181;435;;0;;;;;;;
24;25261;181;435;;0;0;0;0;0;0;0;0
23;25261;181;435;;0;0;0;0;0;0;0;0
22;25261;181;435;;0;0;0;0;0;0;0;0
25;25261;181;435;;0;0;0;0;0;0;0;0
16;25261;181;435;;0;0;0;0;0;0;0;0
13;25261;181;435;"{""proxy_name"": ""DEFAULT"", ""spider_name"": ""pdp_drogariasaopaulo_com_br""}";0;0;0;0;0;0;0;0
3;25302;181;430;;431;433;416.3333333333333;369.42857142857144;536.8666666666667;675.7931034482758;125.51136219807482;237.50475556913554
13;25261;181;435;"{""proxy_name"": ""ZYTE_PROXY_MODE"", ""spider_name"": ""plp_drogariasaopaulo_com_br""}";0;0;0;0;0;0;0;0
7;25261;181;435;;0;0;0;0;0;0;0;0
5;25261;181;435;;0;0;0;0;0;0;0;0
21;25261;181;435;;0;;;;;;;
14;25261;181;435;;0;0;0;0;0;0;0;0
10;25261;181;435;;0.9982876712328768;0.998272884283247;0.9982748694737261;0.9982762816170146;0.9982517292532739;0.99825593656661;0.000002937750647700689;0.00005209195829232087
11;25261;181;435;"{""percentile"": ""p50"", ""proxy_name"": ""DEFAULT"", ""spider_name"": ""pdp_drogariasaopaulo_com_br""}";1.035146951675415;1.02812123298645;1.0317231019337971;1.066272258758545;1.0571073373158772;1.0503071188926696;0.08166999235931685;0.05907257579743659
11;25261;181;435;"{""percentile"": ""p50"", ""proxy_name"": ""ZYTE_PROXY_MODE"", ""spider_name"": ""plp_drogariasaopaulo_com_br""}";2.293742179870605;2.341042280197144;2.2444047133127847;2.2045823505946567;2.211508623758952;2.2006106853485106;0.12699554029323448;0.1453806262687807
15;25256;178;413;;0;;;;;;;
15;25249;147;323;;0;;;;;;;
9;25302;181;430;;0;0;0;0;0;0;0;0
20;25302;181;430;;0;0;0;0;0;0;0;0
8;25302;181;430;;100;100;100;85.71428571428571;80;89.65517241379311;34.99271061118826;30.45434781492361
15;25302;181;430;;0;;;;;;;
24;25302;181;430;;0;0;0;0;0;0;0;0
23;25302;181;430;;0;0;0;0;0;0;0;0
22;25302;181;430;;0;0;0;0;0;0;0;0
25;25302;181;430;;0;0;0;0;0;0;0;0
16;25302;181;430;;0;0;0;0;0.13133333333333333;0.0788;0;0.38603958346262884
7;25302;181;430;;0;0;0;0;0;0;0;0
5;25302;181;430;;0;0;0;0;0;0;0;0
21;25302;181;430;;0;;;;;;;
3;25312;59;139;;40;42;41;43;44.86666666666667;44.55172413793103;2.2038926600773587;3.3485581755338525
4;25302;181;430;;38;38;38;39.142857142857146;39.6;38.827586206896555;2.799416848895061;2.436347825193889
29;25302;181;430;;100;100;100;100;100;100;0;0
27;25302;181;430;;52.25;52.25;52.25;48.458571428571425;46.74133333333334;49.480000000000004;10.59365231578586;9.212741925892825
31;25302;181;430;;100;100;100;100;100;100;0;0
26;25302;181;430;;0;0;0;0;0;0;0;0
2;25302;181;430;;222;222;222;224.71428571428572;226.53333333333333;226.3793103448276;5.848425568702491;4.63430828899839
32;25302;181;430;;50.45;50.45;50.45000000000001;46.61857142857143;44.71266666666667;47.36448275862069;10.695420152798953;9.208073139335825
28;25302;181;430;;100;100;100;100;100;100;0;0
30;25302;181;430;;100;100;100;100;100;100;0;0
12;25302;181;430;;0;0;0;0;0;0;0;0
18;25312;59;139;;25.93;25.93;25.929999999999996;25.93;25.93;25.661379310344827;0;1.0954788722617785
19;25312;59;139;;1;1;1;1;1;1;0;0
9;25312;59;139;;0;0;0;0;0;0;0;0
20;25312;59;139;;0;0;0;0;0;0;0;0
8;25312;59;139;;0;0;0;0;0;0;0;0
15;25312;59;139;;0;;;;;;;
24;25312;59;139;;0;0;0;0;0;0;0;0
23;25312;59;139;;0;0;0;0;0;0;0;0
30;25308;181;435;;100;100;100;100;100;100;0;0
12;25308;181;435;;0;0;0;0;0;0;0;0
13;25298;159;352;"{""proxy_name"": ""ZYTE_PROXY_MODE"", ""spider_name"": ""pdp_mercadolivre_com_br_sellers_variants""}";1.55;0;0;0;0.0013333333333333333;0.0011764705882352942;0;0.004705882352941177
13;25298;159;352;"{""proxy_name"": ""ZYTE_PROXY_MODE"", ""spider_name"": ""plp_mercadolivre_com_br_adhoc""}";1.27;;;;;;;
35;25298;159;352;;10;9;9.333333333333334;8.571428571428571;7.466666666666667;8.857142857142858;0.9035079029052513;2.0478958838330645
36;25298;159;352;;79;79;79.66666666666667;79.14285714285714;78;61.92857142857143;0.832993127835043;21.69912534680434
14;25298;159;352;;0.11352418558736427;0.19302371154223005;0.1639837287596301;0.1732673262008459;0.16535608552266998;0.16615050757829142;0.025527659778142843;0.02992882707365629
10;25298;159;352;;0.8819630517557467;0.8034489515970997;0.8331637400697903;0.8229748155609222;0.8313638815531144;0.8306615250967291;0.025978923752267097;0.0299412539136988
11;25298;159;352;"{""percentile"": ""p50"", ""proxy_name"": ""ZYTE_PROXY_MODE"", ""spider_name"": ""pdp_mercadolivre_com_br_sellers_variants""}";1.638183832168579;1.932115793228149;1.8494383494059246;1.8721328803471156;1.8115237871805827;1.8203051931717817;0.0918692528903649;0.12198799880463951
11;25298;159;352;"{""percentile"": ""p50"", ""proxy_name"": ""ZYTE_PROXY_MODE"", ""spider_name"": ""plp_mercadolivre_com_br_adhoc""}";2.372517108917236;;;;;;;
6;25298;159;352;"{""percentile"": ""p95"", ""proxy_name"": ""ZYTE_PROXY_MODE"", ""spider_name"": ""pdp_mercadolivre_com_br_sellers_variants""}";6.483766555786133;11.08484935760498;8.96057605743408;9.601413658687047;8.244267781575521;8.33735746495864;1.8996862067814473;2.7222027383392606
6;25298;159;352;"{""percentile"": ""p95"", ""proxy_name"": ""ZYTE_PROXY_MODE"", ""spider_name"": ""plp_mercadolivre_com_br_adhoc""}";10.49406766891479;;;;;;;
34;25298;159;352;;148;147;147;146.85714285714286;148.6;190.53571428571428;2.231499907401901;51.984532138249094
12;25298;159;352;;0;0;0;0;0;0;0;0
14;25290;59;134;;0;0;0;0;0;0;0;0
10;25290;59;134;;1;1;1;1;1;1;0;0
11;25290;59;134;"{""percentile"": ""p50"", ""proxy_name"": ""SCRAPE_DO"", ""spider_name"": ""pdp_magazineluiza_com_br_sellers_variants""}";2.904542922973633;3.192106008529663;2.2037978172302246;1.8989326159159343;1.8989326159159343;1.8989326159159343;0.5835412261537436;0.5835412261537436
6;25290;59;134;"{""percentile"": ""p95"", ""proxy_name"": ""SCRAPE_DO"", ""spider_name"": ""pdp_magazineluiza_com_br_sellers_variants""}";8.00707459449768;10.61761736869812;6.369150718053182;4.939203818639119;4.939203818639119;4.939203818639119;2.591566465883067;2.591566465883067
4;25290;59;134;;375;374;374.6666666666667;373.85714285714283;374.53333333333336;374.9655172413793;1.8844151368961313;1.5421158465515792
29;25290;59;134;;0;0;0;0;0;0;0;0
27;25290;59;134;;0;0;0;0;0;0;0;0
3;25313;179;415;;1022;1012;1018.6666666666666;1011.1428571428571;997.2666666666667;979.0689655172414;8.559515530825852;23.87168432940895
22;25314;159;354;;0;0;0;0;0;0;0;0
25;25314;159;354;;0;0;0;0;0;0;0;0
16;25314;159;354;;0;0;0;0.7514285714285714;1.2226666666666666;1.543809523809524;1.8406165781485024;3.018822659487156
7;25314;159;354;;0;0;0;0;0;0;0;0
5;25314;159;354;;0;0;0;0;0;0;0;0
21;25314;159;354;;0;;;;;;;
29;25314;159;354;;100;100;100;100;100;100;0;0
27;25314;159;354;;23.96;23.71;23.396666666666665;22.638571428571428;21.886000000000003;27.75344827586207;0.949562735028657;17.09289634177815
31;25314;159;354;;100;100;100;100;100;100;0;0
26;25314;159;354;;0;0;0;0;0;0;0;0
32;25314;159;354;;23.96;23.71;23.396666666666665;22.638571428571428;21.886000000000003;25.525517241379312;0.949562735028657;17.43634997912494
28;25314;159;354;;100;100;100;100;100;100;0;0
30;25314;159;354;;100;100;100;100;100;100;0;0
12;25314;159;354;;0;0;0;0;0;0;0;0
18;25313;179;415;;71.91;76.37;72.66000000000001;71.74428571428571;70.13466666666666;72.43689655172415;2.474809413399963;4.378976500986846
19;25313;179;415;;7;5;5.333333333333333;5.285714285714286;5.4;6.413793103448276;0.45175395145262565;1.1895302283214029
9;25313;179;415;;0;0;0;0;0;0;0;0
20;25313;179;415;;0;0;0;0;0;0;0;0
8;25313;179;415;;0;0;0;0;0;0;0;0
15;25313;179;415;;0;;;;;;;
24;25313;179;415;;0;0;0;0;0;0;0;0
23;25313;179;415;;40.74;39.13;46.376666666666665;31.099999999999998;31.804;26.448260869565214;33.968329367220875;32.65406515104159
22;25313;179;415;;0;0;0;0;0;0;0;0
25;25313;179;415;;0;0;0;0;0;0;0;0
16;25313;179;415;;29.63;26.09;25.363333333333333;36.38;45.644;49.96695652173913;32.143433455150905;39.28103153639587
7;25313;179;415;;0;0;0;0;0;0;0;0
5;25313;179;415;;0;0;0;0;0;0;0;0
21;25313;179;415;;0;;;;;;;
4;25313;179;415;;655;364;337.3333333333333;315.85714285714283;327.46666666666664;329.7931034482759;31.137614237577086;66.97471437961254
29;25313;179;415;;100;100;100;100;100;100;0;0
27;25313;179;415;;100;100;100;100;100;100;0;0
31;25313;179;415;;100;100;100;100;100;100;0;0
26;25313;179;415;;0;0;0;0;0;0;0;0
2;25313;179;415;;1621;990;837.3333333333334;760.8571428571429;747.6;834.6896551724138;112.34059000764286;183.81870818605879
3;25315;160;359;;1117;1330;443.3333333333333;570.7142857142857;925.3333333333334;843.0344827586207;671.5284728110331;620.9534650096504
15;25297;159;422;;0;;;;;;;
13;25297;159;422;"{""proxy_name"": ""SCRAPE_DO"", ""spider_name"": ""pdp_magazineluiza_com_br_sellers_variants""}";6.35;0;0;1.4657142857142857;1.4657142857142857;1.4657142857142857;3.590252108707915;3.590252108707915
14;25297;159;422;;0;0;0;0;0;0;0;0
10;25297;159;422;;1;1;1;1;1;1;0;0
11;25297;159;422;"{""percentile"": ""p50"", ""proxy_name"": ""SCRAPE_DO"", ""spider_name"": ""pdp_magazineluiza_com_br_sellers_variants""}";2.793585300445557;1.959009647369385;1.9932448863983157;1.9133404323032923;1.9133404323032923;1.9133404323032923;0.18995948190030096;0.18995948190030096
6;25297;159;422;"{""percentile"": ""p95"", ""proxy_name"": ""SCRAPE_DO"", ""spider_name"": ""pdp_magazineluiza_com_br_sellers_variants""}";7.593369960784912;3.272731065750122;4.220507542292277;4.95723693711417;4.95723693711417;4.95723693711417;1.694650341581557;1.694650341581557
31;25290;59;134;;0;0;0;0;0;0;0;0
34;25290;59;134;;32;0;10.666666666666666;14.285714285714286;22;21.09090909090909;14.527946327330506;14.850494607340345
26;25290;59;134;;0;0;0;0;0;0;0;0
2;25290;59;134;;275;273;273;272.2857142857143;273.8666666666667;277.48275862068965;1.5779087167410373;4.098954363343231
32;25290;59;134;;0;0;0;0;0;0;0;0
28;25290;59;134;;0;0;0;0;0;0;0;0
30;25290;59;134;;0;0;0;0;0;0;0;0
12;25290;59;134;;0;0;0;0;0;0;0;0
20;25288;142;308;;0;0;0;0;0;0;0;0
8;25288;142;308;;0;0;0;0;0;0;0;0
13;25288;142;308;"{""proxy_name"": ""ZYTE_PROXY_MODE"", ""spider_name"": ""pdp_amazon_com_br_sellers_variants""}";0;0;0;0;0;0;0;0
13;25288;142;308;"{""proxy_name"": ""ZYTE"", ""spider_name"": ""plp_amazon_com_br""}";0;0;0;0;0;0;0;0
7;25288;142;308;;0;0;0;0;0;0;0;0
35;25288;142;308;;10;9;9;9;9;6.551724137931035;0;2.989478179543896
3;25317;164;371;;2510;2495;1660;2096.4285714285716;2229.4;2266.5172413793102;856.9188754973678;439.5997882627628
35;25216;168;386;;2;2;2;2;1.9333333333333333;1.5517241379310345;0;0.4973174173053778
36;25216;168;386;;3;3;3;3;2.533333333333333;2.2413793103448274;0;0.5666095422467236
11;25216;168;386;"{""percentile"": ""p50"", ""proxy_name"": ""ZYTE"", ""spider_name"": ""plp_amazon_com_br""}";5.846161842346191;3.570353507995605;3.887001355489095;3.791132995060512;4.043837363903339;4.043837363903339;0.31178684520930977;0.5870302836110817
6;25216;168;386;"{""percentile"": ""p95"", ""proxy_name"": ""ZYTE_PROXY_MODE"", ""spider_name"": ""pdp_amazon_com_br_sellers_variants""}";1.597010135650635;1.544991731643677;1.6951825618743896;1.7180663517543249;1.910479485988617;1.910479485988617;0.167899771217807;0.5605715188144388
6;25216;168;386;"{""percentile"": ""p95"", ""proxy_name"": ""ZYTE"", ""spider_name"": ""plp_amazon_com_br""}";5.846161842346191;4.287261009216309;4.73361070950826;4.758543797901699;4.652140819109404;4.652140819109404;0.3575935088328682;0.4166331560741845
27;25216;168;386;;58.33;46.67;54.44333333333333;56.66428571428571;59.17066666666666;54.85931034482759;4.08015005726455;22.923230339102474
31;25216;168;386;;100;100;100;100;100;100;0;0
34;25216;168;386;;4;5;4.333333333333333;4.142857142857143;3.6;3.3448275862068964;0.3499271061118826;0.8418314217747381
26;25216;168;386;;0;0;0;0;0;0;0;0
32;25216;168;386;;58.33;46.67;54.44333333333333;56.66428571428571;59.17066666666666;54.85931034482759;4.08015005726455;22.923230339102474
28;25216;168;386;;100;100;100;100;100;100;0;0
30;25216;168;386;;100;100;100;100;100;100;0;0
12;25216;168;386;;0;0;0;0;0;0;0;0
18;25317;164;371;;90.19;91.07;93.21333333333332;94.52714285714285;96.078;97.40964285714286;1.611846450376661;2.0518205890359527
19;25317;164;371;;1;1;1;1;1;1;0;0
9;25317;164;371;;0;0;0;0;0;0;0;0
20;25317;164;371;;100;100;100;100;100;100;0;0
8;25317;164;371;;0;0;0;0;0;0;0;0
15;25317;164;371;;0;;;;;;;
24;25317;164;371;;0;0;0;0;0;0;0;0
23;25317;164;371;;0;0;0;0;0;0;0;0
22;25317;164;371;;0;5;1.6666666666666667;0.7142857142857143;0.6233333333333333;0.547037037037037;1.749635530559413;1.3013036620445206
25;25317;164;371;;0;0;0;0;0;0.09962962962962962;0;0.2863626486284349
16;25317;164;371;;0;50;18.996666666666666;18.25;20.338;17.787777777777777;21.899682972265015;17.28502806077353
7;25317;164;371;;0;0;0;0;0;0;0;0
5;25317;164;371;;0;0;0;0;0;0;0;0
21;25317;164;371;;0;;;;;;;
4;25317;164;371;;265;280;314;339.57142857142856;409.53333333333336;668.2857142857143;41.48272322944351;342.56749670089596
29;25317;164;371;;0.91;0.85;0.6233333333333333;0.4442857142857143;0.36333333333333334;21.836071428571426;0.19594876464868805;40.82085674358896
27;25317;164;371;;100;100;100;100;100;100;0;0
21;25315;160;359;;0;;;;;;;
23;25296;164;421;;0;0;0;0;0;0;0;0
22;25296;164;421;;0;0;0;0;0;0;0;0
25;25296;164;421;;0;0;0;0;0;0;0;0
13;25296;164;421;;;;;;;;;
35;25296;164;421;;1;1;1;1;1;1;0;0
36;25296;164;421;;1;1;1;1;1;1;0;0
11;25296;164;421;;0;;;;;;;
6;25296;164;421;;0;;;;;;;
34;25296;164;421;;1;1;1;1;1.0666666666666667;1.263157894736842;0;0.44034738238635557
18;25289;142;305;;72.7;70.78;68.06666666666666;64.92714285714285;67.336;69.67107142857142;4.36127345192307;4.460811376616937
19;25289;142;305;;4;4;4;3.7142857142857144;4;4.642857142857143;0.6998542122237652;1.0424656799518874
9;25289;142;305;;0;0;0;0;0;0;0;0
20;25289;142;305;;100;100;100;100;100;100;0;0
8;25289;142;305;;0;0;0;0;0;0;0;0
15;25289;142;305;;0;;;;;;;
24;25289;142;305;;0;0;0;0;0;0;0;0
23;25289;142;305;;0;0;0;0.55;0.6273333333333333;0.3360714285714286;1.347219358530748;1.2330807507033357
22;25289;142;305;;0;0;0.15;0.6142857142857142;0.6573333333333333;0.35214285714285715;1.330068281199526;1.2315273825122812
25;25289;142;305;;0;0;0.15;0.0642857142857143;0.030000000000000002;0.016071428571428573;0.15746719775034718;0.08350959250778515
16;25289;142;305;;7.14;6.67;18.573333333333334;23.37142857142857;18.671333333333333;18.43392857142857;21.492922707966272;16.45090148187407
13;25289;142;305;"{""proxy_name"": ""ZYTE_PROXY_MODE"", ""spider_name"": ""pdp_mercadolivre_com_br_sellers_variants""}";13.03;0;0;0;4.298666666666667;3.9023529411764706;0;7.701991743478371
13;25289;142;305;"{""proxy_name"": ""ZYTE_PROXY_MODE"", ""spider_name"": ""plp_mercadolivre_com_br_adhoc""}";0;;;;;;;
7;25289;142;305;;0;0;0;0;0;0;0;0
35;25289;142;305;;9;9;9;7.428571428571429;7.266666666666667;6.25;1.5907898179514348;1.6393596310755
36;25289;142;305;;36;33;38;39.57142857142857;40.733333333333334;28.392857142857142;3.7742413753208304;14.833213903058148
15;25248;148;326;;0;;;;;;;
3;25318;59;148;;37;0;24.666666666666668;31.714285714285715;36.13333333333333;38.58620689655172;12.947302926139656;7.5086949202554285
18;25321;181;433;;79.25;79.25;79.25;79.25;79.25;79.76862068965517;0;0.840261552621155
19;25321;181;433;;2;2;2;2;2;2;0;0
9;25321;181;433;;0;0;0;0;0;0;0;0
20;25321;181;433;;11.32;11.32;12.58;14.284285714285716;18.111333333333334;14.701379310344828;1.7033400561657601;4.915115127664115
8;25321;181;433;;0;0;0;0;0;0;0;0
15;25321;181;433;;0;;;;;;;
7;25321;181;433;;0;0;0;0;0;0;0;0
18;25320;181;435;;0;0;0;0;0;0;0;0
19;25320;181;435;;2;2;2;2;2;2;0;0
9;25320;181;435;;0;0;0;0;0;0;0;0
20;25320;181;435;;0;0;0;0;0;0;0;0
8;25320;181;435;;0;0;0;0;0;0;0;0
15;25320;181;435;;0;;;;;;;
24;25320;181;435;;0;0;0;0;0;0;0;0
23;25320;181;435;;0;0;0;0;0;0;0;0
22;25320;181;435;;0;0;0;0;0;0;0;0
25;25320;181;435;;0;0;0;0;0;0;0;0
16;25320;181;435;;0;0;0;0;0;0;0;0
7;25320;181;435;;0;0;0;0;0;0;0;0
3;25320;181;435;;531;531;531;531;531;531;0;0
5;25320;181;435;;0;0;0;0;0;0;0;0
21;25320;181;435;;0;;;;;;;
4;25320;181;435;;31;31;31;31;30.933333333333334;30.96551724137931;0;0.18246560765962694
29;25320;181;435;;100;100;100;100;100;100;0;0
27;25320;181;435;;100;100;100;100;100;100;0;0
31;25320;181;435;;100;100;100;100;100;100;0;0
18;25318;59;148;;20;20;20;20;20;20;0;0
19;25318;59;148;;1;1;1;1;1;1;0;0
9;25318;59;148;;0;0;0;0;0;0;0;0
20;25318;59;148;;0;0;0;0;0;0;0;0
8;25318;59;148;;0;0;0;0;0;0;0;0
15;25318;59;148;;0;;;;;;;
7;25318;59;148;;0;0;0;0;0;0;0;0
18;25295;121;417;;94.29;94.44;95.67666666666666;95.65142857142857;95.59200000000001;95.69040000000001;2.1483909498667564;1.8741643044301097
19;25295;121;417;;4;5;5;5.285714285714286;5.8;6.16;0.6998542122237652;0.88
9;25295;121;417;;0;0;0;0;0;0;0;0
20;25295;121;417;;0;0;0;0;0;0;0;0
8;25295;121;417;;0;0;0;0;0;0;0;0
15;25295;121;417;;0;;;;;;;
13;25295;121;417;"{""proxy_name"": ""SCRAPE_DO"", ""spider_name"": ""pdp_magazineluiza_com_br_sellers_variants""}";100;0;0;0;0.06533333333333333;0.2188235294117647;0;0.6497500184726356
13;25295;121;417;"{""spider_name"": ""plp_magazineluiza_com_br""}";0;0;0;0;0;0;0;0
13;25295;121;417;"{""proxy_name"": ""ZYTE_PROXY_MODE"", ""spider_name"": ""plp_magazineluiza_com_br""}";0;0;0;0;0;1.9605882352941175;0;7.84235294117647
7;25295;121;417;;0;0;0;0;0;0;0;0
35;25295;121;417;;3;3;3;3;3;3.12;0;0.32496153618543844
36;25295;121;417;;3;3;3;3;3;3.12;0;0.32496153618543844
5;25295;121;417;;0;0;0;0;0;0;0;0
21;25295;121;417;;0;;;;;;;
14;25295;121;417;;0;0;0;0;0;0.00005253664430940581;0;0.00021014657723762324
10;25295;121;417;;1;1;1;1;1;0.9999474633556905;0;0.0002101465772376328
11;25295;121;417;"{""percentile"": ""p50"", ""proxy_name"": ""SCRAPE_DO"", ""spider_name"": ""pdp_magazineluiza_com_br_sellers_variants""}";0;2.062721729278564;1.9854145050048828;1.9530738421848841;2.208908971150716;2.592082514482386;0.08811798520411955;1.5132671772135575
21;25237;181;431;;0;;;;;;;
15;25325;181;436;;0;;;;;;;
18;25324;181;437;;0;0;0;0;0;0;0;0
19;25324;181;437;;2;2;2;2;2;2;0;0
9;25324;181;437;;0;0;0;0;0;0;0;0
20;25324;181;437;;0;0;0;0;0;0;0;0
8;25324;181;437;;0;0;0;0;0;0;0;0
15;25324;181;437;;0;;;;;;;
7;25324;181;437;;0;0;0;0;0;0;0;0
21;25324;181;437;;0;;;;;;;
18;25322;181;430;;100;100;100;100;89.71066666666667;94.67793103448275;0;15.671200992488352
19;25322;181;430;;6;6;6;6;5.6;5.793103448275862;0;0.6090869562984722
9;25322;181;430;;0;0;0;0;0;0;0;0
20;25322;181;430;;0;0;0;0;0;0;0;0
8;25322;181;430;;100;100;100;100;80;89.65517241379311;0;30.45434781492361
15;25322;181;430;;0;;;;;;;
7;25322;181;430;;0;0;0;0;0;0;0;0
3;25322;181;430;;418;431;423.6666666666667;422;510.1333333333333;661.9655172413793;10.810048235652923;239.6711083761447
5;25322;181;430;;0;0;0;0;0;0;0;0
21;25322;181;430;;0;;;;;;;
4;25322;181;430;;38;38;38;38;39.6;38.827586206896555;0;2.436347825193889
29;25322;181;430;;100;100;100;100;100;100;0;0
27;25322;181;430;;52.02;52.25;52.25;52.69571428571429;46.580000000000005;49.48931034482759;0.8532769964396447;9.215399754097703
31;25322;181;430;;100;100;100;100;100;100;0;0
26;25322;181;430;;0;0;0;0;0;0;0;0
2;25322;181;430;;223;222;222;222.28571428571428;226.33333333333334;226.20689655172413;0.45175395145262565;4.700545165336401
32;25322;181;430;;50.22;50.45;50.45000000000001;50.89714285714286;44.580000000000005;47.38758620689655;0.8536428541544617;9.214942758133217
28;25322;181;430;;100;100;100;100;100;100;0;0
30;25322;181;430;;100;100;100;100;100;100;0;0
5;25318;59;148;;0;0;0;0;0;0;0;0
21;25318;59;148;;0;;;;;;;
4;25318;59;148;;15;15;15;15;15;15;0;0
29;25318;59;148;;0;0;0;0;0;0;0;0
27;25318;59;148;;0;0;0;0;0;0;0;0
31;25318;59;148;;0;0;0;0;0;0;0;0
26;25318;59;148;;0;0;0;0;0;0;0;0
2;25318;59;148;;3;3;3;3;3;3;0;0
32;25318;59;148;;0;0;0;0;0;0;0;0
28;25318;59;148;;0;0;0;0;0;0;0;0
30;25318;59;148;;0;0;0;0;0;0;0;0
12;25318;59;148;;0;0;0;0;0;0;0;0
11;25295;121;417;"{""percentile"": ""p50"", ""spider_name"": ""plp_magazineluiza_com_br""}";0.439497709274292;0.3172943592071533;0.2220758597056071;0.20150923728942874;0.708247252873012;0.708247252873012;0.07111866508245115;1.758870895697413
11;25295;121;417;"{""percentile"": ""p50"", ""proxy_name"": ""ZYTE_PROXY_MODE"", ""spider_name"": ""plp_magazineluiza_com_br""}";1.775252103805542;1.911968469619751;2.87986954053243;2.4115072659083774;2.835660711924235;2.861893990460564;0.9081428366791718;0.9484404716775123
6;25295;121;417;"{""percentile"": ""p95"", ""proxy_name"": ""SCRAPE_DO"", ""spider_name"": ""pdp_magazineluiza_com_br_sellers_variants""}";0;3.052794933319092;3.4050488471984863;3.6451615946633473;4.367985979715983;5.779895011116476;0.837551406594277;5.587527652522659
6;25295;121;417;"{""percentile"": ""p95"", ""spider_name"": ""plp_magazineluiza_com_br""}";0.4623744487762451;0.4074251651763916;0.30489158630371094;0.30700836862836567;0.8073867900030953;0.8073867900030953;0.06531665532407267;1.7312424372812774
6;25295;121;417;"{""percentile"": ""p95"", ""proxy_name"": ""ZYTE_PROXY_MODE"", ""spider_name"": ""plp_magazineluiza_com_br""}";3.108200788497925;5.060222387313843;4.9515650272369385;3.996934073311942;4.5303848584493;4.56611717448515;0.8485820259632504;1.0671492831505751
4;25295;121;417;;35;36;33.666666666666664;37;36.8;37.84;5.291502622129181;4.592864030210343
29;25295;121;417;;0;0;0;0;0;0;0;0
27;25295;121;417;;0;0;0;0;0;0;0;0
31;25295;121;417;;0;0;0;0;0;0;0;0
34;25295;121;417;;3;3;3;3;3;3.12;0;0.32496153618543844
26;25295;121;417;;0;0;0;0;0;0;0;0
2;25295;121;417;;35;36;33.666666666666664;37;36.8;37.84;5.291502622129181;4.592864030210343
5;25289;142;305;;0;0;0;0;0;0;0;0
21;25289;142;305;;0;;;;;;;
14;25289;142;305;;0.5168869309838473;0.4361485108119135;0.4418108830083598;0.46086693464045275;0.476388571101452;0.4734373114532584;0.06927059394186733;0.0923526238325565
10;25289;142;305;;0.4819383259911894;0.5603835169318645;0.5549285532065666;0.5358606862874673;0.5213505823970374;0.5243747085427024;0.06973841928554395;0.09249518482620832
18;25319;181;439;;100;100;100;100;100;100;0;0
19;25319;181;439;;13;13;13;10.714285714285714;8.5;8.5;3.1943828249996997;4.318564576337836
9;25319;181;439;;0;0;0;0;0;0;0;0
20;25319;181;439;;100;100;100;100;100;100;0;0
8;25319;181;439;;0;0;0;0;0;0;0;0
15;25319;181;439;;0;;;;;;;
24;25319;181;439;;0;0;0;0;0;0;0;0
23;25319;181;439;;0;0;0;0.8742857142857143;1.581111111111111;1.581111111111111;1.5043162390065379;2.6763218725392686
15;25327;181;431;;0;;;;;;;
18;25326;181;434;;79.63;79.63;79.63;79.63;79.60466666666666;80.12724137931035;0;0.8377757767331676
19;25326;181;434;;2;2;2;2;2;2;0;0
9;25326;181;434;;0;0;0;0;0;0;0;0
20;25326;181;434;;12.96;12.96;14.813333333333334;17.195714285714285;19.032666666666668;14.761379310344827;2.367837211723916;4.92736743318792
8;25326;181;434;;0;0;0;0;0;0;0;0
15;25326;181;434;;0;;;;;;;
7;25326;181;434;;0;0;0;0;0;0;0;0
3;25326;181;434;;54;54;54;54;54;54;0;0
5;25326;181;434;;0;0;0;0;0;0;0;0
21;25326;181;434;;0;;;;;;;
4;25326;181;434;;54;54;54;54;53.93333333333333;53.96551724137931;0;0.18246560765962694
29;25326;181;434;;100;100;100;100;100;100;0;0
27;25326;181;434;;100;100;100;100;100;100;0;0
31;25326;181;434;;100;100;100;100;100;100;0;0
26;25326;181;434;;0;0;0;0;0;0;0;0
2;25326;181;434;;54;54;54;54;53.93333333333333;53.96551724137931;0;0.18246560765962694
32;25326;181;434;;100;100;100;100;100;100;0;0
28;25326;181;434;;100;100;100;100;100;100;0;0
30;25326;181;434;;100;100;100;100;100;100;0;0
5;25325;181;436;;0;0;0;0;0;0;0;0
21;25325;181;436;;0;;;;;;;
4;25325;181;436;;27;27;27;27;27;27;0;0
29;25325;181;436;;100;100;100;100;100;100;0;0
27;25325;181;436;;100;100;100;100;100;100;0;0
31;25325;181;436;;100;100;100;100;100;100;0;0
26;25325;181;436;;0;0;0;0;0;0;0;0
2;25325;181;436;;27;27;27;27;27;27;0;0
32;25325;181;436;;100;100;100;100;100;100;0;0
28;25325;181;436;;100;100;100;100;100;100;0;0
30;25325;181;436;;100;100;100;100;100;100;0;0
12;25325;181;436;;0;0;0;0;0;0;0;0
22;25319;181;439;;0;0;2.04;1.804285714285714;2.0044444444444443;2.0044444444444443;2.8547296951993655;2.8468778653547666
25;25319;181;439;;0;0;0.68;1.3157142857142858;1.0233333333333334;1.0233333333333334;2.4914932822526743;2.264351759088876
16;25319;181;439;;60;0;45.406666666666666;59.85142857142857;62.392222222222216;62.392222222222216;28.370706435925584;25.528271377164824
7;25319;181;439;;0;0;0;0;0;0;0;0
3;25319;181;439;;790;745;767.3333333333334;682.1428571428571;585.1666666666666;585.1666666666666;113.12878700392571;144.5653447022795
5;25319;181;439;;0;0;0;0;0;0;0;0
21;25319;181;439;;0;;;;;;;
4;25319;181;439;;255;307;292;196;143.2;143.2;111.35785301707028;123.24431021349423
29;25319;181;439;;100;100;100;87.08857142857143;90.962;90.962;31.62641185039195;27.114
27;25319;181;439;;100;100;100;100;100;100;0;0
31;25319;181;439;;100;100;100;87.08857142857143;90.962;90.962;31.62641185039195;27.114
26;25319;181;439;;0;0;0;0;0;0;0;0
2;25319;181;439;;254;306;291;195.71428571428572;143;143;111.75574678187922;123.41069645699274
32;25319;181;439;;100;100;100;100;100;100;0;0
28;25319;181;439;;100;100;100;100;100;100;0;0
30;25319;181;439;;100;100;100;100;100;100;0;0
12;25319;181;439;;0;0;0;0;0;0;0;0
18;25227;141;302;;77.78;77.78;81.48;82.53714285714285;85.36466666666666;89.24214285714285;1.9420954389209473;6.425901469356464
19;25227;141;302;;2;2;2;2;2;2;0;0
9;25227;141;302;;0;0;0;0;0;0;0;0
20;25227;141;302;;0;0;0;0;0;0.9357142857142857;0;2.726527656420248
8;25227;141;302;;0;0;0;0;0;0;0;0
24;25227;141;302;;0;0;0;0;0;0;0;0
23;25227;141;302;;0;0;0;0;0;0;0;0
22;25227;141;302;;0;0;0;0;0;0;0;0
25;25227;141;302;;0;0;0;0;0;0;0;0
16;25227;141;302;;0;0;0;0;3.809285714285714;3.809285714285714;0;9.664883758288275
13;25227;141;302;"{""proxy_name"": ""ZYTE_PROXY_MODE"", ""spider_name"": ""pdp_amazon_com_br_sellers_variants""}";0;0;0;0;0;0.12166666666666666;0;0.34480670913812955
13;25227;141;302;"{""proxy_name"": ""ZYTE"", ""spider_name"": ""plp_amazon_com_br""}";0;0;0;0;0;0;0;0
7;25227;141;302;;0;0;0;0;0;0;0;0
35;25227;141;302;;4;4;3.6666666666666665;3.857142857142857;3.533333333333333;2.607142857142857;0.3499271061118826;1.1753201908503097
36;25227;141;302;;5;5;4.333333333333333;4.714285714285714;4.866666666666666;4.285714285714286;0.6998542122237652;1.1293848786315641
5;25227;141;302;;0;0;0;0;0;0;0;0
21;25227;141;302;;0;;;;;;;
14;25227;141;302;;0;0;0;0;0;0;0;0
10;25227;141;302;;1;1;1;1;1;1;0;0
11;25227;141;302;"{""percentile"": ""p50"", ""proxy_name"": ""ZYTE_PROXY_MODE"", ""spider_name"": ""pdp_amazon_com_br_sellers_variants""}";1.547814846038818;1.581222534179688;1.6652793089548747;1.6515919821602958;1.6866215387980144;1.7067042986551921;0.06642785567304542;0.08940689805522639
11;25227;141;302;"{""percentile"": ""p50"", ""proxy_name"": ""ZYTE"", ""spider_name"": ""plp_amazon_com_br""}";5.364437103271484;4.762621402740479;4.9544012546539316;4.862568957465036;4.974738947550455;4.969934688674079;0.2213576347646566;0.5915881286114543
18;25328;181;432;;85.71;80.95;79.36333333333333;80.27;80.63266666666667;82.09896551724138;3.0410524493997135;3.2247986783754894
19;25328;181;432;;2;2;2;2;2;2;0;0
9;25328;181;432;;0;0;0;0;0;0;0;0
20;25328;181;432;;0;0;0;0;0;0;0;0
8;25328;181;432;;0;0;0;0;0;0;0;0
15;25328;181;432;;0;;;;;;;
7;25328;181;432;;0;0;0;0;0;0;0;0
3;25328;181;432;;65;65;64.66666666666667;64.85714285714286;65;65;0.3499271061118826;0.2626128657194451
5;25328;181;432;;0;0;0;0;0;0;0;0
21;25328;181;432;;0;;;;;;;
4;25328;181;432;;21;21;21;21;21;21;0;0
29;25328;181;432;;100;100;100;100;100;100;0;0
27;25328;181;432;;100;100;100;100;100;100;0;0
31;25328;181;432;;100;100;100;100;100;100;0;0
26;25328;181;432;;0;0;0;0;0;0;0;0
2;25328;181;432;;82;83;80;80.85714285714286;80.46666666666667;82.75862068965517;2.996596709057576;3.729242988854007
32;25328;181;432;;100;100;100;100;100;100;0;0
28;25328;181;432;;100;100;100;100;100;100;0;0
30;25328;181;432;;100;100;100;100;100;100;0;0
12;25328;181;432;;0;0;0;0;0;0;0;0
18;25329;59;147;;100;100;100;100;100;100;0;0
19;25329;59;147;;1;1;1;1;1;1;0;0
9;25329;59;147;;0;0;0;0;0;0;0;0
20;25329;59;147;;0;0;0;0;0;0;0;0
8;25329;59;147;;0;0;0;0;0;0;0;0
15;25329;59;147;;0;;;;;;;
7;25329;59;147;;0;0;0;0;0;0;0;0
3;25329;59;147;;25;25;25;25;25.2;25.586206896551722;0;0.4925123054167483
5;25329;59;147;;0;0;0;0;0;0;0;0
21;25329;59;147;;0;;;;;;;
4;25329;59;147;;5;5;5;5;4.6;4.517241379310345;0;0.49970264642032547
29;25329;59;147;;20;60;33.333333333333336;26.428571428571427;25;23.103448275862068;13.81362828986694;8.450035003339893
27;25329;59;147;;20;60;33.333333333333336;26.428571428571427;25;23.103448275862068;13.81362828986694;8.450035003339893
31;25329;59;147;;20;60;33.333333333333336;26.428571428571427;25;23.103448275862068;13.81362828986694;8.450035003339893
26;25329;59;147;;0;0;0;0;0;0;0;0
2;25329;59;147;;5;5;5;4.857142857142857;4.533333333333333;4.448275862068965;0.3499271061118826;0.5623967734586238
32;25329;59;147;;100;100;100;100;100;100;0;0
28;25329;59;147;;20;60;33.333333333333336;26.428571428571427;25;23.103448275862068;13.81362828986694;8.450035003339893
30;25329;59;147;;20;60;33.333333333333336;26.428571428571427;25;23.103448275862068;13.81362828986694;8.450035003339893
12;25329;59;147;;0;0;0;0;0;0;0;0
18;25294;174;420;;100;100;100;100;100;100;0;0
19;25294;174;420;;1;1;1;1;1;1;0;0
9;25294;174;420;;0;0;0;0;0;0;0;0
20;25294;174;420;;0;0;0;0;0;0;0;0
8;25294;174;420;;0;0;0;0;0;0;0;0
15;25294;174;420;;0;;;;;;;
24;25294;174;420;;0;0;0;0;0;0;0;0
23;25294;174;420;;0;0;0;0;0;0;0;0
22;25294;174;420;;0;0;0;0;0;0;0;0
25;25294;174;420;;0;0;0;0;0;0;0;0
16;25294;174;420;;0;0;0;13.334;13.334;13.334;26.668;26.668
13;25294;174;420;;;;;;;;;
7;25294;174;420;;0;0;0;0;0;0;0;0
35;25294;174;420;;1;1;1;1;1;1;0;0
36;25294;174;420;;1;1;1;1;1;1;0;0
5;25294;174;420;;0;0;0;0;0;0;0;0
21;25294;174;420;;0;;;;;;;
11;25294;174;420;;0;;;;;;;
6;25294;174;420;;0;;;;;;;
4;25294;174;420;;3;2;2.3333333333333335;2.7142857142857144;2.8666666666666667;4.368421052631579;0.45175395145262565;2.9237777710170842
29;25294;174;420;;0;0;0;0;0;0;0;0
27;25294;174;420;;0;0;0;0;0;0;0;0
31;25294;174;420;;0;0;0;0;0;0;0;0
34;25294;174;420;;2;2;2;2;2;2.210526315789474;0;0.40768245749551757
26;25294;174;420;;0;0;0;0;0;0;0;0
2;25294;174;420;;3;2;2.3333333333333335;2.7142857142857144;2.8666666666666667;4.368421052631579;0.45175395145262565;2.9237777710170842
32;25294;174;420;;0;0;0;0;0;0;0;0
28;25294;174;420;;0;0;0;0;0;0;0;0
12;25294;174;420;;0;0;0;0;0;0;0;0
11;25289;142;305;"{""percentile"": ""p50"", ""proxy_name"": ""ZYTE_PROXY_MODE"", ""spider_name"": ""pdp_mercadolivre_com_br_sellers_variants""}";1.394421339035034;2.37886905670166;2.048232158025106;2.1742540768214638;1.6911781469980876;1.7136323732488297;0.3563721808711705;0.5696032761613975
11;25289;142;305;"{""percentile"": ""p50"", ""proxy_name"": ""ZYTE_PROXY_MODE"", ""spider_name"": ""plp_mercadolivre_com_br_adhoc""}";2.224177360534668;;;;;;;
6;25289;142;305;"{""percentile"": ""p95"", ""proxy_name"": ""ZYTE_PROXY_MODE"", ""spider_name"": ""pdp_mercadolivre_com_br_sellers_variants""}";4.719335794448853;9.94871187210083;9.929595232009886;9.605119841439384;6.838967100779215;6.753623359343585;2.37607689483055;3.006994890603696
6;25289;142;305;"{""percentile"": ""p95"", ""proxy_name"": ""ZYTE_PROXY_MODE"", ""spider_name"": ""plp_mercadolivre_com_br_adhoc""}";4.867039203643799;;;;;;;
4;25289;142;305;;337;308;340;340.14285714285717;361.53333333333336;389.2142857142857;36.844959226577565;73.52276476558475
29;25289;142;305;;3.96;4.02;5.04;5.581428571428572;4.924;25.248214285714287;1.4076873493320128;39.050901037123644
27;25289;142;305;;100;100;100;100;100;100;0;0
31;25289;142;305;;3.96;4.02;5.04;5.581428571428572;4.924;25.248214285714287;1.4076873493320128;39.050901037123644
3;25316;147;323;;3704;3701;3700.3333333333335;2115.8571428571427;1969.1333333333334;2669.2413793103447;1832.3891062584644;1672.9089604673325
21;25316;147;323;;0;;;;;;;
18;25327;181;431;;97.3;97.3;97.24666666666667;97.23142857142857;97.01333333333334;97.04689655172415;0.02799416848895001;0.4975602784364573
19;25327;181;431;;2;2;2;2;2;2;0;0
9;25327;181;431;;0;0;0;0;0;0;0;0
20;25327;181;431;;0;0;0;0;0;0;0;0
8;25327;181;431;;0;0;0;0;0;0;0;0
13;25327;181;431;"{""proxy_name"": ""DEFAULT"", ""spider_name"": ""pdp_epocacosmeticos_com_br""}";0;2.74;0.9133333333333334;0.39142857142857146;0.18266666666666667;0.11913043478260871;0.9588002707465584;0.5587712687789651
13;25327;181;431;"{""proxy_name"": ""ZYTE_PROXY_MODE"", ""spider_name"": ""plp_epocacosmeticos_com_br""}";0;0;0;0;6.274666666666667;4.092173913043479;0;19.193997013677443
7;25327;181;431;;0;0;0;0;0;0;0;0
3;25327;181;431;;38;38;37.333333333333336;37.142857142857146;36.53333333333333;35.51724137931034;0.3499271061118826;1.192525273502799
5;25327;181;431;;0;0;0;0;0;0;0;0
21;25327;181;431;;0;;;;;;;
14;25327;181;431;;0.00980392156862745;0.010101010101010102;0.010404040404040403;0.010173160173160173;0.007468563182848898;0.005776599177220294;0.00038449964197616825;0.005071252982502423
10;25327;181;431;;0.9901960784313726;0.98989898989899;0.9895959595959596;0.9898268398268398;0.9925314368171511;0.9942234008227797;0.0003844996419761528;0.00507125298250242
11;25327;181;431;"{""percentile"": ""p50"", ""proxy_name"": ""DEFAULT"", ""spider_name"": ""pdp_epocacosmeticos_com_br""}";1.095019578933716;1.132937908172607;1.1335819562276204;1.0985691887991769;1.1187970638275146;1.0934160895969556;0.08824898897702653;0.1086884793549964
11;25327;181;431;"{""percentile"": ""p50"", ""proxy_name"": ""ZYTE_PROXY_MODE"", ""spider_name"": ""plp_epocacosmeticos_com_br""}";1.183297872543335;1.193105220794678;1.1756590207417805;1.1642649173736572;1.2683801651000977;1.2230333659959876;0.023136195986462556;0.288177248484017
6;25327;181;431;"{""percentile"": ""p95"", ""proxy_name"": ""DEFAULT"", ""spider_name"": ""pdp_epocacosmeticos_com_br""}";1.977830410003662;1.884101152420044;1.663324197133382;1.6366854054587228;2.463476022084554;2.493113963500313;0.1709440881072497;1.9808770677211787
6;25327;181;431;"{""percentile"": ""p95"", ""proxy_name"": ""ZYTE_PROXY_MODE"", ""spider_name"": ""plp_epocacosmeticos_com_br""}";1.438872098922729;1.618620157241821;1.4278749624888103;1.43697224344526;2.8338471412658692;2.5936416854029116;0.10496961995765776;2.773972091322253
4;25327;181;431;;37;37;36.333333333333336;36.142857142857146;35.733333333333334;35.03448275862069;0.3499271061118826;0.8898957172802717
29;25327;181;431;;49.32;49.32;49.306666666666665;49.30285714285714;49.294666666666664;49.27724137931035;0.006998542122238746;0.021955527420318605
27;25327;181;431;;49.32;49.32;49.306666666666665;49.30285714285714;49.294666666666664;49.27724137931035;0.006998542122238746;0.021955527420318605
31;25327;181;431;;49.32;49.32;49.306666666666665;49.30285714285714;49.294666666666664;49.27724137931035;0.006998542122238746;0.021955527420318605
26;25327;181;431;;0;0;0;0;0;0;0;0
2;25327;181;431;;73;73;71.66666666666667;71.28571428571429;70.46666666666667;69.06896551724138;0.6998542122237652;1.7797914345605435
32;25327;181;431;;49.32;49.32;49.306666666666665;49.30285714285714;49.294666666666664;49.27724137931035;0.006998542122238746;0.021955527420318605
28;25327;181;431;;49.32;49.32;49.306666666666665;49.30285714285714;49.294666666666664;49.27724137931035;0.006998542122238746;0.021955527420318605
30;25327;181;431;;49.32;49.32;49.306666666666665;49.30285714285714;49.294666666666664;49.27724137931035;0.006998542122238746;0.021955527420318605
12;25327;181;431;;0;0;0;0;0;0;0;0
13;25326;181;434;"{""proxy_name"": ""ZYTE_PROXY_MODE"", ""spider_name"": ""pdp_drogasil_com_br""}";0;1.85;0.6166666666666667;0.2642857142857143;0.12333333333333334;0.08043478260869566;0.6473651463069828;0.3772725719857976
14;25326;181;434;;0;0;0;0;0.0007936507936507937;0.0005175983436853001;0;0.002427751428480036
10;25326;181;434;;1;1;1;1;0.9992063492063491;0.9994824016563146;0;0.002427751428480027
11;25326;181;434;"{""percentile"": ""p50"", ""proxy_name"": ""ZYTE_PROXY_MODE"", ""spider_name"": ""pdp_drogasil_com_br""}";1.245591163635254;1.206279277801514;1.4253644943237305;1.3559763772147042;1.3017277558644613;1.1791068885637366;0.13808656586906856;0.26779731510703986
6;25326;181;434;"{""percentile"": ""p95"", ""proxy_name"": ""ZYTE_PROXY_MODE"", ""spider_name"": ""pdp_drogasil_com_br""}";3.467949390411377;4.429418802261353;7.3211448192596436;9.199250629970006;7.716567881902059;6.515502805295198;5.512889857606674;5.039318929342667
12;25326;181;434;;0;0;0;0;0;0;0;0
18;25330;174;401;;87.5;87.5;95.83333333333333;98.21428571428571;98.33333333333333;98.05;4.374088826398532;3.3366904933295602
19;25330;174;401;;1;1;1;1;1;1;0;0
9;25330;174;401;;0;0;0;0;0;0;0;0
20;25330;174;401;;0;0;0;0;0;0;0;0
8;25330;174;401;;0;0;0;0;0;0;0;0
15;25330;174;401;;0;;;;;;;
7;25330;174;401;;0;0;0;0;0;0;0;0
5;25330;174;401;;0;0;0;0;0;0;0;0
21;25330;174;401;;0;;;;;;;
29;25330;174;401;;100;100;100;100;100;100;0;0
27;25330;174;401;;14.93;13.64;13.996666666666668;13.857142857142858;15.500666666666666;28.389310344827585;0.5050520280331605;21.39579815839364
31;25330;174;401;;100;100;100;100;100;100;0;0
26;25330;174;401;;0;0;0;0;0;0;0;0
32;25330;174;401;;14.93;13.64;13.996666666666668;13.857142857142858;12.922666666666666;26.228620689655173;0.5050520280331605;21.945959289399624
28;25330;174;401;;100;100;100;100;100;100;0;0
30;25330;174;401;;100;100;100;100;100;100;0;0
12;25330;174;401;;0;0;0;0;0;0;0;0
18;25325;181;436;;0;0;0;0;0;0;0;0
19;25325;181;436;;3;3;3;3;2.533333333333333;2.2758620689655173;0;0.44694763437295587
9;25325;181;436;;0;0;0;0;0;0;0;0
20;25325;181;436;;3.7;3.7;3.7000000000000006;3.7;1.9733333333333334;1.0206896551724138;0;1.6537062471799369
8;25325;181;436;;0;0;0;0;0;0;0;0
13;25325;181;436;"{""proxy_name"": ""ZYTE_PROXY_MODE"", ""spider_name"": ""pdp_paguemenos_com_br""}";0;0;0;0;0;0;0;0
7;25325;181;436;;0;0;0;0;0;0;0;0
3;25325;181;436;;29;31;30.333333333333332;29.714285714285715;30.2;29.724137931034484;0.8806305718527109;2.3910256308082367
14;25325;181;436;;0;0;0;0;0;0;0;0
10;25325;181;436;;1;1;1;1;1;1;0;0
11;25325;181;436;"{""percentile"": ""p50"", ""proxy_name"": ""ZYTE_PROXY_MODE"", ""spider_name"": ""pdp_paguemenos_com_br""}";2.11587929725647;2.551363945007324;2.442020813624064;2.3663415568215505;2.4066954135894774;2.444377090619958;0.1624649026348859;0.16179686930211137
6;25325;181;436;"{""percentile"": ""p95"", ""proxy_name"": ""ZYTE_PROXY_MODE"", ""spider_name"": ""pdp_paguemenos_com_br""}";3.467844247817993;31.46571254730225;12.509815533955894;7.270373344421388;5.910384607315064;5.137310328690902;9.880353548145541;5.919052164284705
13;25324;181;437;"{""proxy_name"": ""ZYTE_PROXY_MODE"", ""spider_name"": ""plp_drogariavenancio_com_br""}";0;0;0;0;0;0;0;0
3;25324;181;437;;27;27;27;28;27.466666666666665;27.275862068965516;2.449489742783178;1.2837593426887093
5;25324;181;437;;0;0;0;0;0;0;0;0
14;25324;181;437;;0;0;0;0;0;0;0;0
10;25324;181;437;;1;1;1;1;1;1;0;0
11;25324;181;437;"{""percentile"": ""p50"", ""proxy_name"": ""ZYTE_PROXY_MODE"", ""spider_name"": ""plp_drogariavenancio_com_br""}";2.809266567230225;2.616592168807983;2.665127833684285;2.585829496383667;2.7263146877288817;2.7086666765667142;0.15323259834376113;0.24071920413043366
6;25324;181;437;"{""percentile"": ""p95"", ""proxy_name"": ""ZYTE_PROXY_MODE"", ""spider_name"": ""plp_drogariavenancio_com_br""}";3.995060443878174;33.20007705688477;13.869929552078249;8.029766627720425;6.897681188583374;6.126088096981957;10.282821478549941;6.8238647998914885
4;25324;181;437;;27;27;27;27;27;27;0;0
29;25324;181;437;;100;100;100;100;100;100;0;0
27;25324;181;437;;100;100;100;100;100;100;0;0
31;25324;181;437;;100;100;100;100;100;100;0;0
26;25324;181;437;;0;0;0;0;0;0;0;0
2;25324;181;437;;27;27;27;27;27;27;0;0
32;25324;181;437;;100;100;100;100;100;100;0;0
28;25324;181;437;;100;100;100;100;100;100;0;0
30;25324;181;437;;100;100;100;100;100;100;0;0
12;25324;181;437;;0;0;0;0;0;0;0;0
18;25323;181;438;;0;0;0;0;0;0;0;0
19;25323;181;438;;3;3;3;2.4285714285714284;2.2;2.103448275862069;0.4948716593053935;0.3045434781492361
9;25323;181;438;;0;0;0;0;0;0;0;0
20;25323;181;438;;3.23;3.23;3.23;1.3842857142857141;0.646;0.33413793103448275;1.598435459556421;0.9836754344220326
8;25323;181;438;;0;0;0;0;0;0;0;0
15;25323;181;438;;0;;;;;;;
24;25323;181;438;;0;0;0;0;0;0;0;0
23;25323;181;438;;0;0;0;0;0;0;0;0
22;25323;181;438;;0;0;0;0;0;0;0;0
25;25323;181;438;;0;0;0;0;0;0;0;0
16;25323;181;438;;0;0;0;1.7857142857142858;0.8333333333333334;0.78125;4.374088826398532;3.0257682392245444
13;25323;181;438;"{""proxy_name"": ""ZYTE_PROXY_MODE"", ""spider_name"": ""pdp_drogariaspacheco_com_br""}";0;0;0;0;0;0;0;0
13;25323;181;438;"{""proxy_name"": ""ZYTE_PROXY_MODE"", ""spider_name"": ""plp_drogariaspacheco_com_br""}";0;2.67;20.643333333333334;8.847142857142858;8.395333333333333;5.247083333333333;20.601570477088607;17.02218074532135
7;25323;181;438;;0;0;0;0;0;0;0;0
3;25323;181;438;;32;31;32.333333333333336;32.857142857142854;31.666666666666668;31.96551724137931;2.4743582965269675;2.894498451232181
5;25323;181;438;;0;0;0;0;0;0;0;0
21;25323;181;438;;0;;;;;;;
14;25323;181;438;;0;0;0;0;0;0;0;0
10;25323;181;438;;1;1;1;1;1;1;0;0
11;25323;181;438;"{""percentile"": ""p50"", ""proxy_name"": ""ZYTE_PROXY_MODE"", ""spider_name"": ""pdp_drogariaspacheco_com_br""}";1.264886140823364;1.372491359710693;1.275014321009318;1.2363439968654089;1.300032663345337;1.2959248086680537;0.0592094363493158;0.09289776881145916
11;25323;181;438;"{""percentile"": ""p50"", ""proxy_name"": ""ZYTE_PROXY_MODE"", ""spider_name"": ""plp_drogariaspacheco_com_br""}";1.941753387451172;2.063967943191528;1.993911902109782;1.981460673468454;1.9627208868662516;1.9557026127974193;0.055200688622262496;0.17350325725792046
6;25323;181;438;"{""percentile"": ""p95"", ""proxy_name"": ""ZYTE_PROXY_MODE"", ""spider_name"": ""pdp_drogariaspacheco_com_br""}";2.599056482315063;2.518859386444092;1.9904282887776692;1.802657195499965;3.4796525796254474;2.9811420337013574;0.3623886677622571;2.7827922025225162
6;25323;181;438;"{""percentile"": ""p95"", ""proxy_name"": ""ZYTE_PROXY_MODE"", ""spider_name"": ""plp_drogariaspacheco_com_br""}";3.353859663009644;31.15959048271179;12.222116788228353;7.296727657318115;6.306181701024373;5.329501092433929;9.758788532263953;5.952452291487386
4;25323;181;438;;31;31;31;31;30.466666666666665;30.24137931034483;0;0.42791978089623645
29;25323;181;438;;100;100;100;100;100;100;0;0
27;25323;181;438;;100;100;100;100;100;100;0;0
31;25323;181;438;;100;100;100;100;100;100;0;0
26;25323;181;438;;0;0;0;0;0;0;0;0
2;25323;181;438;;31;31;31;31;30.466666666666665;30.24137931034483;0;0.42791978089623645
32;25323;181;438;;100;100;100;100;100;100;0;0
28;25323;181;438;;100;100;100;100;100;100;0;0
30;25323;181;438;;100;100;100;100;100;100;0;0
12;25323;181;438;;0;0;0;0;0;0;0;0
18;25331;111;228;;65.96;71.56;69.83;70.54571428571428;68.502;68.74740740740741;2.048803533374381;2.407299997603882
19;25331;111;228;;1;1;1;1;1;1;0;0
9;25331;111;228;;0;0;0;0;0;0;0;0
20;25331;111;228;;100;100;100;100;100;100;0;0
8;25331;111;228;;0;0;0;0;0;0;0;0
15;25331;111;228;;0;;;;;;;
24;25331;111;228;;0;0;0;0;0;0;0;0
23;25331;111;228;;0;0;2.04;1.1214285714285714;0.828;0.8623076923076923;2.1261664265690463;2.2893504414542964
22;25331;111;228;;14.29;10;4.693333333333333;5.545714285714285;3.038;3.6680769230769235;5.554040632452987;5.13369638851651
25;25331;111;228;;0;0;0;0;0.392;0.8961538461538462;0;2.5245792900433877
16;25331;111;228;;92.86;100;81.06666666666666;70.84142857142857;59.400666666666666;60.82;24.59627406659764;28.394299536242237
7;25331;111;228;;0;0;0;0;0;0;0;0
3;25331;111;228;;3382;3436;3379.3333333333335;2401.714285714286;2915.3333333333335;3083.793103448276;1519.3119414755497;845.2760976933797
5;25331;111;228;;0;0;0;0;0;0;0;0
21;25331;111;228;;0;;;;;;;
4;25331;111;228;;1563;1561;1567;1574;1589.4;1553.8620689655172;21.354156504062622;104.88539694481356
29;25331;111;228;;2.23;2.02;1.8366666666666667;1.5042857142857142;1.5246666666666668;1.5514814814814815;0.31354458069249524;0.32941815938277985
27;25331;111;228;;100;100;100;100;100;100;0;0
31;25331;111;228;;2.23;2.02;1.8366666666666667;1.5042857142857142;1.5246666666666668;1.5514814814814815;0.31354458069249524;0.32941815938277985
26;25331;111;228;;0;0;0;0;0;0;0;0
2;25331;111;228;;808;892;868.3333333333334;884.8571428571429;868.7333333333333;848.5555555555555;28.23588684852043;56.74199785862015
32;25331;111;228;;100;100;100;100;100;100;0;0
28;25331;111;228;;100;100;100;100;100;100;0;0
30;25331;111;228;;100;100;100;100;100;100;0;0
12;25331;111;228;;0;0;0;0;0;0;0;0
18;25332;111;230;;86.67;83.33;83.33;86.19000000000001;85.55466666666666;86.09310344827585;2.7782779867084173;1.9727455110498728
19;25332;111;230;;2;2;2;2;2;2;0;0
9;25332;111;230;;0;0;0;0;0;0;0;0
20;25332;111;230;;3.33;3.33;3.33;3.3300000000000005;3.33;3.33;0;0
8;25332;111;230;;0;0;0;0;0;0;0;0
15;25332;111;230;;11;;;;;;;
24;25332;111;230;;0;0;0;0;0;0;0;0
23;25332;111;230;;0;0;0;0;0;0;0;0
22;25332;111;230;;0;0;0;0;0;0;0;0
25;25332;111;230;;0;0;0;0;0;0;0;0
16;25332;111;230;;0;0;0;0;1.1113333333333335;0.5953571428571429;0;3.0935664602328417
7;25332;111;230;;0;0;0;0;0;0;0;0
5;25332;111;230;;0;0;0;0;0;0;0;0
21;25332;111;230;;0;;;;;;;
29;25332;111;230;;100;100;100;100;100;100;0;0
27;25332;111;230;;36.19;35.85;35.53666666666667;34.45857142857143;33.879333333333335;34.04344827586207;1.048542233926002;1.231125853848528
31;25332;111;230;;100;100;100;100;100;100;0;0
26;25332;111;230;;0;0;0;0;0;0;0;0
32;25332;111;230;;32.38;32.08;31.763333333333332;31.487142857142857;31.554;32.15;0.39499418750567084;0.9186271616216046
28;25332;111;230;;100;100;100;100;100;100;0;0
30;25332;111;230;;100;100;100;100;100;100;0;0
12;25332;111;230;;0;0;0;0;0;0;0;0
18;25333;111;229;;71.24;71.77;71.76666666666667;71.78285714285714;71.84333333333333;72.44275862068966;0.21378990258891892;0.9065771038275261
19;25333;111;229;;1;1;1;1;1;1;0;0
9;25333;111;229;;0;0;0;0;0;0;0;0
18;25293;182;440;;100;;;;;;;
20;25333;111;229;;0;0;0;0;0;0;0;0
8;25333;111;229;;0;0;0;0;0;0;0;0
15;25333;111;229;;0;;;;;;;
24;25333;111;229;;0;0;0;0;0;0;0;0
23;25333;111;229;;0;0;0;0;0;0;0;0
22;25333;111;229;;0;0;0;0;0;0;0;0
25;25333;111;229;;0;0;0;0;0;0;0;0
16;25333;111;229;;100;100;100;100;100;100;0;0
7;25333;111;229;;0;0;0;0;0;0;0;0
3;25333;111;229;;535;514;514.6666666666666;520.1428571428571;525.3333333333334;524.2068965517242;7.317856271351827;6.299312005919309
5;25333;111;229;;0;0;0;0;0;0;0;0
21;25333;111;229;;0;;;;;;;
4;25333;111;229;;386;379;381.3333333333333;381.7142857142857;381.2;381.7931034482759;1.8294640678379568;2.917004963111255
29;25333;111;229;;0;0;0;0;0;0;0;0
27;25333;111;229;;0;0;0;0;0;0;0;0
31;25333;111;229;;0;0;0;0;0;0;0;0
26;25333;111;229;;0;0;0;0;0;0;0;0
2;25333;111;229;;275;272;273.6666666666667;274;273.8666666666667;276.48275862068965;1.4142135623730951;4.407053043468268
32;25333;111;229;;0;0;0;0;0;0;0;0
28;25333;111;229;;0;0;0;0;0;0;0;0
30;25333;111;229;;0;0;0;0;0;0;0;0
12;25333;111;229;;0;0;0;0;0;0;0;0
13;25322;181;430;"{""proxy_name"": ""ZYTE_PROXY_MODE"", ""spider_name"": ""pdp_amazon_com_br""}";9.39;4.13;3.4266666666666663;1.4685714285714284;0.98;0.7;1.7430386322366431;1.3080447058036482
13;25322;181;430;"{""proxy_name"": ""DEFAULT"", ""spider_name"": ""plp_amazon_com_br""}";0;0;0;0;0;0;0;0
35;25322;181;430;;8;1;3.3333333333333335;2.2857142857142856;2.769230769230769;2.769230769230769;2.3733211036908783;2.8864096983528795
36;25322;181;430;;11;1;4.333333333333333;2.857142857142857;3.5384615384615383;3.5384615384615383;3.3986792152486625;4.125257747012899
14;25322;181;430;;0.6921348314606741;0.6829745596868885;0.6908673143541515;0.6921228947058219;0.7166460721144285;0.7515911273182992;0.007191177795845026;0.1646541867148548
10;25322;181;430;;0.30786516853932583;0.31702544031311153;0.3091326856458485;0.3078771052941781;0.28335392788557157;0.2484088726817008;0.007191177795845021;0.1646541867148548
11;25322;181;430;"{""percentile"": ""p50"", ""proxy_name"": ""ZYTE_PROXY_MODE"", ""spider_name"": ""pdp_amazon_com_br""}";3.051164865493774;3.018122911453247;3.0049995581309;2.9745607716696605;3.010940154393514;3.0169764700390043;0.03338364126445467;0.048386300282557734
11;25322;181;430;"{""percentile"": ""p50"", ""proxy_name"": ""DEFAULT"", ""spider_name"": ""plp_amazon_com_br""}";1.486875295639038;1.430239677429199;1.4439950784047444;1.4391133104051863;1.4445295810699463;1.439346676781064;0.012928215509472277;0.03433813597239975
6;25322;181;430;"{""percentile"": ""p95"", ""proxy_name"": ""ZYTE_PROXY_MODE"", ""spider_name"": ""pdp_amazon_com_br""}";3.537217378616333;31.95287752151489;12.858053922653198;7.384354387010846;5.273664903640747;4.85613168988909;10.030081032976994;6.066239615407586
6;25322;181;430;"{""percentile"": ""p95"", ""proxy_name"": ""DEFAULT"", ""spider_name"": ""plp_amazon_com_br""}";1.768294811248779;1.61330509185791;1.6725005308787029;1.7529715129307337;1.7306972980499267;1.7381982462746757;0.09389957446749514;0.07827886330428424
34;25322;181;430;;27;1;11;6.571428571428571;8.23076923076923;8.23076923076923;10.237984495525096;11.536922974345297
12;25322;181;430;;0;0;0;0;0;0;0;0
13;25321;181;433;"{""proxy_name"": ""ZYTE_PROXY_MODE"", ""spider_name"": ""pdp_drogaraia_com_br""}";0;32;10.666666666666666;4.571428571428571;2.1333333333333333;1.391304347826087;11.197667395580243;6.525795839754337
13;25321;181;433;"{""proxy_name"": ""ZYTE_PROXY_MODE"", ""spider_name"": ""plp_drogaraia_com_br""}";0;0;0;0;0;0;0;0
35;25321;181;433;;1;1;1;1;1;1;0;0
36;25321;181;433;;2;2;2;2;2;2;0;0
3;25321;181;433;;53;53;53;53;53;53;0;0
5;25321;181;433;;0;0;0;0;0;0;0;0
21;25321;181;433;;0;;;;;;;
14;25321;181;433;;0;0;0;0;0;0;0;0
10;25321;181;433;;1;1;1;1;1;1;0;0
11;25321;181;433;"{""percentile"": ""p50"", ""proxy_name"": ""ZYTE_PROXY_MODE"", ""spider_name"": ""pdp_drogaraia_com_br""}";0.9690678119659424;1.884244441986084;1.2444159984588623;1.0585963726043701;1.0523439725240071;1.0560815645300823;0.3398314133869875;0.37279378890272075
11;25321;181;433;"{""percentile"": ""p50"", ""proxy_name"": ""ZYTE_PROXY_MODE"", ""spider_name"": ""plp_drogaraia_com_br""}";1.361002206802368;1.361661911010742;1.3614459832509356;1.3148462091173443;1.3133703549702962;1.2984218483879453;0.07695733323646126;0.07297909813534152
6;25321;181;433;"{""percentile"": ""p95"", ""proxy_name"": ""ZYTE_PROXY_MODE"", ""spider_name"": ""pdp_drogaraia_com_br""}";2.468401670455933;2.768048524856567;2.5220311482747397;2.482691151755197;2.5359564940134685;2.55999319449715;0.18619589354194716;0.25479410250742535
6;25321;181;433;"{""percentile"": ""p95"", ""proxy_name"": ""ZYTE_PROXY_MODE"", ""spider_name"": ""plp_drogaraia_com_br""}";3.955835342407227;31.23812913894653;12.051210880279541;6.900459459849766;4.694436804453532;4.01828206153143;9.945193927115975;6.117343452475159
4;25321;181;433;;53;53;53;53;53;53;0;0
29;25321;181;433;;100;100;100;100;100;100;0;0
27;25321;181;433;;100;100;100;100;100;100;0;0
31;25321;181;433;;100;100;100;100;100;100;0;0
34;25321;181;433;;2;2;2;2;2;2;0;0
26;25321;181;433;;0;0;0;0;0;0;0;0
2;25321;181;433;;53;53;53;53;53;53;0;0
32;25321;181;433;;100;100;100;100;100;100;0;0
28;25321;181;433;;100;100;100;100;100;100;0;0
30;25321;181;433;;100;100;100;100;100;100;0;0
12;25321;181;433;;0;0;0;0;0;0;0;0
13;25320;181;435;"{""proxy_name"": ""DEFAULT"", ""spider_name"": ""pdp_drogariasaopaulo_com_br""}";4.51;4.04;2.5833333333333335;1.1071428571428572;0.5166666666666667;0.33695652173913043;1.7527669088428997;1.0929474898186762
13;25320;181;435;"{""proxy_name"": ""ZYTE_PROXY_MODE"", ""spider_name"": ""plp_drogariasaopaulo_com_br""}";0;0;0;0;0;0;0;0
35;25320;181;435;;1;1;1;1;1;1;0;0
36;25320;181;435;;1;1;1;1;1;1;0;0
14;25320;181;435;;0;0;0;0;0;0;0;0
10;25320;181;435;;0.9976905311778291;0.9978858350951374;0.9980343709844243;0.9981727869022903;0.9982042271768801;0.998227036708064;0.0001681096030187013;0.0001102438442084619
11;25320;181;435;"{""percentile"": ""p50"", ""proxy_name"": ""DEFAULT"", ""spider_name"": ""pdp_drogariasaopaulo_com_br""}";1.046474933624268;1.031160354614258;1.0356374581654866;1.0305145127432687;1.056829865773519;1.0483936848847761;0.008556189685438618;0.05532423597524219
11;25320;181;435;"{""percentile"": ""p50"", ""proxy_name"": ""ZYTE_PROXY_MODE"", ""spider_name"": ""plp_drogariasaopaulo_com_br""}";2.363209962844849;2.08069920539856;2.198460896809896;2.1874310289110452;2.2078638871510825;2.200330278147822;0.11319260758953319;0.1392798705508392
6;25320;181;435;"{""percentile"": ""p95"", ""proxy_name"": ""DEFAULT"", ""spider_name"": ""pdp_drogariasaopaulo_com_br""}";1.383470058441162;2.268975257873535;1.8642686208089192;1.5213432652609689;2.7083689212799067;2.388615732607634;0.37288221435331653;2.5755256784460676
6;25320;181;435;"{""percentile"": ""p95"", ""proxy_name"": ""ZYTE_PROXY_MODE"", ""spider_name"": ""plp_drogariasaopaulo_com_br""}";3.900354623794556;32.39868974685669;13.054416735967001;7.8147908960069925;6.869337463378907;5.931580097778983;10.042243836506527;6.19249955808076
34;25320;181;435;;1;1;1;1;1;1;0;0
26;25320;181;435;;0;0;0;0;0;0;0;0
2;25320;181;435;;31;31;31;31;30.933333333333334;30.96551724137931;0;0.18246560765962694
32;25320;181;435;;100;100;100;100;100;100;0;0
28;25320;181;435;;100;100;100;100;100;100;0;0
30;25320;181;435;;100;100;100;100;100;100;0;0
12;25320;181;435;;0;0;0;0;0;0;0;0
18;25334;121;273;;100;100;99.97666666666667;99.97;99.97333333333333;99.98035714285713;0.040708019567927474;0.026115422763616895
19;25334;121;273;;122;142;152.66666666666666;160.71428571428572;165.13333333333333;148.5;18.31248041024236;32.781201058795006
9;25334;121;273;;0;0;0;0;0;0;0;0
20;25334;121;273;;100;100;100;100;100;100;0;0
8;25334;121;273;;0;0;0;0;0;0.0071428571428571435;0;0.025892241371988367
15;25334;121;273;;0;;;;;;;
7;25334;121;273;;0;0;0;0;0;0;0;0
3;25334;121;273;;661;981;631.6666666666666;2624;3325.2;3346.655172413793;1808.7691947841217;1156.770631926243
5;25334;121;273;;0;0;0;0;0;0;0;0
21;25334;121;273;;0;;;;;;;
4;25334;121;273;;1015;1841;2153;2576.8571428571427;2777.733333333333;2459.551724137931;770.415737224562;754.5242203195014
29;25334;121;273;;7.62;4.38;3.5399999999999996;1.8685714285714285;1.1786666666666668;22.178571428571427;2.044144449546618;40.65761444360574
27;25334;121;273;;100;100;100;100;100;100;0;0
31;25334;121;273;;7.62;4.38;3.5399999999999996;1.8685714285714285;1.1786666666666668;22.178571428571427;2.044144449546618;40.65761444360574
26;25334;121;273;;0;0;0;0;0;0;0;0
2;25334;121;273;;1024;1850;2164.3333333333335;2591.1428571428573;2792.0666666666666;2482.964285714286;774.1766923773979;768.8805165462901
32;25334;121;273;;100;100;100;100;100;100;0;0
28;25334;121;273;;100;100;100;100;100;100;0;0
30;25334;121;273;;100;100;100;100;100;100;0;0
12;25334;121;273;;0;0;0;0;0;0;0;0
18;25335;160;359;;73.65;72.62;73.78666666666668;73.80571428571429;74.74;75.06833333333333;0.7827580750663841;1.3950079649314633
19;25335;160;359;;1;1;1;1;1;1;0;0
9;25335;160;359;;0;0;0;0;0;0;0;0
20;25335;160;359;;0;0;0;0;0;0;0;0
8;25335;160;359;;0;0;0;0;0;0;0;0
15;25335;160;359;;0;;;;;;;
24;25335;160;359;;0;0;0;0;0;0;0;0
23;25335;160;359;;0;0;0;0;0;0;0;0
22;25335;160;359;;0;0;0;0;0;0;0;0
25;25335;160;359;;0;0;0;0;0;0;0;0
16;25335;160;359;;4.26;8.33;38.28;18.127142857142857;13.532666666666668;12.573333333333332;33.5491220725183;25.07709734221868
7;25335;160;359;;0;0;0;0;0;0;0;0
3;25335;160;359;;1120;1117;815.6666666666666;730.2857142857143;915.2666666666667;836.2413793103449;649.2991197736029;616.8279062055798
5;25335;160;359;;0;0;0;0;0;0;0;0
21;25335;160;359;;0;;;;;;;
4;25335;160;359;;463;515;512.3333333333334;496.2857142857143;477.3333333333333;396.55172413793105;15.068550842393435;159.48442496799547
29;25335;160;359;;100;100;100;100;100;100;0;0
27;25335;160;359;;100;100;100;100;100;100;0;0
31;25335;160;359;;100;100;100;100;100;100;0;0
26;25335;160;359;;0;0;0;0;0;0;0;0
2;25335;160;359;;513;557;556.3333333333334;541.8571428571429;516.5333333333333;508.44444444444446;14.67192237310602;36.58813138197537
32;25335;160;359;;100;100;100;100;100;100;0;0
28;25335;160;359;;100;100;100;100;100;100;0;0
30;25335;160;359;;100;100;100;100;100;100;0;0
12;25335;160;359;;0;0;0;0;0;0;0;0
18;25336;147;323;;87.5;87.01;87.29;87.95142857142856;88.25933333333333;88.38842105263159;0.5902887567339632;0.7495912089995574
19;25336;147;323;;2;2;2;2;2;2;0;0
9;25336;147;323;;0;0;0;0;0;0;0;0
20;25336;147;323;;0;0;0;0;0;0;0;0
8;25336;147;323;;0;0;0;0;0;0;0;0
15;25336;147;323;;0;;;;;;;
24;25336;147;323;;0;0;0;0;0;0;0;0
23;25336;147;323;;0;0;0;0;0;0.003529411764705882;0;0.014117647058823528
22;25336;147;323;;0;0;0;0;0;0.017058823529411765;0;0.06823529411764706
25;25336;147;323;;0;0;0;0;0;0.020588235294117647;0;0.08235294117647059
16;25336;147;323;;57.14;33.33;48.99;33.75142857142857;41.824666666666666;43.3935294117647;32.440120850828016;34.765151405525835
7;25336;147;323;;0;0;0;0;0;0;0;0
3;25336;147;323;;3703;3704;3701;2645;2216.0666666666666;2688.3793103448274;1672.8482981344807;1681.440708477008
5;25336;147;323;;0;0;0;0;0;0;0;0
21;25336;147;323;;0;;;;;;;
4;25336;147;323;;1200;1178;1185.6666666666667;1183.2857142857142;1181.1333333333334;1151.8275862068965;5.118992247762548;296.54040475590216
29;25336;147;323;;100;100;100;100;100;100;0;0
27;25336;147;323;;100;100;100;100;100;100;0;0
31;25336;147;323;;100;100;100;100;100;100;0;0
26;25336;147;323;;0;0;0;0;0;0;0;0
2;25336;147;323;;1307;1300;1316.3333333333333;1319.857142857143;1313.4666666666667;1296.4736842105262;9.731077923386515;51.52757914692269
32;25336;147;323;;100;100;100;100;100;100;0;0
28;25336;147;323;;100;100;100;100;100;100;0;0
30;25336;147;323;;100;100;100;100;100;100;0;0
12;25336;147;323;;0;0;0;0;0;0;0;0
18;25337;179;424;;85.71;82.14;82.14;83.16;82.65266666666666;82.28049999999999;1.6127616066858703;1.9596363820872478
19;25337;179;424;;2;2;2;2;2;2.6;0;1.2
9;25337;179;424;;0;0;0;0;0;0;0;0
20;25337;179;424;;0;0;0;0;0;0;0;0
8;25337;179;424;;0;0;0;0;0;0;0;0
15;25337;179;424;;2;;;;;;;
24;25337;179;424;;0;0;0;0;0;0;0;0
23;25337;179;424;;0;0;0;0;0;0.06599999999999999;0;0.2000349969380358
22;25337;179;424;;0;0;0;0;0;0.0095;0;0.0414095399636364
25;25337;179;424;;0;0;0;0;0;0.0095;0;0.0414095399636364
16;25337;179;424;;12.5;0;4.166666666666667;10.085714285714285;23.461333333333336;26.484500000000004;9.113039099699565;14.914221895559956
7;25337;179;424;;0;0;0;0;0;0;0;0
3;25337;179;424;;316;305;306.6666666666667;306.85714285714283;308.2;323.85;3.6811710647786073;59.96521908573336
5;25337;179;424;;0;0;0;0;0;0;0;0
21;25337;179;424;;0;;;;;;;
4;25337;179;424;;28;28;28;28;27.666666666666668;71.55;0;88.97666829006354
29;25337;179;424;;100;100;100;100;100;100;0;0
27;25337;179;424;;100;100;100;100;100;100;0;0
31;25337;179;424;;100;100;100;100;100;100;0;0
26;25337;179;424;;0;0;0;0;0;0;0;0
2;25337;179;424;;28;28;28;28;27.666666666666668;71.55;0;88.97666829006354
32;25337;179;424;;100;100;100;100;100;100;0;0
28;25337;179;424;;100;100;100;100;100;100;0;0
30;25337;179;424;;100;100;100;100;100;100;0;0
12;25337;179;424;;0;0;0;0;0;0;0;0
28;25120;179;414;;1.4;1.38;1.38;1.3571428571428572;1.294;1.0033333333333334;0.03493434074467849;0.3595985415864629
30;25120;179;414;;1.4;1.38;1.38;1.3571428571428572;1.294;1.0033333333333334;0.03493434074467849;0.3595985415864629
24;25113;181;430;;0;0;0;0;0;0;0;0
23;25113;181;430;;0;0;0;0;0;0;0;0
22;25113;181;430;;0;0;0;0;0;0;0;0
25;25113;181;430;;0;0;0;0;0;0;0;0
16;25113;181;430;;1.97;0;0;0;0;0.2957692307692308;0;1.478846153846154
3;25338;121;419;;459;459;459;459;459;459;0;0
13;25113;181;430;;;;;;;;;
7;25113;181;430;;0;0;0;0;0;0;0;0
5;25113;181;430;;0;0;0;0;0;0;0;0
21;25113;181;430;;0;;;;;;;
11;25113;181;430;;0;;;;;;;
6;25113;181;430;;0;;;;;;;
4;25113;181;430;;46;38;38;38;38;37.62068965517241;0;2.007121684255896
29;25113;181;430;;100;100;100;100;100;100;0;0
27;25113;181;430;;22.59;52.23;52.23;52.79714285714285;52.751333333333335;51.65379310344828;0.9412410392017307;1.9237327468574599
31;25113;181;430;;100;100;100;100;100;100;0;0
26;25113;181;430;;0;0;0;0;0;0;0;0
2;25113;181;430;;239;224;224;224.57142857142858;225.2;223.13793103448276;0.4948716593053935;10.756631115770448
13;25318;59;148;"{""proxy_name"": ""ZYTE"", ""spider_name"": ""pdp_colombo_com_br""}";0;0;0;0;0;0;0;0
13;25318;59;148;"{""proxy_name"": ""ZYTE_PROXY_MODE"", ""spider_name"": ""pdp_colombo_com_br""}";0;0;0;0;0;0;0;0
13;25318;59;148;"{""proxy_name"": ""ZYTE"", ""spider_name"": ""plp_colombo_com_br""}";0;0;0;0;0;0;0;0
35;25318;59;148;;0;0;0;0;0;0;0;0
36;25318;59;148;;1;1;1;1;1;1;0;0
14;25318;59;148;;0;0;0;0;0;0;0;0
10;25318;59;148;;1;1;1;1;1;1;0;0
11;25318;59;148;"{""percentile"": ""p50"", ""proxy_name"": ""ZYTE"", ""spider_name"": ""pdp_colombo_com_br""}";0.1783671379089355;0.2258648872375488;0.22589492797851562;0.20922958850860596;0.20922958850860596;0.20922958850860596;0.018494551701193542;0.018494551701193542
11;25318;59;148;"{""percentile"": ""p50"", ""proxy_name"": ""ZYTE_PROXY_MODE"", ""spider_name"": ""pdp_colombo_com_br""}";16.76263618469238;16.88919711112976;16.254913489023846;16.440539121627808;16.440539121627808;16.440539121627808;0.8542918864451621;0.8542918864451621
11;25318;59;148;"{""percentile"": ""p50"", ""proxy_name"": ""ZYTE"", ""spider_name"": ""plp_colombo_com_br""}";1.781279563903809;1.493632555007935;1.7085958321889245;1.8197917938232422;1.8197917938232422;1.8197917938232422;0.24353314332108061;0.24353314332108061
6;25318;59;148;"{""percentile"": ""p95"", ""proxy_name"": ""ZYTE"", ""spider_name"": ""pdp_colombo_com_br""}";0.7504582405090332;0.9777350425720215;0.8353324731191;0.7657427787780762;0.7657427787780762;0.7657427787780762;0.1466308469618181;0.1466308469618181
6;25318;59;148;"{""percentile"": ""p95"", ""proxy_name"": ""ZYTE_PROXY_MODE"", ""spider_name"": ""pdp_colombo_com_br""}";21.93754768371582;21.4517502784729;21.913185596466064;23.260660608609516;23.260660608609516;23.260660608609516;4.848040188185194;4.848040188185194
6;25318;59;148;"{""percentile"": ""p95"", ""proxy_name"": ""ZYTE"", ""spider_name"": ""plp_colombo_com_br""}";2.793419122695923;1.598597049713135;3.0835229555765795;3.188091278076172;3.188091278076172;3.188091278076172;0.778591928580769;0.778591928580769
34;25318;59;148;;1;1;1;1;1;1;0;0
13;25317;164;371;"{""proxy_name"": ""ZYTE_PROXY_MODE"", ""spider_name"": ""pdp_mercadolivre_com_br_sellers_variants""}";2.93;0;0;0;0.008666666666666666;0.01;0;0.03143620991973503
13;25317;164;371;"{""proxy_name"": ""ZYTE_PROXY_MODE"", ""spider_name"": ""plp_mercadolivre_com_br_adhoc""}";0;;;;;;;
35;25317;164;371;;11;11;12;12.142857142857142;12.266666666666667;10.857142857142858;1.124858267715973;1.8653664081715136
36;25317;164;371;;16;16;21;23.857142857142858;25;22.321428571428573;4.257046978786097;4.367522764913861
14;25317;164;371;;0.1622232263895165;0.17845117845117844;0.15203973725844014;0.16479054528440687;0.15263376600428546;0.1485415780106945;0.02176595600497045;0.025111316371405557
10;25317;164;371;;0.833258020786263;0.8167388167388168;0.8455123726616939;0.8327908991583021;0.8441723887539062;0.848202120428609;0.02281851044494993;0.024901066199561613
11;25317;164;371;"{""percentile"": ""p50"", ""proxy_name"": ""ZYTE_PROXY_MODE"", ""spider_name"": ""pdp_mercadolivre_com_br_sellers_variants""}";1.936731100082397;2.186802625656128;1.8682312170664466;1.8646897588457378;1.868784745534261;1.8714781508726233;0.15715023321729876;0.13444285759707786
11;25317;164;371;"{""percentile"": ""p50"", ""proxy_name"": ""ZYTE_PROXY_MODE"", ""spider_name"": ""plp_mercadolivre_com_br_adhoc""}";1.602088212966919;;;;;;;
6;25317;164;371;"{""percentile"": ""p95"", ""proxy_name"": ""ZYTE_PROXY_MODE"", ""spider_name"": ""pdp_mercadolivre_com_br_sellers_variants""}";6.069366216659546;11.02631902694702;7.1261054674784345;7.563274008887155;7.860952758789063;7.947151001761942;2.107098921532085;2.196590268472977
6;25317;164;371;"{""percentile"": ""p95"", ""proxy_name"": ""ZYTE_PROXY_MODE"", ""spider_name"": ""plp_mercadolivre_com_br_adhoc""}";4.593053340911865;;;;;;;
31;25317;164;371;;0.91;0.85;0.6233333333333333;0.4442857142857143;0.36333333333333334;21.836071428571426;0.19594876464868805;40.82085674358896
34;25317;164;371;;59;59;66;73.14285714285714;77.73333333333333;85.53571428571429;8.675557971822272;11.521663269241811
26;25317;164;371;;0;0;0;0;0;0;0;0
32;25113;181;430;;20.5;50;50;50.57142857142857;50.532000000000004;49.40793103448276;0.9409938298177631;1.9775976009051552
2;25317;164;371;;219;235;269.6666666666667;301.2857142857143;374.46666666666664;630.75;43.39096115787344;333.3994413612596
32;25317;164;371;;100;100;100;100;100;100;0;0
28;25317;164;371;;100;100;100;100;100;100;0;0
30;25317;164;371;;100;100;100;100;100;100;0;0
12;25317;164;371;;0;0;0;0;0;0;0;0
19;25293;182;440;;23;;;;;;;
9;25293;182;440;;0;;;;;;;
20;25293;182;440;;100;;;;;;;
8;25293;182;440;;0;;;;;;;
15;25293;182;440;;0;;;;;;;
24;25293;182;440;;0;;;;;;;
23;25293;182;440;;0.4;;;;;;;
22;25293;182;440;;1.35;;;;;;;
25;25293;182;440;;0.91;;;;;;;
16;25293;182;440;;19.11;;;;;;;
13;25293;182;440;"{""proxy_name"": ""ZYTE_PROXY_MODE"", ""spider_name"": ""pdp_mercadolivre_com_br_sellers_variants""}";0;;;;;;;
13;25293;182;440;"{""proxy_name"": ""ZYTE_PROXY_MODE"", ""spider_name"": ""plp_mercadolivre_com_br_adhoc""}";0;;;;;;;
35;25293;182;440;;7;;;;;;;
36;25293;182;440;;14;;;;;;;
14;25293;182;440;;0.5253699788583509;;;;;;;
10;25293;182;440;;0.4723396758280479;;;;;;;
11;25293;182;440;"{""percentile"": ""p50"", ""proxy_name"": ""ZYTE_PROXY_MODE"", ""spider_name"": ""pdp_mercadolivre_com_br_sellers_variants""}";0.9908809661865234;;;;;;;
11;25293;182;440;"{""percentile"": ""p50"", ""proxy_name"": ""ZYTE_PROXY_MODE"", ""spider_name"": ""plp_mercadolivre_com_br_adhoc""}";2.185195446014404;;;;;;;
6;25293;182;440;"{""percentile"": ""p95"", ""proxy_name"": ""ZYTE_PROXY_MODE"", ""spider_name"": ""pdp_mercadolivre_com_br_sellers_variants""}";4.076066732406616;;;;;;;
6;25293;182;440;"{""percentile"": ""p95"", ""proxy_name"": ""ZYTE_PROXY_MODE"", ""spider_name"": ""plp_mercadolivre_com_br_adhoc""}";9.55478310585022;;;;;;;
34;25293;182;440;;71;;;;;;;
34;25289;142;305;;79;72;81.66666666666667;81;84.26666666666667;85.35714285714286;6.80336051416609;8.9531091395842
26;25289;142;305;;0;0;0;0;0;0;0;0
2;25289;142;305;;227;199;222;212.71428571428572;239.33333333333334;266.2857142857143;25.74997523279966;59.852113665300756
32;25289;142;305;;100;100;100;100;100;100;0;0
28;25289;142;305;;100;100;100;100;100;100;0;0
36;25288;142;308;;24;24;23.333333333333332;22.285714285714285;22;17.310344827586206;1.0301575072754254;7.230698198156114
5;25288;142;308;;0;0;0;0;0;0;0;0
21;25288;142;308;;0;;;;;;;
14;25288;142;308;;0.04065040650406504;0.04878048780487805;0.04310027100271003;0.040231913379041626;0.03458729341072883;0.034813492612172404;0.006103512720693856;0.009470625825555492
10;25288;142;308;;0.959349593495935;0.9512195121951219;0.95689972899729;0.9597680866209585;0.9654127065892711;0.9651865073878276;0.0061035127206938745;0.009470625825555502
11;25288;142;308;"{""percentile"": ""p50"", ""proxy_name"": ""ZYTE_PROXY_MODE"", ""spider_name"": ""pdp_amazon_com_br_sellers_variants""}";1.554120779037476;57.14359712600708;20.107643286387127;9.570430789675031;5.4330625851949055;5.037532988716574;19.421734138491733;13.027891092645849
11;25288;142;308;"{""percentile"": ""p50"", ""proxy_name"": ""ZYTE"", ""spider_name"": ""plp_amazon_com_br""}";3.283336877822876;50.87613224983215;18.866111596425373;9.71797217641558;6.530584987004598;6.188394153819365;16.803094082256866;11.18696290749717
6;25288;142;308;"{""percentile"": ""p95"", ""proxy_name"": ""ZYTE_PROXY_MODE"", ""spider_name"": ""pdp_amazon_com_br_sellers_variants""}";2.109299659729004;61.97617363929749;22.191070556640625;10.917459760393415;6.922855583826701;6.704732880872839;20.845074358324595;13.89703991923569
6;25288;142;308;"{""percentile"": ""p95"", ""proxy_name"": ""ZYTE"", ""spider_name"": ""plp_amazon_com_br""}";4.466745615005493;64.58691620826721;24.397044738133747;13.040335825511388;13.097473859786987;12.279417290407068;21.04650892726405;19.750912700607266
29;25288;142;308;;100;100;100;100;100;100;0;0
27;25288;142;308;;20.86;21.25;20.913333333333334;20.91857142857143;20.974666666666668;26.422758620689656;0.2574839008242522;13.745128264614396
31;25288;142;308;;100;100;100;100;100;100;0;0
34;25288;142;308;;48;47;47.666666666666664;47.285714285714285;46.46666666666667;39.86206896551724;0.45175395145262565;13.823328951652297
26;25288;142;308;;0;0;0;0;0;0;0;0
32;25288;142;308;;20.86;21.25;20.913333333333334;20.91857142857143;20.974666666666668;26.422758620689656;0.2574839008242522;13.745128264614396
28;25288;142;308;;100;100;100;100;100;100;0;0
30;25288;142;308;;100;100;100;100;100;100;0;0
12;25288;142;308;;0;0;0;0;0;0;0;0
16;25287;160;357;;9.86;6.3;9.716666666666667;10.628571428571428;11.468;11.576785714285714;5.5864898986532765;6.5588996537809106
13;25287;160;357;"{""proxy_name"": ""ZYTE_PROXY_MODE"", ""spider_name"": ""pdp_mercadolivre_com_br_sellers_variants""}";9.51;0;0.006666666666666667;0.002857142857142857;0.598;0.6070588235294118;0.006998542122237652;1.046679706645972
13;25287;160;357;"{""proxy_name"": ""ZYTE_PROXY_MODE"", ""spider_name"": ""plp_mercadolivre_com_br_adhoc""}";0.79;;;;;;;
7;25287;160;357;;0;0;0;0;0;0;0;0
35;25287;160;357;;2;2;2;2;2;2;0;0
36;25287;160;357;;7;7;6.666666666666667;6.857142857142857;6.666666666666667;6.5;0.3499271061118826;0.5
5;25287;160;357;;0;0;0;0;0;0;0;0
14;25287;160;357;;0.1486650485436893;0.07774716865625957;0.07179063678067475;0.07545247411147747;0.08829656819794456;0.08871243043758238;0.009910438955978186;0.026919657081754332
10;25287;160;357;;0.8508384819064431;0.9200489745944291;0.9266721226645168;0.9228953077615384;0.9104461200810346;0.9100712918104534;0.010167056993384467;0.02664111252097153
13;25315;160;359;"{""proxy_name"": ""ZYTE_PROXY_MODE"", ""spider_name"": ""pdp_centauro_com_br""}";2.25;0;0;0;0.05636363636363637;0.05636363636363637;0;0.16018584248375825
14;25315;160;359;;0.9987893462469734;0.07365892714171338;0.07982831822513071;0.2078622051258905;0.44491849961061164;0.4309382546961591;0.3236523513134922;0.4430189304179345
10;25315;160;359;;0;0.9263410728582866;0.9189996632450949;0.7911881407674147;0.5543594574683126;0.5682683035072873;0.32326278474372777;0.44242520852757405
11;25315;160;359;"{""percentile"": ""p50"", ""proxy_name"": ""ZYTE_PROXY_MODE"", ""spider_name"": ""pdp_centauro_com_br""}";4.933141708374023;3.324137449264526;3.357815663019816;3.2861810071127757;2.614578442140059;2.614578442140059;0.07792736473923313;1.0726257147361926
6;25315;160;359;"{""percentile"": ""p95"", ""proxy_name"": ""ZYTE_PROXY_MODE"", ""spider_name"": ""pdp_centauro_com_br""}";25.77315545082092;32.50187134742737;33.63824224472046;32.98886053902762;23.669278253208507;23.669278253208507;4.042373063130288;13.801044124539354
18;25314;159;354;;86.36;90.91;90.91000000000001;92.11571428571428;91.426;91.46724137931035;2.0483153854734746;4.569810149645715
19;25314;159;354;;1;1;1;1;1;1.2413793103448276;0;0.42791978089623645
9;25314;159;354;;0;0;0;0;0;0;0;0
20;25314;159;354;;0;0;0;0;0;0.3144827586206897;0;1.0097339567905192
8;25314;159;354;;0;0;0;0;0;0.3144827586206897;0;1.0097339567905192
15;25314;159;354;;1;;;;;;;
24;25314;159;354;;0;0;0;0;0;0;0;0
23;25314;159;354;;0;0;0;0;0;0;0;0
13;25314;159;354;"{""proxy_name"": ""ZYTE_PROXY_MODE"", ""spider_name"": ""pdp_amazon_com_br_sellers_variants""}";4.87;0;0;0;0.08133333333333333;0.10470588235294118;0;0.3082801943049408
13;25314;159;354;"{""proxy_name"": ""ZYTE"", ""spider_name"": ""plp_amazon_com_br""}";2.86;0;0;0;0;0;0;0
35;25314;159;354;;10;11;11.333333333333334;11.714285714285714;11.466666666666667;7.896551724137931;0.45175395145262565;4.171701278575617
36;25314;159;354;;15;15;14.333333333333334;14.142857142857142;14.333333333333334;11.482758620689655;0.3499271061118826;4.789504975177839
14;25314;159;354;;0.06920415224913495;0.05847953216374269;0.05249007179785212;0.048641975630065726;0.05055417651597695;0.053020661018780266;0.007219087951526677;0.015443336939756303
10;25314;159;354;;0.9307958477508651;0.9415204678362573;0.9475099282021479;0.9513580243699343;0.9494458234840231;0.9469793389812198;0.0072190879515266594;0.015443336939756296
11;25314;159;354;"{""percentile"": ""p50"", ""proxy_name"": ""ZYTE_PROXY_MODE"", ""spider_name"": ""pdp_amazon_com_br_sellers_variants""}";1.741672515869141;1.818387746810913;1.8344852129618328;1.8703315258026123;2.002011283238729;2.181943374521592;0.08244048292494455;0.6507504867017829
11;25314;159;354;"{""percentile"": ""p50"", ""proxy_name"": ""ZYTE"", ""spider_name"": ""plp_amazon_com_br""}";4.955568075180054;4.029875755310059;4.521458228429158;4.562542983463833;4.536110655466715;4.518054765813491;0.2962892789014223;0.324963047865533
6;25314;159;354;"{""percentile"": ""p95"", ""proxy_name"": ""ZYTE_PROXY_MODE"", ""spider_name"": ""pdp_amazon_com_br_sellers_variants""}";3.48392128944397;2.968727827072144;2.9936822255452475;3.0468739782060896;3.429879728953044;3.9245746416204117;0.3136671486401323;1.9155435212549654
6;25314;159;354;"{""percentile"": ""p95"", ""proxy_name"": ""ZYTE"", ""spider_name"": ""plp_amazon_com_br""}";34.62461066246033;5.526456594467163;6.013546784718831;6.01227981703622;7.553510649998983;7.484643319073846;0.6276360810185974;5.831263214489233
34;25314;159;354;;38;39;38;37.42857142857143;37.93333333333333;39.06896551724138;1.178030178747903;16.751594951305503
13;25313;179;415;"{""proxy_name"": ""ZYTE_PROXY_MODE"", ""spider_name"": ""pdp_belezanaweb_com_br""}";5.13;1.3;0.43333333333333335;0.18571428571428572;4.933333333333334;4.4547058823529415;0.45490523794544735;6.846338753323525
13;25313;179;415;"{""proxy_name"": ""ZYTE_PROXY_MODE"", ""spider_name"": ""plp_belezanaweb_com_br""}";0;0;0;0;0;0;0;0
35;25313;179;415;;8;7;7;7;7.2;5.551724137931035;0;1.8492534727988859
36;25313;179;415;;14;36;19.666666666666668;14.142857142857142;14.066666666666666;11.862068965517242;8.982977098435708;6.709355989090697
14;25313;179;415;;0.07909258123850399;0.8571428571428571;0.842602149364732;0.8202099544815937;0.8099320388979628;0.8138680114355202;0.05137378512848541;0.06372575746067619
10;25313;179;415;;0.9209074187614961;0.1426524764633647;0.1571937471383631;0.1796101011689382;0.18998398707228534;0.18605789383234586;0.0513676515815649;0.06373115670103105
11;25313;179;415;"{""percentile"": ""p50"", ""proxy_name"": ""ZYTE_PROXY_MODE"", ""spider_name"": ""pdp_belezanaweb_com_br""}";1.228455781936646;0.1603493690490723;0.16334454218546549;0.16498817716326034;0.16165534655253092;0.16126803790821748;0.0034167990720829354;0.004686491106864978
11;25313;179;415;"{""percentile"": ""p50"", ""proxy_name"": ""ZYTE_PROXY_MODE"", ""spider_name"": ""plp_belezanaweb_com_br""}";1.389772891998291;1.406693935394287;1.410061279932658;1.3718967437744138;1.395049222310384;1.3862391359665815;0.0392798054845612;0.14235599950560784
6;25313;179;415;"{""percentile"": ""p95"", ""proxy_name"": ""ZYTE_PROXY_MODE"", ""spider_name"": ""pdp_belezanaweb_com_br""}";31.15443253517151;1.455857992172241;1.4699329535166419;1.469731739589146;1.473407793045044;1.4787916295668657;0.03831147832965209;0.10463799186746879
6;25313;179;415;"{""percentile"": ""p95"", ""proxy_name"": ""ZYTE_PROXY_MODE"", ""spider_name"": ""plp_belezanaweb_com_br""}";31.33517408370972;2.021038293838501;1.9430867036183674;1.8659042630876814;1.853933572769165;1.824977846706615;0.18242848271376413;0.35046248401522995
34;25313;179;415;;43;36;35.333333333333336;34.142857142857146;32.733333333333334;33.93103448275862;1.8070158058105026;3.3623784119307327
32;25313;179;415;;100;100;100;100;100;100;0;0
28;25313;179;415;;100;100;100;100;100;100;0;0
30;25313;179;415;;100;100;100;100;100;100;0;0
12;25313;179;415;;0;0;0;0;0;0;0;0
22;25312;59;139;;0;0;0;0;0;0;0;0
25;25312;59;139;;0;0;0;0;0;0;0;0
16;25312;59;139;;0;0;0;0;0;0;0;0
13;25312;59;139;"{""proxy_name"": ""ZYTE_PROXY_MODE"", ""spider_name"": ""pdp_gazin_com_br_sellers_variants""}";0;0;0;0;0;0;0;0
13;25312;59;139;"{""proxy_name"": ""ZYTE"", ""spider_name"": ""plp_generic_render""}";0;0;0;0;0;0;0;0
7;25312;59;139;;0;0;0;0;0;0;0;0
35;25312;59;139;;12;12;12;12;12;12;0;0
36;25312;59;139;;13;13;13;13;13;13;0;0
5;25312;59;139;;0;0;0;0;0;0;0;0
14;25312;59;139;;0;0;0;0;0;0;0;0
10;25312;59;139;;1;1;1;1;1;1;0;0
11;25312;59;139;"{""percentile"": ""p50"", ""proxy_name"": ""ZYTE_PROXY_MODE"", ""spider_name"": ""pdp_gazin_com_br_sellers_variants""}";2.462645530700684;2.73775053024292;3.1246076424916587;4.288049499193828;4.288049499193828;4.288049499193828;3.130868282346876;3.130868282346876
11;25312;59;139;"{""percentile"": ""p50"", ""proxy_name"": ""ZYTE"", ""spider_name"": ""plp_generic_render""}";8.619697332382202;11.96198344230652;11.609581947326665;10.936890800793968;10.936890800793968;10.936890800793968;1.173870381435981;1.173870381435981
6;25312;59;139;"{""percentile"": ""p95"", ""proxy_name"": ""ZYTE_PROXY_MODE"", ""spider_name"": ""pdp_gazin_com_br_sellers_variants""}";34.04526996612549;5.112056016921997;8.221117417017618;16.20920157432556;16.20920157432556;16.20920157432556;20.86743857944782;20.86743857944782
6;25312;59;139;"{""percentile"": ""p95"", ""proxy_name"": ""ZYTE"", ""spider_name"": ""plp_generic_render""}";12.99712753295898;26.08418035507202;17.28866052627564;15.120621720949812;15.120621720949812;15.120621720949812;5.187566508016984;5.187566508016984
4;25312;59;139;;27;27;27;27;27;27;0;0.454858826147342
29;25312;59;139;;100;100;100;100;100;100;0;0
27;25312;59;139;;91.72;91.72;91.71999999999998;91.72;91.72;91.7151724137931;0;0.012490186397430802
31;25312;59;139;;100;100;100;100;100;100;0;0
34;25312;59;139;;14;14;14;14;14;14;0;0
26;25312;59;139;;0;0;0;0;0;0;0;0
2;25312;59;139;;326;326;326;326;326;326.2413793103448;0;5.98074595978077
32;25312;59;139;;91.72;91.72;91.71999999999998;91.72;91.72;91.7151724137931;0;0.012490186397430802
28;25312;59;139;;100;100;100;100;100;100;0;0
30;25312;59;139;;100;100;100;100;100;100;0;0
12;25312;59;139;;0;0;0;0;0;0;0;0
18;25311;181;432;;80.95;76.19;79.36333333333333;80.95;80.63266666666667;82.09896551724138;3.598221783047842;3.2247986783754894
19;25311;181;432;;2;2;2;2;2;2;0;0
9;25311;181;432;;0;0;0;0;0;0;0;0
20;25311;181;432;;0;0;0;0;0;0;0;0
8;25311;181;432;;0;0;0;0;0;0;0;0
13;25311;181;432;"{""proxy_name"": ""ZYTE_PROXY_MODE"", ""spider_name"": ""pdp_belezanaweb_com_br""}";21.05;0;0;0;0;0;0;0
13;25311;181;432;"{""proxy_name"": ""ZYTE_PROXY_MODE"", ""spider_name"": ""plp_belezanaweb_com_br""}";0;0;22.223333333333333;9.524285714285714;9.136000000000001;6.22909090909091;23.329640164479212;19.70601106010109
7;25311;181;432;;0;0;0;0;0;0;0;0
35;25311;181;432;;2;5;2.3333333333333335;2.142857142857143;2.2;2.1052631578947367;1.5518257844571737;1.252144974038981
36;25311;181;432;;2;5;4;3.5714285714285716;3.466666666666667;3.263157894736842;2.2587697572631282;2.1482454349430053
5;25311;181;432;;0;0;0;0;0;0;0;0
21;25311;181;432;;0;;;;;;;
14;25311;181;432;;0;0;0;0;0;0;0;0
10;25311;181;432;;1;1;1;1;1;1;0;0
11;25311;181;432;"{""percentile"": ""p50"", ""proxy_name"": ""ZYTE_PROXY_MODE"", ""spider_name"": ""pdp_belezanaweb_com_br""}";1.2457115650177;1.235837697982788;1.2326539357503254;1.2251900945390974;1.2342300732930502;1.2299014980142766;0.02660493226690204;0.036666206826437855
11;25311;181;432;"{""percentile"": ""p50"", ""proxy_name"": ""ZYTE_PROXY_MODE"", ""spider_name"": ""plp_belezanaweb_com_br""}";1.401042461395264;1.380450010299683;1.3795368671417236;1.37320647920881;1.3803956826527914;1.3716546405445447;0.027102761210372056;0.0338864690174664
6;25311;181;432;"{""percentile"": ""p95"", ""proxy_name"": ""ZYTE_PROXY_MODE"", ""spider_name"": ""pdp_belezanaweb_com_br""}";1.492462396621704;1.449992656707764;1.4451625347137453;1.47247508593968;3.5044835249582933;3.0146273591301664;0.05367511969690902;3.3923209465539963
6;25311;181;432;"{""percentile"": ""p95"", ""proxy_name"": ""ZYTE_PROXY_MODE"", ""spider_name"": ""plp_belezanaweb_com_br""}";1.804418087005615;2.008674144744873;1.9270021120707195;1.9048347473144531;3.1493505001068116;2.9260425025766548;0.10697204567868253;2.7961379746097883
4;25311;181;432;;21;21;21;21;21;21;0;0
29;25311;181;432;;100;100;100;100;100;100;0;0
27;25311;181;432;;100;100;100;100;100;100;0;0
31;25311;181;432;;100;100;100;100;100;100;0;0
34;25311;181;432;;2;5;4;4.142857142857143;4.333333333333333;4.052631578947368;3.313546715640915;3.4408335007749797
26;25311;181;432;;0;0;0;0;0;0;0;0
2;25311;181;432;;83;79;78.33333333333333;81;80.46666666666667;82.75862068965517;3.116774889895918;3.729242988854007
32;25311;181;432;;100;100;100;100;100;100;0;0
28;25311;181;432;;100;100;100;100;100;100;0;0
30;25311;181;432;;100;100;100;100;100;100;0;0
12;25311;181;432;;0;0;0;0;0;0;0;0
18;25310;181;431;;97.3;97.22;97.21999999999998;97.20857142857143;97.00266666666667;97.03862068965518;0.02799416848895001;0.4952722980614916
19;25310;181;431;;2;2;2;2;2;2;0;0
9;25310;181;431;;0;0;0;0;0;0;0;0
20;25310;181;431;;0;0;0;0;0;0;0;0
8;25310;181;431;;0;0;0;0;0;0;0;0
15;25310;181;431;;0;;;;;;;
24;25310;181;431;;0;0;0;0;0;0;0;0
23;25310;181;431;;0;0;0;0;0;0;0;0
22;25310;181;431;;0;0;0;0;0;0;0;0
25;25310;181;431;;0;0;0;0;0;0;0;0
16;25310;181;431;;100;100;100;100;100;100;0;0
13;25310;181;431;"{""proxy_name"": ""DEFAULT"", ""spider_name"": ""pdp_epocacosmeticos_com_br""}";2.74;0;0;0;0;0;0;0
13;25310;181;431;"{""proxy_name"": ""ZYTE_PROXY_MODE"", ""spider_name"": ""plp_epocacosmeticos_com_br""}";0;0;0;0;6.274666666666667;4.278181818181818;0;19.605092018601987
7;25310;181;431;;0;0;0;0;0;0;0;0
14;25310;181;431;;0.010101010101010102;0.01;0.01037037037037037;0.010187884677680597;0.006795162509448224;0.0055800350443207586;0.00038342677625980706;0.005098816274244823
10;25310;181;431;;0.98989898989899;0.99;0.9896296296296296;0.9898121153223194;0.9932048374905518;0.9944199649556793;0.00038342677625979036;0.005098816274244822
11;25310;181;431;"{""percentile"": ""p50"", ""proxy_name"": ""DEFAULT"", ""spider_name"": ""pdp_epocacosmeticos_com_br""}";1.132937908172607;1.07844877243042;1.1722190380096436;1.0961731842585973;1.1141512870788575;1.0916196432980625;0.08750790745225788;0.11079676204558703
11;25310;181;431;"{""percentile"": ""p50"", ""proxy_name"": ""ZYTE_PROXY_MODE"", ""spider_name"": ""plp_epocacosmeticos_com_br""}";1.193105220794678;1.154967546463013;1.1645997365315752;1.1759369032723561;1.2674119790395102;1.2243937362324109;0.04501046904142736;0.2945817144910482
6;25310;181;431;"{""percentile"": ""p95"", ""proxy_name"": ""DEFAULT"", ""spider_name"": ""pdp_epocacosmeticos_com_br""}";1.884101152420044;1.532150268554688;1.6572991212209065;1.6539726597922189;2.4400511741638184;2.520796364003962;0.1989202204926126;2.0210409725518814
6;25310;181;431;"{""percentile"": ""p95"", ""proxy_name"": ""ZYTE_PROXY_MODE"", ""spider_name"": ""plp_epocacosmeticos_com_br""}";1.618620157241821;1.293954849243164;1.3376707235972087;1.4711638518742152;2.819095023473104;2.63796084577387;0.1745127110463484;2.8283412070999403
29;25310;181;431;;49.32;49.3;49.29999999999999;49.29714285714285;49.292;49.2748275862069;0.006998542122236259;0.020946679377223082
27;25310;181;431;;49.32;49.3;49.29999999999999;49.29714285714285;49.292;49.2748275862069;0.006998542122236259;0.020946679377223082
31;25310;181;431;;49.32;49.3;49.29999999999999;49.29714285714285;49.292;49.2748275862069;0.006998542122236259;0.020946679377223082
26;25310;181;431;;0;0;0;0;0;0;0;0
2;25310;181;431;;73;71;71;70.71428571428571;70.2;68.86206896551724;0.6998542122237652;1.6551724137931034
32;25310;181;431;;49.32;49.3;49.29999999999999;49.29714285714285;49.292;49.2748275862069;0.006998542122236259;0.020946679377223082
28;25310;181;431;;49.32;49.3;49.29999999999999;49.29714285714285;49.292;49.2748275862069;0.006998542122236259;0.020946679377223082
30;25310;181;431;;49.32;49.3;49.29999999999999;49.29714285714285;49.292;49.2748275862069;0.006998542122236259;0.020946679377223082
12;25310;181;431;;0;0;0;0;0;0;0;0
13;25309;181;433;"{""proxy_name"": ""ZYTE_PROXY_MODE"", ""spider_name"": ""pdp_drogaraia_com_br""}";32;0;0;0;0;0;0;0
13;25309;181;433;"{""proxy_name"": ""ZYTE_PROXY_MODE"", ""spider_name"": ""plp_drogaraia_com_br""}";0;0;0;0;0;0;0;0
14;25309;181;433;;0;0;0;0;0;0;0;0
10;25309;181;433;;1;1;1;1;1;1;0;0
11;25309;181;433;"{""percentile"": ""p50"", ""proxy_name"": ""ZYTE_PROXY_MODE"", ""spider_name"": ""pdp_drogaraia_com_br""}";1.884244441986084;0.8515322208404541;0.9295180638631185;0.9193798133305141;0.9906660874684652;1.0184377973729914;0.04341802621096077;0.3357082666067885
11;25309;181;433;"{""percentile"": ""p50"", ""proxy_name"": ""ZYTE_PROXY_MODE"", ""spider_name"": ""plp_drogaraia_com_br""}";1.361661911010742;1.397898435592651;1.3807041645050047;1.3148590156010216;1.305273675918579;1.2952598452568054;0.07696512984428844;0.07336404203049406
6;25309;181;433;"{""percentile"": ""p95"", ""proxy_name"": ""ZYTE_PROXY_MODE"", ""spider_name"": ""pdp_drogaraia_com_br""}";2.768048524856567;2.277983903884888;2.4687786102294926;2.5334356171744212;2.541837803522746;2.550536134026267;0.2812108285591217;0.2565422333773734
6;25309;181;433;"{""percentile"": ""p95"", ""proxy_name"": ""ZYTE_PROXY_MODE"", ""spider_name"": ""plp_drogaraia_com_br""}";31.23812913894653;2.449843406677246;2.788681983947754;2.832956075668335;2.745357290903727;2.657289707660675;0.4327555479448518;0.6282368407932687
31;25309;181;433;;100;100;100;100;100;100;0;0
26;25309;181;433;;0;0;0;0;0;0;0;0
2;25309;181;433;;53;53;53;53;53;53;0;0
32;25309;181;433;;100;100;100;100;100;100;0;0
28;25309;181;433;;100;100;100;100;100;100;0;0
30;25309;181;433;;100;100;100;100;100;100;0;0
12;25309;181;433;;0;0;0;0;0;0;0;0
13;25308;181;435;"{""proxy_name"": ""DEFAULT"", ""spider_name"": ""pdp_drogariasaopaulo_com_br""}";4.04;3.71;1.2366666666666666;0.53;0.24733333333333332;0.16863636363636364;1.2982295636750845;0.7727889012857349
13;25308;181;435;"{""proxy_name"": ""ZYTE_PROXY_MODE"", ""spider_name"": ""plp_drogariasaopaulo_com_br""}";0;0;0;0;0;0;0;0
14;25308;181;435;;0;0;0;0;0;0;0;0
10;25308;181;435;;0.9978858350951374;0.9979296066252588;0.9981633873804608;0.9982280796434487;0.9982302289751352;0.998242545872288;0.00012195022747128363;0.0000846986440705633
11;25308;181;435;"{""percentile"": ""p50"", ""proxy_name"": ""DEFAULT"", ""spider_name"": ""pdp_drogariasaopaulo_com_br""}";1.031160354614258;1.040605068206787;1.034624417622884;1.0322057519640242;1.0568463961283365;1.0491770180788906;0.009620533703978211;0.056442749704199345
11;25308;181;435;"{""percentile"": ""p50"", ""proxy_name"": ""ZYTE_PROXY_MODE"", ""spider_name"": ""plp_drogariasaopaulo_com_br""}";2.08069920539856;2.220941305160522;2.2852419217427573;2.193949358803885;2.2199697971343992;2.2057680541818794;0.10805587299648234;0.14000197616911803
6;25308;181;435;"{""percentile"": ""p95"", ""proxy_name"": ""DEFAULT"", ""spider_name"": ""pdp_drogariasaopaulo_com_br""}";2.268975257873535;1.428177356719971;1.530816952387492;1.3927924292428153;2.653904740015665;2.3940539360046382;0.2144192506709767;2.63328073543317
6;25308;181;435;"{""percentile"": ""p95"", ""proxy_name"": ""ZYTE_PROXY_MODE"", ""spider_name"": ""plp_drogariasaopaulo_com_br""}";32.39868974685669;3.536680221557617;3.7393175760904946;3.682239055633545;4.986584806442261;4.7285296591845425;0.3551009332991778;2.6079686175184764
32;25308;181;435;;100;100;100;100;100;100;0;0
28;25308;181;435;;100;100;100;100;100;100;0;0
18;25307;181;438;;0;0;0;0;0;0;0;0
19;25307;181;438;;3;3;2.6666666666666665;2.2857142857142856;2.1333333333333333;2.0689655172413794;0.45175395145262565;0.2533954906327426
9;25307;181;438;;0;0;0;0;0;0;0;0
20;25307;181;438;;3.23;3.23;2.1533333333333333;0.9228571428571428;0.43066666666666664;0.22275862068965518;1.4591652631919807;0.8184674347437585
8;25307;181;438;;0;0;0;0;0;0;0;0
13;25307;181;438;"{""proxy_name"": ""ZYTE_PROXY_MODE"", ""spider_name"": ""pdp_drogariaspacheco_com_br""}";0;0;0;0;0;0;0;0
13;25307;181;438;"{""proxy_name"": ""ZYTE_PROXY_MODE"", ""spider_name"": ""plp_drogariaspacheco_com_br""}";2.67;0;19.753333333333334;8.465714285714286;8.217333333333332;5.3591304347826085;20.736680308190163;17.379624730286768
7;25307;181;438;;0;0;0;0;0;0;0;0
5;25307;181;438;;0;0;0;0;0;0;0;0
21;25307;181;438;;0;;;;;;;
14;25307;181;438;;0;0;0;0;0;0;0;0
10;25307;181;438;;1;1;1;1;1;1;0;0
11;25307;181;438;"{""percentile"": ""p50"", ""proxy_name"": ""ZYTE_PROXY_MODE"", ""spider_name"": ""pdp_drogariaspacheco_com_br""}";1.372491359710693;1.243177652359009;1.2255580425262453;1.2392471858433314;1.288564427693685;1.2924445108933882;0.06593065627327106;0.0935076526322884
11;25307;181;438;"{""percentile"": ""p50"", ""proxy_name"": ""ZYTE_PROXY_MODE"", ""spider_name"": ""plp_drogariaspacheco_com_br""}";2.063967943191528;1.94426703453064;1.9719412326812746;1.877448047910418;1.9474383036295573;1.9509954245194145;0.22537807829109038;0.1757283129843022
6;25307;181;438;"{""percentile"": ""p95"", ""proxy_name"": ""ZYTE_PROXY_MODE"", ""spider_name"": ""pdp_drogariaspacheco_com_br""}";2.518859386444092;2.060325145721436;1.6831727822621663;1.7841538020542689;3.4105902830759685;3.0021548813039605;0.32691812137769827;2.843549534831513
6;25307;181;438;"{""percentile"": ""p95"", ""proxy_name"": ""ZYTE_PROXY_MODE"", ""spider_name"": ""plp_drogariaspacheco_com_br""}";31.15959048271179;3.08149528503418;3.081990957260132;3.175062724522182;4.454418818155925;4.20645372763924;0.6732270937767483;2.5889278211049214
4;25307;181;438;;31;31;31;30.857142857142858;30.4;30.20689655172414;0.3499271061118826;0.4050806939472666
29;25307;181;438;;100;100;100;100;100;100;0;0
27;25307;181;438;;100;100;100;100;100;100;0;0
31;25307;181;438;;100;100;100;100;100;100;0;0
26;25307;181;438;;0;0;0;0;0;0;0;0
2;25307;181;438;;31;31;31;30.857142857142858;30.4;30.20689655172414;0.3499271061118826;0.4050806939472666
32;25307;181;438;;100;100;100;100;100;100;0;0
28;25307;181;438;;100;100;100;100;100;100;0;0
30;25307;181;438;;100;100;100;100;100;100;0;0
12;25307;181;438;;0;0;0;0;0;0;0;0
13;25306;181;437;"{""proxy_name"": ""ZYTE_PROXY_MODE"", ""spider_name"": ""pdp_drogariavenancio_com_br""}";0;0;0;0;0;0;0;0
13;25306;181;437;"{""proxy_name"": ""ZYTE_PROXY_MODE"", ""spider_name"": ""plp_drogariavenancio_com_br""}";0;0;0;0;0;0;0;0
14;25306;181;437;;0;0;0;0;0;0;0;0
10;25306;181;437;;1;1;1;1;1;1;0;0
11;25306;181;437;"{""percentile"": ""p50"", ""proxy_name"": ""ZYTE_PROXY_MODE"", ""spider_name"": ""pdp_drogariavenancio_com_br""}";3.062759637832642;2.58917760848999;2.6104236443837485;2.6378937108176097;2.7113129138946532;2.7002499320290303;0.16837853397444702;0.21886368597154712
11;25306;181;437;"{""percentile"": ""p50"", ""proxy_name"": ""ZYTE_PROXY_MODE"", ""spider_name"": ""plp_drogariavenancio_com_br""}";2.616592168807983;2.703848600387573;2.716845750808716;2.6346679074423656;2.746776739756266;2.713270401954651;0.20198062195630673;0.24575992749561654
6;25306;181;437;"{""percentile"": ""p95"", ""proxy_name"": ""ZYTE_PROXY_MODE"", ""spider_name"": ""pdp_drogariavenancio_com_br""}";32.03535056114197;4.249264478683472;3.7014850775400796;3.7435037408556258;5.057830429077148;4.673453352668068;0.36673345369614996;2.591020380237384
6;25306;181;437;"{""percentile"": ""p95"", ""proxy_name"": ""ZYTE_PROXY_MODE"", ""spider_name"": ""plp_drogariavenancio_com_br""}";33.20007705688477;4.00647234916687;4.081147193908691;3.828537259783064;5.010612916946411;4.772388648986817;0.3819581412060225;3.2265835247221917
12;25306;181;437;;0;0;0;0;0;0;0;0
13;25305;181;436;"{""proxy_name"": ""ZYTE_PROXY_MODE"", ""spider_name"": ""pdp_paguemenos_com_br""}";0;0;0;0;0;0;0;0
13;25305;181;436;"{""proxy_name"": ""ZYTE_PROXY_MODE"", ""spider_name"": ""plp_paguemenos_com_br""}";0;0;0;0;0;0;0;0
14;25305;181;436;;0;0;0;0;0;0;0;0
10;25305;181;436;;1;1;1;1;1;1;0;0
11;25305;181;436;"{""percentile"": ""p50"", ""proxy_name"": ""ZYTE_PROXY_MODE"", ""spider_name"": ""pdp_paguemenos_com_br""}";2.551363945007324;2.463353872299194;2.4198450247446694;2.3597444466182163;2.405413770675659;2.4395140517841685;0.1556108916383467;0.16378099995638237
11;25305;181;436;"{""percentile"": ""p50"", ""proxy_name"": ""ZYTE_PROXY_MODE"", ""spider_name"": ""plp_paguemenos_com_br""}";1.712187767028809;1.629802703857422;1.704309622446696;1.645986080169678;1.6322734196980795;1.6546990513801574;0.11660321226683915;0.24337558363925807
6;25305;181;436;"{""percentile"": ""p95"", ""proxy_name"": ""ZYTE_PROXY_MODE"", ""spider_name"": ""pdp_paguemenos_com_br""}";31.46571254730225;3.050851106643677;3.219067414601644;3.2554473876953125;4.030865414937337;3.9405647732994775;0.23276182984376434;1.9201792567880387
6;25305;181;436;"{""percentile"": ""p95"", ""proxy_name"": ""ZYTE_PROXY_MODE"", ""spider_name"": ""plp_paguemenos_com_br""}";31.61447381973267;2.652274131774902;3.299960215886434;3.079455409731184;3.9491469224294025;3.8376964807510374;0.3945786852363665;2.2405689929596306
29;25305;181;436;;100;100;100;100;100;100;0;0
27;25305;181;436;;100;100;100;100;100;100;0;0
31;25305;181;436;;100;100;100;100;100;100;0;0
26;25305;181;436;;0;0;0;0;0;0;0;0
2;25305;181;436;;27;27;27;27;27;27;0;0
32;25305;181;436;;100;100;100;100;100;100;0;0
28;25305;181;436;;100;100;100;100;100;100;0;0
30;25305;181;436;;100;100;100;100;100;100;0;0
12;25305;181;436;;0;0;0;0;0;0;0;0
13;25304;181;439;"{""proxy_name"": ""ZYTE_PROXY_MODE"", ""spider_name"": ""pdp_sellers_variants_mercadolivre_com_br""}";0;1.68;1.1866666666666665;0.5933333333333333;0.5933333333333333;0.5933333333333333;0.8410839567024342;0.8410839567024342
13;25304;181;439;"{""proxy_name"": ""ZYTE_PROXY_MODE"", ""spider_name"": ""plp_mercadolivre_com_br""}";1.18;0;0;0;0;0;0;0
35;25304;181;439;;2;1;2.6666666666666665;1.8333333333333333;1.8333333333333333;1.8333333333333333;1.8633899812498247;1.8633899812498247
36;25304;181;439;;6;1;4.666666666666667;3.1666666666666665;3.1666666666666665;3.1666666666666665;3.5784850922639815;3.5784850922639815
14;25304;181;439;;0.10253807106598985;0.1820020222446916;0.36235818273604276;0.49118513838217476;0.49118513838217476;0.49118513838217476;0.26148677254400193;0.26148677254400193
10;25304;181;439;;0.8954314720812183;0.8149646107178968;0.6295726455375567;0.5016417461686881;0.5016417461686881;0.5016417461686881;0.2638803199473576;0.2638803199473576
11;25304;181;439;"{""percentile"": ""p50"", ""proxy_name"": ""ZYTE_PROXY_MODE"", ""spider_name"": ""pdp_sellers_variants_mercadolivre_com_br""}";1.377413749694824;1.459783792495728;1.590899387995402;2.1725343068440757;2.1725343068440757;2.1725343068440757;0.7216620300690985;0.7216620300690985
11;25304;181;439;"{""percentile"": ""p50"", ""proxy_name"": ""ZYTE_PROXY_MODE"", ""spider_name"": ""plp_mercadolivre_com_br""}";1.955188035964966;1.512047052383423;1.94321076075236;1.760938008626302;1.760938008626302;1.760938008626302;0.6527860516414034;0.6527860516414034
6;25304;181;439;"{""percentile"": ""p95"", ""proxy_name"": ""ZYTE_PROXY_MODE"", ""spider_name"": ""pdp_sellers_variants_mercadolivre_com_br""}";3.683671951293945;6.036751270294189;7.361157099405922;7.895343144734699;7.895343144734699;7.895343144734699;3.0558104993810047;3.0558104993810047
6;25304;181;439;"{""percentile"": ""p95"", ""proxy_name"": ""ZYTE_PROXY_MODE"", ""spider_name"": ""plp_mercadolivre_com_br""}";8.24183177947998;7.116089582443237;7.0631013711293535;6.4252839883168535;6.4252839883168535;6.4252839883168535;1.0566493996163642;1.0566493996163642
34;25304;181;439;;31;2;23.333333333333332;13.333333333333334;13.333333333333334;13.333333333333334;22.74252013788758;22.74252013788758
32;25304;181;439;;100;100;100;100;100;100;0;0
28;25304;181;439;;100;100;100;100;100;100;0;0
30;25304;181;439;;100;100;100;100;100;100;0;0
12;25304;181;439;;0;0;0;0;0;0;0;0
18;25303;181;434;;79.63;79.63;79.63;79.57571428571428;79.60466666666666;80.12724137931035;0.13297230032251378;0.8377757767331676
19;25303;181;434;;2;2;2;2;2;2;0;0
9;25303;181;434;;0;0;0;0;0;0;0;0
13;25303;181;434;"{""proxy_name"": ""ZYTE_PROXY_MODE"", ""spider_name"": ""pdp_drogasil_com_br""}";1.85;0;0;0;0;0;0;0
13;25303;181;434;"{""proxy_name"": ""ZYTE_PROXY_MODE"", ""spider_name"": ""plp_drogasil_com_br""}";0;0;0;0;0;0;0;0
14;25303;181;434;;0;0;0;0.0017006802721088435;0.0007936507936507937;0.0005411255411255411;0.004165798882284316;0.0024797487526817315
10;25303;181;434;;1;1;1;0.9982993197278912;0.9992063492063491;0.9994588744588744;0.004165798882284302;0.002479748752681723
11;25303;181;434;"{""percentile"": ""p50"", ""proxy_name"": ""ZYTE_PROXY_MODE"", ""spider_name"": ""pdp_drogasil_com_br""}";1.206279277801514;1.660196781158447;1.4665477275848389;1.3011769567217146;1.2741227308909098;1.1778717799620195;0.23128421300721375;0.2737519070849167
11;25303;181;434;"{""percentile"": ""p50"", ""proxy_name"": ""ZYTE_PROXY_MODE"", ""spider_name"": ""plp_drogasil_com_br""}";1.556911945343018;1.353516578674316;1.4465852578481038;1.4313442025865828;1.3960771083831787;1.3434370926448278;0.12768110147977452;0.14453497385434233
6;25303;181;434;"{""percentile"": ""p95"", ""proxy_name"": ""ZYTE_PROXY_MODE"", ""spider_name"": ""pdp_drogasil_com_br""}";4.429418802261353;8.931817293167114;11.556841055552164;9.254285880497523;7.595207722981771;6.6103248054331;5.46672754723355;5.132469537270371
6;25303;181;434;"{""percentile"": ""p95"", ""proxy_name"": ""ZYTE_PROXY_MODE"", ""spider_name"": ""plp_drogasil_com_br""}";2.747700691223145;3.007681608200073;2.584185759226481;3.0633786746433804;3.9821387608846024;3.56753515061878;1.0630274734314362;2.698878506625255
18;25291;59;116;;96.72;95.08;94.97333333333334;94.72142857142856;93.78266666666667;93.65206896551723;0.6216666210720198;0.952406676794309
19;25291;59;116;;1;1;1;1;1;1;0;0
9;25291;59;116;;0;0;0;0;0;0;0;0
20;25291;59;116;;0;0;0;0;0;0;0;0
8;25291;59;116;;0;0;0;0;0;0;0;0
24;25291;59;116;;0;0;0;0;0;0;0;0
23;25291;59;116;;0;0;0;0;0;0;0;0
22;25291;59;116;;0;0;0;0;0;0;0;0
25;25291;59;116;;0;0;0;0;0;0;0;0
16;25291;59;116;;0;0;33.333333333333336;42.857142857142854;43.817499999999995;43.817499999999995;41.649656391752146;43.422801637887595
13;25291;59;116;"{""proxy_name"": ""ZYTE_PROXY_MODE"", ""spider_name"": ""pdp_amazon_com_br_sellers_variants""}";0;0;0;0;0;0;0;0
7;25291;59;116;;0;0;0;0;0;0;0;0
35;25291;59;116;;2;2;2.3333333333333335;2.142857142857143;2.066666666666667;2.0344827586206895;0.3499271061118826;0.3197799481205415
36;25291;59;116;;3;4;4;3.7142857142857144;3.533333333333333;3.689655172413793;0.45175395145262565;0.5319740903635004
14;25291;59;116;;0;0;0.0012578616352201257;0.0006289308176100629;0.0006289308176100629;0.0006289308176100629;0.0014063320613206226;0.0014063320613206226
11;25287;160;357;"{""percentile"": ""p50"", ""proxy_name"": ""ZYTE_PROXY_MODE"", ""spider_name"": ""pdp_mercadolivre_com_br_sellers_variants""}";1.494675159454346;1.698631763458252;1.6772615909576416;1.7101952007838659;1.641817585627238;1.6349159549264347;0.04659836601925196;0.09106039559819755
11;25287;160;357;"{""percentile"": ""p50"", ""proxy_name"": ""ZYTE_PROXY_MODE"", ""spider_name"": ""plp_mercadolivre_com_br_adhoc""}";2.187822103500366;;;;;;;
6;25287;160;357;"{""percentile"": ""p95"", ""proxy_name"": ""ZYTE_PROXY_MODE"", ""spider_name"": ""pdp_mercadolivre_com_br_sellers_variants""}";4.031997680664062;10.94745016098022;9.128413597742714;8.315250294549124;6.89218160311381;6.601945512435016;1.4485811941762665;2.1647883593315966
6;25287;160;357;"{""percentile"": ""p95"", ""proxy_name"": ""ZYTE_PROXY_MODE"", ""spider_name"": ""plp_mercadolivre_com_br_adhoc""}";9.226078987121582;;;;;;;
4;25287;160;357;;4866;4650;4648.333333333333;4611.285714285715;4566.066666666667;4468.857142857143;35.20841736092698;140.35228999244168
29;25287;160;357;;0.75;0.53;0.32666666666666666;0.13999999999999999;0.07733333333333334;21.513928571428572;0.22238961949053032;40.98824686413043
27;25287;160;357;;100;100;100;100;100;100;0;0
31;25287;160;357;;0.75;0.53;0.32666666666666666;0.13999999999999999;0.07733333333333334;21.513928571428572;0.22238961949053032;40.98824686413043
34;25287;160;357;;135;137;128.33333333333334;119.71428571428571;121.46666666666667;121;10.123724409443756;7.280109889280518
26;25287;160;357;;0;0;0;0;0;0;0;0
2;25287;160;357;;3602;3564;3499.6666666666665;3431.714285714286;3438.133333333333;3450.714285714286;93.9265887895044;71.58155046760959
32;25287;160;357;;100;100;100;100;100;100;0;0
28;25287;160;357;;100;100;100;100;100;100;0;0
30;25287;160;357;;100;100;100;100;100;100;0;0
12;25287;160;357;;0;0;0;0;0;0;0;0
16;25286;121;250;;6.25;0;0.98;1.8485714285714285;5.326;4.091851851851851;3.4789794421904356;10.57543836304882
13;25286;121;250;"{""proxy_name"": ""ZYTE_PROXY_MODE"", ""spider_name"": ""pdp_mercadolivre_com_br_sellers_variants""}";0;5.19;9.506666666666666;5.49;3.6933333333333334;4.364117647058824;7.894276407625971;7.521680865669767
13;25286;121;250;"{""proxy_name"": ""ZYTE_PROXY_MODE"", ""spider_name"": ""plp_mercadolivre_com_br_adhoc""}";0;;;;;;;
35;25286;121;250;;3;3;3;2.4285714285714284;1.6;1.7857142857142858;0.4948716593053935;0.6738557951469003
36;25286;121;250;;5;4;4;3.7142857142857144;2.2666666666666666;3.0714285714285716;0.45175395145262565;1.360897063089832
14;25286;121;250;;0.19982773471145565;0.24129997123957433;0.2832588542196197;0.3424432424282706;0.28661489984876487;0.29030303423050385;0.05715398562184399;0.11525076825060475
10;25286;121;250;;0.7984496124031008;0.7546735691688237;0.7136082473964954;0.6546989818011137;0.7109528194588344;0.7074104244580353;0.056721925248100186;0.11520059324801614
11;25286;121;250;"{""percentile"": ""p50"", ""proxy_name"": ""ZYTE_PROXY_MODE"", ""spider_name"": ""pdp_mercadolivre_com_br_sellers_variants""}";1.550556182861328;1.687691211700439;1.5179107983907063;1.534787961414882;1.4674043973286948;1.4469155283535229;0.13590232397334448;0.3249394497173202
11;25286;121;250;"{""percentile"": ""p50"", ""proxy_name"": ""ZYTE_PROXY_MODE"", ""spider_name"": ""plp_mercadolivre_com_br_adhoc""}";2.718975782394409;;;;;;;
6;25286;121;250;"{""percentile"": ""p95"", ""proxy_name"": ""ZYTE_PROXY_MODE"", ""spider_name"": ""pdp_mercadolivre_com_br_sellers_variants""}";4.543596506118774;8.611862421035767;7.805743773778279;6.876415865761893;6.50164532661438;6.264542874167947;2.400381750427094;2.299789839510272
6;25286;121;250;"{""percentile"": ""p95"", ""proxy_name"": ""ZYTE_PROXY_MODE"", ""spider_name"": ""plp_mercadolivre_com_br_adhoc""}";9.149040937423706;;;;;;;
4;25286;121;250;;178;178;178.33333333333334;144.42857142857142;132.73333333333332;167.60714285714286;30.691353565352397;50.54018152895369
29;25286;121;250;;0;0;0;0;0;22.22222222222222;0;41.5739709641549
27;25286;121;250;;100;100;100;100;100;100;0;0
31;25286;121;250;;0;0;0;0;0;22.22222222222222;0;41.5739709641549
34;25286;121;250;;7;6;5.666666666666667;5.142857142857143;3.6;4.642857142857143;0.6388765649999399;1.6948300739578104
26;25286;121;250;;0;0;0;0;0;0;0;0
2;25286;121;250;;170;171;170.33333333333334;136.57142857142858;122.66666666666667;157.92592592592592;29.625554330472117;49.734797361476254
32;25286;121;250;;100;100;100;100;100;100;0;0
28;25286;121;250;;100;100;100;100;100;100;0;0
30;25286;121;250;;100;100;100;100;100;100;0;0
12;25286;121;250;;0;0;0;0;0;0;0;0
16;25285;152;335;;0;0;0;0.4757142857142857;0.6666666666666666;0.3448275862068966;1.165257263352569;1.3407347977358128
13;25285;152;335;"{""proxy_name"": ""ZYTE_PROXY_MODE"", ""spider_name"": ""pdp_amazon_com_br_sellers_variants""}";0;0;0;0;0;0.042352941176470586;0;0.16941176470588235
13;25285;152;335;"{""proxy_name"": ""ZYTE"", ""spider_name"": ""plp_amazon_com_br""}";0;0;0;0;0;0;0;0
35;25285;152;335;;2;2;2;2;2;1.8275862068965518;0;0.37773969483114905
36;25285;152;335;;6;6;6;5.857142857142857;5.4;4.758620689655173;0.3499271061118826;1.4775369162502447
14;25285;152;335;;0;0.00411522633744856;0.0013717421124828533;0.0005878894767783657;0.006621542004254146;0.007648116886678765;0.0014400292432587762;0.007168852181545607
10;25285;152;335;;1;0.9958847736625515;0.9986282578875172;0.9994121105232215;0.9933784579957459;0.9923518831133212;0.0014400292432587695;0.007168852181545611
11;25285;152;335;"{""percentile"": ""p50"", ""proxy_name"": ""ZYTE_PROXY_MODE"", ""spider_name"": ""pdp_amazon_com_br_sellers_variants""}";1.720338821411133;1.726063013076782;1.8625038464864099;1.7522429398127968;1.784343465169271;1.793154001235962;0.14812284233119802;0.1272718506043705
11;25285;152;335;"{""percentile"": ""p50"", ""proxy_name"": ""ZYTE"", ""spider_name"": ""plp_amazon_com_br""}";4.058728456497192;3.022506475448608;3.4092344443003335;3.510247605187552;3.8109503587086997;3.8680879088009106;0.24484220888136496;0.45729556811235217
6;25285;152;335;"{""percentile"": ""p95"", ""proxy_name"": ""ZYTE_PROXY_MODE"", ""spider_name"": ""pdp_amazon_com_br_sellers_variants""}";2.184911489486694;2.659140825271606;2.6650476455688477;2.4526502745492116;3.79517601331075;3.9445443153381348;0.24698945081882515;4.2186292475145075
6;25285;152;335;"{""percentile"": ""p95"", ""proxy_name"": ""ZYTE"", ""spider_name"": ""plp_amazon_com_br""}";5.688804149627686;4.631608009338379;5.128949244817098;5.351100172315325;7.262664937973023;7.149225908167222;0.44689501555368744;5.945031693185078
21;25282;181;438;;0;;;;;;;
34;25285;152;335;;26;25;25.333333333333332;25.714285714285715;25.466666666666665;22.448275862068964;0.45175395145262565;5.196724478285381
28;25285;152;335;;100;100;100;100;100;100;0;0
30;25285;152;335;;100;100;100;100;100;100;0;0
12;25285;152;335;;0;0;0;0;0;0;0;0
18;25284;181;432;;76.19;80.95;82.53666666666668;81.63;81.26733333333333;82.26310344827587;3.0410524493997118;3.035442481461962
19;25284;181;432;;2;2;2;2;2;2;0;0
9;25284;181;432;;0;0;0;0;0;0;0;0
20;25284;181;432;;0;0;0;0;0;0;0;0
8;25284;181;432;;0;0;0;0;0;0;0;0
13;25284;181;432;"{""proxy_name"": ""ZYTE_PROXY_MODE"", ""spider_name"": ""pdp_belezanaweb_com_br""}";0;0;0;0;0;0;0;0
13;25284;181;432;"{""proxy_name"": ""ZYTE_PROXY_MODE"", ""spider_name"": ""plp_belezanaweb_com_br""}";0;66.67;22.223333333333333;9.524285714285714;9.136000000000001;6.525714285714287;23.329640164479212;20.12170341445574
7;25284;181;432;;0;0;0;0;0;0;0;0
35;25284;181;432;;5;1;2;1.8571428571428572;2;1.9444444444444444;1.124858267715973;1.0786937688304221
36;25284;181;432;;5;6;4.666666666666667;3.2857142857142856;3.2666666666666666;3.1666666666666665;2.1852940772540506;2.1666666666666665
14;25284;181;432;;0;0;0;0;0;0;0;0
10;25284;181;432;;1;1;1;1;1;1;0;0
11;25284;181;432;"{""percentile"": ""p50"", ""proxy_name"": ""ZYTE_PROXY_MODE"", ""spider_name"": ""pdp_belezanaweb_com_br""}";1.235837697982788;1.217787742614746;1.2184579372406004;1.2266050747462678;1.2381460189819335;1.2296188218253;0.027385538722103028;0.03750563095146059
11;25284;181;432;"{""percentile"": ""p50"", ""proxy_name"": ""ZYTE_PROXY_MODE"", ""spider_name"": ""plp_belezanaweb_com_br""}";1.380450010299683;1.335193157196045;1.3788280487060547;1.3769072464534216;1.3826213995615642;1.3712358134133475;0.02950164367644683;0.034628228882122324
6;25284;181;432;"{""percentile"": ""p95"", ""proxy_name"": ""ZYTE_PROXY_MODE"", ""spider_name"": ""pdp_belezanaweb_com_br""}";1.449992656707764;1.426996946334839;1.4387869040171306;1.4989177840096612;3.575830380121867;3.089133773531233;0.07672889928625376;3.454519839999052
6;25284;181;432;"{""percentile"": ""p95"", ""proxy_name"": ""ZYTE_PROXY_MODE"", ""spider_name"": ""plp_belezanaweb_com_br""}";2.008674144744873;1.740899324417114;1.8526501655578613;1.8713541712079729;3.1869773864746094;2.969726710092454;0.10590328945869706;2.854594353581988
34;25284;181;432;;5;6;6;3.857142857142857;4.133333333333334;4;3.313546715640915;3.5276684147527875
13;25283;181;431;"{""proxy_name"": ""DEFAULT"", ""spider_name"": ""pdp_epocacosmeticos_com_br""}";0;0;0;0;0;0;0;0
13;25283;181;431;"{""proxy_name"": ""ZYTE_PROXY_MODE"", ""spider_name"": ""plp_epocacosmeticos_com_br""}";0;0;0;0;6.274666666666667;4.4819047619047625;0;20.043687432598116
7;25283;181;431;;0;0;0;0;0;0;0;0
5;25283;181;431;;0;0;0;0;0;0;0;0
14;25283;181;431;;0.01;0.011111111111111112;0.01037037037037037;0.010217039196631033;0.006128495842781557;0.005369560522621747;0.0003757134996410232;0.005124581388467974
10;25283;181;431;;0.99;0.9888888888888889;0.9896296296296296;0.989782960803369;0.9938715041572184;0.9946304394773782;0.00037571349964100664;0.005124581388467973
11;25283;181;431;"{""percentile"": ""p50"", ""proxy_name"": ""DEFAULT"", ""spider_name"": ""pdp_epocacosmeticos_com_br""}";1.07844877243042;1.189359188079834;1.1556727886199953;1.152050222669329;1.1142155329386394;1.092246827625093;0.15623802070859025;0.11336593973922467
11;25283;181;431;"{""percentile"": ""p50"", ""proxy_name"": ""ZYTE_PROXY_MODE"", ""spider_name"": ""plp_epocacosmeticos_com_br""}";1.154967546463013;1.178904294967651;1.167565027872721;1.1811040128980361;1.2698795954386393;1.2276997452690488;0.04437831141226883;0.3011149902041084
6;25283;181;431;"{""percentile"": ""p95"", ""proxy_name"": ""DEFAULT"", ""spider_name"": ""pdp_epocacosmeticos_com_br""}";1.532150268554688;1.573721170425415;1.7136398156483967;1.8140816347939628;2.461759074529012;2.5678747495015464;0.3928980032920489;2.0567818195294767
6;25283;181;431;"{""percentile"": ""p95"", ""proxy_name"": ""ZYTE_PROXY_MODE"", ""spider_name"": ""plp_epocacosmeticos_com_br""}";1.293954849243164;1.371049880981445;1.3756294250488281;1.4973221165793282;2.8269744714101157;2.7019611313229515;0.15902595760799132;2.8792933884886365
4;25283;181;431;;36;36;36;35.714285714285715;35.53333333333333;34.86206896551724;0.45175395145262565;0.8189201439336494
29;25283;181;431;;49.3;49.3;49.29999999999999;49.294285714285714;49.29066666666667;49.27310344827586;0.009035079029050715;0.020861356499660037
27;25283;181;431;;49.3;49.3;49.29999999999999;49.294285714285714;49.29066666666667;49.27310344827586;0.009035079029050715;0.020861356499660037
31;25283;181;431;;49.3;49.3;49.29999999999999;49.294285714285714;49.29066666666667;49.27310344827586;0.009035079029050715;0.020861356499660037
26;25283;181;431;;0;0;0;0;0;0;0;0
2;25283;181;431;;71;71;71;70.42857142857143;70.06666666666666;68.72413793103448;0.9035079029052513;1.6378402878672988
32;25283;181;431;;49.3;49.3;49.29999999999999;49.294285714285714;49.29066666666667;49.27310344827586;0.009035079029050715;0.020861356499660037
28;25283;181;431;;49.3;49.3;49.29999999999999;49.294285714285714;49.29066666666667;49.27310344827586;0.009035079029050715;0.020861356499660037
30;25283;181;431;;49.3;49.3;49.29999999999999;49.294285714285714;49.29066666666667;49.27310344827586;0.009035079029050715;0.020861356499660037
12;25283;181;431;;0;0;0;0;0;0;0;0
18;25282;181;438;;0;0;0;0;0;0;0;0
19;25282;181;438;;3;3;2.3333333333333335;2.142857142857143;2.066666666666667;2.0344827586206895;0.3499271061118826;0.18246560765962694
9;25282;181;438;;0;0;0;0;0;0;0;0
20;25282;181;438;;3.23;3.23;1.0766666666666667;0.4614285714285714;0.21533333333333332;0.11137931034482759;1.1302645527413808;0.589363912740595
8;25282;181;438;;0;0;0;0;0;0;0;0
15;25282;181;438;;0;;;;;;;
13;25282;181;438;"{""proxy_name"": ""ZYTE_PROXY_MODE"", ""spider_name"": ""plp_drogariaspacheco_com_br""}";0;59.26;19.753333333333334;8.465714285714286;8.217333333333332;5.602727272727273;20.736680308190163;17.7317837850101
7;25282;181;438;;0;0;0;0;0;0;0;0
5;25282;181;438;;0;0;0;0;0;0;0;0
14;25282;181;438;;0;0;0;0;0;0;0;0
10;25282;181;438;;1;1;1;1;1;1;0;0
11;25282;181;438;"{""percentile"": ""p50"", ""proxy_name"": ""ZYTE_PROXY_MODE"", ""spider_name"": ""plp_drogariaspacheco_com_br""}";1.94426703453064;1.973500728607178;1.9874128500620527;1.8917535713740758;1.9544540723164876;1.9513012604279951;0.23223894450635818;0.1796717702600036
6;25282;181;438;"{""percentile"": ""p95"", ""proxy_name"": ""ZYTE_PROXY_MODE"", ""spider_name"": ""plp_drogariaspacheco_com_br""}";3.08149528503418;2.425264596939087;3.417883555094401;3.1981595924922397;4.492776123682658;4.257588202303106;0.6723936957340861;2.6357294262941626
4;25282;181;438;;31;31;31;30.714285714285715;30.333333333333332;30.17241379310345;0.45175395145262565;0.37773969483114905
29;25282;181;438;;100;100;100;100;100;100;0;0
27;25282;181;438;;100;100;100;100;100;100;0;0
31;25282;181;438;;100;100;100;100;100;100;0;0
26;25282;181;438;;0;0;0;0;0;0;0;0
2;25282;181;438;;31;31;31;30.714285714285715;30.333333333333332;30.17241379310345;0.45175395145262565;0.37773969483114905
32;25282;181;438;;100;100;100;100;100;100;0;0
28;25282;181;438;;100;100;100;100;100;100;0;0
30;25282;181;438;;100;100;100;100;100;100;0;0
12;25282;181;438;;0;0;0;0;0;0;0;0
16;25281;181;439;;75;61.22;64.65333333333334;69.50428571428571;69.50428571428571;69.50428571428571;14.43912428799204;14.43912428799204
13;25281;181;439;"{""proxy_name"": ""ZYTE_PROXY_MODE"", ""spider_name"": ""pdp_sellers_variants_mercadolivre_com_br""}";1.68;1.88;0.6266666666666666;0.376;0.376;0.376;0.752;0.752
13;25281;181;439;"{""proxy_name"": ""ZYTE_PROXY_MODE"", ""spider_name"": ""plp_mercadolivre_com_br""}";0;0;0;0;0;0;0;0
35;25281;181;439;;1;1;2.6666666666666665;2;2;2;2;2
36;25281;181;439;;1;2;4.666666666666667;3.6;3.6;3.6;3.7735924528226414;3.7735924528226414
14;25281;181;439;;0.1820020222446916;0.12146596858638743;0.4570737498679454;0.5530217616096713;0.5530217616096713;0.5530217616096713;0.24312093868175585;0.24312093868175585
10;25281;181;439;;0.8149646107178968;0.875392670157068;0.5310587297932632;0.43897717325884644;0.43897717325884644;0.43897717325884644;0.24494549540415428;0.24494549540415428
11;25281;181;439;"{""percentile"": ""p50"", ""proxy_name"": ""ZYTE_PROXY_MODE"", ""spider_name"": ""pdp_sellers_variants_mercadolivre_com_br""}";1.459783792495728;1.393252611160278;1.761838674545288;2.3150844097137453;2.3150844097137453;2.3150844097137453;0.7092475673579872;0.7092475673579872
11;25281;181;439;"{""percentile"": ""p50"", ""proxy_name"": ""ZYTE_PROXY_MODE"", ""spider_name"": ""plp_mercadolivre_com_br""}";1.512047052383423;1.321807384490967;2.189390500386556;1.810716199874878;1.810716199874878;1.810716199874878;0.7046192909062374;0.7046192909062374
6;25281;181;439;"{""percentile"": ""p95"", ""proxy_name"": ""ZYTE_PROXY_MODE"", ""spider_name"": ""pdp_sellers_variants_mercadolivre_com_br""}";6.036751270294189;4.730304479598999;7.938271443049111;8.267061519622802;8.267061519622802;8.267061519622802;3.2212615647252103;3.2212615647252103
6;25281;181;439;"{""percentile"": ""p95"", ""proxy_name"": ""ZYTE_PROXY_MODE"", ""spider_name"": ""plp_mercadolivre_com_br""}";7.116089582443237;6.968059778213501;7.159979184468587;6.2871228694915775;6.2871228694915775;6.2871228694915775;1.1069230216782169;1.1069230216782169
34;25281;181;439;;2;4;23.333333333333332;15.6;15.6;15.6;24.286621831782206;24.286621831782206
2;25281;181;439;;275;292;166;117.71428571428571;106.125;106.125;113.3322729042026;110.3578695653373
32;25281;181;439;;100;100;100;100;100;100;0;0
28;25281;181;439;;100;100;100;100;100;100;0;0
30;25281;181;439;;100;100;100;100;100;100;0;0
12;25281;181;439;;0;0;0;0;0;0;0;0
18;25280;181;434;;79.63;79.63;79.63;79.57571428571428;79.60466666666666;80.19103448275862;0.13297230032251378;0.8673954069018317
19;25280;181;434;;2;2;2;2;2;2;0;0
9;25280;181;434;;0;0;0;0;0;0;0;0
20;25280;181;434;;16.67;14.81;17.900000000000002;18.298571428571428;18.291999999999998;14.633448275862069;1.7983121338111039;4.924313553325229
8;25280;181;434;;0;0;0;0;0;0;0;0
13;25280;181;434;"{""proxy_name"": ""ZYTE_PROXY_MODE"", ""spider_name"": ""pdp_drogasil_com_br""}";0;0;0;0;0;0;0;0
13;25280;181;434;"{""proxy_name"": ""ZYTE_PROXY_MODE"", ""spider_name"": ""plp_drogasil_com_br""}";0;0;0;0;0;0;0;0
7;25280;181;434;;0;0;0;0;0;0;0;0
5;25280;181;434;;0;0;0;0;0;0;0;0
21;25280;181;434;;0;;;;;;;
14;25280;181;434;;0;0;0;0.0017006802721088435;0.0007936507936507937;0.0005668934240362812;0.004165798882284316;0.0025352244642854755
10;25280;181;434;;1;1;1;0.9982993197278912;0.9992063492063491;0.9994331065759636;0.004165798882284302;0.002535224464285467
11;25280;181;434;"{""percentile"": ""p50"", ""proxy_name"": ""ZYTE_PROXY_MODE"", ""spider_name"": ""pdp_drogasil_com_br""}";1.660196781158447;1.40961742401123;1.3286196390787761;1.3265848840985979;1.2427184581756592;1.1549039227621896;0.2749721132773285;0.2586565075987949
11;25280;181;434;"{""percentile"": ""p50"", ""proxy_name"": ""ZYTE_PROXY_MODE"", ""spider_name"": ""plp_drogasil_com_br""}";1.353516578674316;1.561409950256348;1.4363388220469158;1.4804779120853968;1.3909186999003091;1.3429331183433533;0.15211598338503143;0.1480862681290933
6;25280;181;434;"{""percentile"": ""p95"", ""proxy_name"": ""ZYTE_PROXY_MODE"", ""spider_name"": ""pdp_drogasil_com_br""}";8.931817293167114;8.602198362350464;9.503983894983929;9.687062297548566;7.151520649592082;6.499777544112432;5.543443788742034;5.2275979921351405
6;25280;181;434;"{""percentile"": ""p95"", ""proxy_name"": ""ZYTE_PROXY_MODE"", ""spider_name"": ""plp_drogasil_com_br""}";3.007681608200073;2.355708599090576;3.323831876118978;3.089780126299177;3.921518087387085;3.5955278277397156;1.0636111424543642;2.7625508255559064
4;25280;181;434;;54;54;54;53.857142857142854;53.93333333333333;53.96551724137931;0.3499271061118826;0.18246560765962694
13;25279;181;436;"{""proxy_name"": ""ZYTE_PROXY_MODE"", ""spider_name"": ""pdp_paguemenos_com_br""}";0;0;0;0;0;0;0;0
13;25279;181;436;"{""proxy_name"": ""ZYTE_PROXY_MODE"", ""spider_name"": ""plp_paguemenos_com_br""}";0;0;0;0;0;0;0;0
14;25279;181;436;;0;0;0;0;0;0;0;0
10;25279;181;436;;1;1;1;1;1;1;0;0
11;25279;181;436;"{""percentile"": ""p50"", ""proxy_name"": ""ZYTE_PROXY_MODE"", ""spider_name"": ""pdp_paguemenos_com_br""}";2.463353872299194;2.311344623565674;2.3219797611236572;2.3994859286717007;2.4200842062632244;2.4383788222358342;0.20475899548950358;0.16755061070739066
11;25279;181;436;"{""percentile"": ""p50"", ""proxy_name"": ""ZYTE_PROXY_MODE"", ""spider_name"": ""plp_paguemenos_com_br""}";1.629802703857422;1.676786184310913;1.7280682722727458;1.7132928712027413;1.6641661326090496;1.6560093854603015;0.19646636244059595;0.24962930871092454
6;25279;181;436;"{""percentile"": ""p95"", ""proxy_name"": ""ZYTE_PROXY_MODE"", ""spider_name"": ""pdp_paguemenos_com_br""}";3.050851106643677;3.012882947921753;3.226203441619873;3.3638254574366977;4.0790950934092205;3.9829320907592773;0.28338208377408847;1.9552939022826963
6;25279;181;436;"{""percentile"": ""p95"", ""proxy_name"": ""ZYTE_PROXY_MODE"", ""spider_name"": ""plp_paguemenos_com_br""}";2.652274131774902;3.464181184768677;3.3431476751963296;3.3303305421556746;4.078378725051881;3.90008713069715;0.5647866959337867;2.281779116898609
12;25279;181;436;;0;0;0;0;0;0;0;0
13;25278;181;437;"{""proxy_name"": ""ZYTE_PROXY_MODE"", ""spider_name"": ""pdp_drogariavenancio_com_br""}";0;0;0;0;0;0;0;0
13;25278;181;437;"{""proxy_name"": ""ZYTE_PROXY_MODE"", ""spider_name"": ""plp_drogariavenancio_com_br""}";0;0;0;0;0;0;0;0
14;25278;181;437;;0;0;0;0;0;0;0;0
10;25278;181;437;;1;1;1;1;1;1;0;0
11;25278;181;437;"{""percentile"": ""p50"", ""proxy_name"": ""ZYTE_PROXY_MODE"", ""spider_name"": ""pdp_drogariavenancio_com_br""}";2.58917760848999;2.393826723098755;2.6040495236714682;2.7022707802908763;2.7291978359222413;2.7055390902927945;0.21666881025924084;0.2226361912414897
11;25278;181;437;"{""percentile"": ""p50"", ""proxy_name"": ""ZYTE_PROXY_MODE"", ""spider_name"": ""plp_drogariavenancio_com_br""}";2.703848600387573;2.6749427318573;2.6691972414652505;2.6533258301871165;2.731319204966227;2.713766286247655;0.21322855386076026;0.2521346128334536
6;25278;181;437;"{""percentile"": ""p95"", ""proxy_name"": ""ZYTE_PROXY_MODE"", ""spider_name"": ""pdp_drogariavenancio_com_br""}";4.249264478683472;3.069613933563232;3.478092670440674;3.7039618151528493;5.053485488891601;4.693652822857811;0.32230001916299894;2.6503009788323446
6;25278;181;437;"{""percentile"": ""p95"", ""proxy_name"": ""ZYTE_PROXY_MODE"", ""spider_name"": ""plp_drogariavenancio_com_br""}";4.00647234916687;4.403239250183105;4.082806905110677;3.854675906045096;5.018518463770548;4.812700033187866;0.3991157217174523;3.3054924142738384
4;25278;181;437;;27;27;27;27;27;27;0;0
29;25278;181;437;;100;100;100;100;100;100;0;0
27;25278;181;437;;100;100;100;100;100;100;0;0
31;25278;181;437;;100;100;100;100;100;100;0;0
26;25278;181;437;;0;0;0;0;0;0;0;0
2;25278;181;437;;27;27;27;27;27;27;0;0
32;25278;181;437;;100;100;100;100;100;100;0;0
28;25278;181;437;;100;100;100;100;100;100;0;0
30;25278;181;437;;100;100;100;100;100;100;0;0
12;25278;181;437;;0;0;0;0;0;0;0;0
13;25277;181;433;"{""proxy_name"": ""ZYTE_PROXY_MODE"", ""spider_name"": ""pdp_drogaraia_com_br""}";0;0;0;0;0;0;0;0
13;25277;181;433;"{""proxy_name"": ""ZYTE_PROXY_MODE"", ""spider_name"": ""plp_drogaraia_com_br""}";0;0;0;0;0;0;0;0
14;25277;181;433;;0;0;0;0;0;0;0;0
10;25277;181;433;;1;1;1;1;1;1;0;0
11;25277;181;433;"{""percentile"": ""p50"", ""proxy_name"": ""ZYTE_PROXY_MODE"", ""spider_name"": ""pdp_drogaraia_com_br""}";0.8515322208404541;0.9974713325500488;0.9386947949727377;0.9162797927856445;0.9976556936899821;1.026385681969779;0.04861526124177061;0.34158014245843793
11;25277;181;433;"{""percentile"": ""p50"", ""proxy_name"": ""ZYTE_PROXY_MODE"", ""spider_name"": ""plp_drogaraia_com_br""}";1.397898435592651;1.324777603149414;1.332870324452718;1.3105845110757008;1.2966662089029948;1.2898578141864978;0.07296132394975872;0.07128759993335582
6;25277;181;433;"{""percentile"": ""p95"", ""proxy_name"": ""ZYTE_PROXY_MODE"", ""spider_name"": ""pdp_drogaraia_com_br""}";2.277983903884888;2.520061016082764;2.446169296900431;2.5517281464168002;2.5758087158203127;2.5635148116520474;0.26784606397085287;0.25542533150388724
6;25277;181;433;"{""percentile"": ""p95"", ""proxy_name"": ""ZYTE_PROXY_MODE"", ""spider_name"": ""plp_drogaraia_com_br""}";2.449843406677246;2.465660095214844;3.0235029061635337;2.9384233951568604;2.7868204434712727;2.668207934028224;0.41617996664477663;0.6427052876680597
13;25276;181;430;"{""proxy_name"": ""ZYTE_PROXY_MODE"", ""spider_name"": ""pdp_amazon_com_br""}";3.52;2.63;0.8766666666666666;0.6571428571428571;0.46799999999999997;0.3694736842105263;1.053900432891542;0.8602476613052565
13;25276;181;430;"{""proxy_name"": ""DEFAULT"", ""spider_name"": ""plp_amazon_com_br""}";0;0;0;0;0;0;0;0
14;25276;181;430;;0.7016574585635359;0.6879699248120301;0.6872262370856915;0.6207021074441222;0.7347572130927655;0.7575186391376079;0.23419027086456704;0.17154266435844445
10;25276;181;430;;0.2983425414364641;0.31203007518796994;0.31277376291430853;0.3792978925558778;0.2652427869072344;0.24248136086239208;0.23419027086456706;0.17154266435844445
11;25276;181;430;"{""percentile"": ""p50"", ""proxy_name"": ""ZYTE_PROXY_MODE"", ""spider_name"": ""pdp_amazon_com_br""}";3.009951114654541;2.986924648284912;2.9770592053731284;2.9901671750204906;3.016755787531535;3.0189990244413676;0.054628309706341034;0.05327833169099252
11;25276;181;430;"{""percentile"": ""p50"", ""proxy_name"": ""DEFAULT"", ""spider_name"": ""plp_amazon_com_br""}";1.434904336929321;1.466841220855713;1.446238358815511;1.4610961164746965;1.4400570233662924;1.4400597998970435;0.03550842134915833;0.03601821546157597
6;25276;181;430;"{""percentile"": ""p95"", ""proxy_name"": ""ZYTE_PROXY_MODE"", ""spider_name"": ""pdp_amazon_com_br""}";3.318473100662231;3.302811145782471;3.278637250264486;3.325901065553938;3.434905195236206;3.510172856481452;0.07208261108091403;0.30815962176986084
30;25273;142;307;;100;100;100;100;100;100;0;0
6;25276;181;430;"{""percentile"": ""p95"", ""proxy_name"": ""DEFAULT"", ""spider_name"": ""plp_amazon_com_br""}";1.660543203353882;1.743653297424316;1.7948381106058757;1.7747491768428258;1.73742888768514;1.7488586777134945;0.07035493645244165;0.07430071628274608
12;25276;181;430;;0;0;0;0;0;0;0;0
16;25275;181;435;;0;0;0;0;0;0;0;0
13;25275;181;435;"{""proxy_name"": ""DEFAULT"", ""spider_name"": ""pdp_drogariasaopaulo_com_br""}";3.71;0;0;0;0;0;0;0
13;25275;181;435;"{""proxy_name"": ""ZYTE_PROXY_MODE"", ""spider_name"": ""plp_drogariasaopaulo_com_br""}";0;0;0;0;0;0;0;0
14;25275;181;435;;0;0;0;0;0;0;0;0
10;25275;181;435;;0.9979296066252588;0.9982876712328768;0.9982788058616965;0.9982775447068354;0.9982527150499158;0.9982574477411942;0.000004963811783449121;0.00005128379248128669
11;25275;181;435;"{""percentile"": ""p50"", ""proxy_name"": ""DEFAULT"", ""spider_name"": ""pdp_drogariasaopaulo_com_br""}";1.040605068206787;1.035146951675415;1.0327428181966145;1.064183303288051;1.0568376700083415;1.0495852061680384;0.08225032846933461;0.05773926227913405
11;25275;181;435;"{""percentile"": ""p50"", ""proxy_name"": ""ZYTE_PROXY_MODE"", ""spider_name"": ""plp_drogariasaopaulo_com_br""}";2.220941305160522;2.293742179870605;2.282251993815104;2.219583579472133;2.225847085316976;2.2050455184209916;0.130393965822754;0.14325651028603345
6;25275;181;435;"{""percentile"": ""p95"", ""proxy_name"": ""DEFAULT"", ""spider_name"": ""pdp_drogariasaopaulo_com_br""}";1.428177356719971;1.895653247833252;1.4769210020701091;1.4460551738739014;2.680659739176432;2.440048058827718;0.2583922049213778;2.6866011567357018
6;25275;181;435;"{""percentile"": ""p95"", ""proxy_name"": ""ZYTE_PROXY_MODE"", ""spider_name"": ""plp_drogariasaopaulo_com_br""}";3.536680221557617;3.227880239486694;3.8234902222951255;3.698655230658395;5.055208381017049;4.785284394309635;0.3506202775816298;2.6560340882604687
18;25274;152;336;;100;100;100;100;100;100;0;0
19;25274;152;336;;1;1;1;1;1;1;0;0
9;25274;152;336;;0;0;0;0;0;0;0;0
20;25274;152;336;;0;0;0;0;0;0;0;0
8;25274;152;336;;0;0;0;0;0;0;0;0
15;25274;152;336;;0;;;;;;;
13;25274;152;336;"{""proxy_name"": ""ZYTE_PROXY_MODE"", ""spider_name"": ""pdp_chapires_com_br""}";0;0;0;0;0;0;0;0
7;25274;152;336;;0;0;0;0;0;0;0;0
35;25274;152;336;;1;1;1;1;1;1;0;0
36;25274;152;336;;1;1;1;1;1;1;0;0
5;25274;152;336;;0;0;0;0;0;0;0;0
21;25274;152;336;;0;;;;;;;
14;25274;152;336;;0;0.05263157894736842;0.017543859649122806;0.007518796992481203;0.003508771929824561;0.003095975232198142;0.018417216111151713;0.012383900928792569
10;25274;152;336;;1;0.9473684210526315;0.9824561403508771;0.9924812030075189;0.9964912280701754;0.9969040247678018;0.018417216111151734;0.012383900928792583
11;25274;152;336;"{""percentile"": ""p50"", ""proxy_name"": ""ZYTE_PROXY_MODE"", ""spider_name"": ""pdp_chapires_com_br""}";1.318917512893677;1.347662210464478;1.3481202125549319;1.3492443220955985;1.3724424680074057;1.379551368601182;0.021594508695526222;0.07631546012334402
6;25274;152;336;"{""percentile"": ""p95"", ""proxy_name"": ""ZYTE_PROXY_MODE"", ""spider_name"": ""pdp_chapires_com_br""}";3.254900455474854;1.831561326980591;2.082213560740153;2.021198408944266;2.2364093621571857;2.5693322209750904;0.2699877233299245;1.5230408329220781
4;25274;152;336;;18;18;18;18;18;18;0;0
34;25274;152;336;;1;1;1;1;1;1;0;0
13;25273;142;307;"{""proxy_name"": ""ZYTE_PROXY_MODE"", ""spider_name"": ""pdp_cobasi_com_br""}";48.15;36.11;36.11;36.11;35.376;31.214117647058824;0;17.355869344174078
13;25273;142;307;"{""proxy_name"": ""ZYTE_PROXY_MODE"", ""spider_name"": ""plp_cobasi_com_br""}";0;0;0;0;0;0;0;0
35;25273;142;307;;1;1;1;1;1;1;0;0
36;25273;142;307;;1;1;1;1;1;1;0;0
14;25273;142;307;;0;0;0;0;0.02381887755102041;0.025722539015606245;0;0.06949533438630921
10;25273;142;307;;1;1;1;1;0.9761811224489796;0.9742774609843937;0;0.06949533438630921
11;25273;142;307;"{""percentile"": ""p50"", ""proxy_name"": ""ZYTE_PROXY_MODE"", ""spider_name"": ""pdp_cobasi_com_br""}";3.38316535949707;2.810708522796631;3.3117482662200928;3.7182188034057617;4.574342330296834;4.423843720379998;0.7922156378962272;3.4653894152452427
11;25273;142;307;"{""percentile"": ""p50"", ""proxy_name"": ""ZYTE_PROXY_MODE"", ""spider_name"": ""plp_cobasi_com_br""}";2.473928213119507;2.347612142562866;2.369093179702759;2.3947972570146834;3.714149936040242;3.638658313190236;0.18827069823664744;4.453198663995573
6;25273;142;307;"{""percentile"": ""p95"", ""proxy_name"": ""ZYTE_PROXY_MODE"", ""spider_name"": ""pdp_cobasi_com_br""}";6.725183725357056;5.531959772109985;6.5318065484364825;7.763335841042655;12.439827966690064;11.81840876971974;1.920502709583479;17.788459813405915
6;25273;142;307;"{""percentile"": ""p95"", ""proxy_name"": ""ZYTE_PROXY_MODE"", ""spider_name"": ""plp_cobasi_com_br""}";3.964349269866943;3.963819026947021;3.969064712524414;4.354720320020403;5.609558582305908;5.6028541817384605;0.7142233417071124;4.159942817466606
4;25273;142;307;;11;11;11;11;10.933333333333334;16.448275862068964;0;5.934040938090552
29;25273;142;307;;100;100;100;100;100;100;0;0
27;25273;142;307;;100;100;100;100;100;100;0;0
31;25273;142;307;;100;100;100;100;100;100;0;0
34;25273;142;307;;1;1;1;1;1;1;0;0
26;25273;142;307;;0;0;0;0;0;0;0;0
2;25273;142;307;;11;11;11;11;10.933333333333334;16.448275862068964;0;5.934040938090552
32;25273;142;307;;100;100;100;100;100;100;0;0
28;25273;142;307;;100;100;100;100;100;100;0;0
12;25273;142;307;;0;0;0;0;0;0;0;0
24;25272;143;309;;0;0;0;0;0;0;0;0
23;25272;143;309;;0;0.17;0.17;0.07285714285714286;0.12933333333333333;0.08;0.09967293452864234;0.2335441224755124
22;25272;143;309;;0.87;0.43;1.7633333333333334;2.0485714285714285;1.5546666666666666;1.1614285714285715;1.2408571757507973;1.07280245247707
25;25272;143;309;;0.44;0.17;0.31;0.45142857142857146;0.442;0.3775;0.5349079646184425;0.5202926717586115
16;25272;143;309;;45.49;44.43;56.81666666666666;58.80714285714286;54.492;53.286071428571425;10.126798555298306;8.177201904985468
13;25272;143;309;"{""proxy_name"": ""ZYTE_PROXY_MODE"", ""spider_name"": ""pdp_mercadolivre_com_br_sellers_variants""}";1.35;3.18;2.6133333333333333;1.727142857142857;1.6806666666666668;1.7847058823529411;0.9180991898749175;1.296561596037126
13;25272;143;309;"{""proxy_name"": ""ZYTE_PROXY_MODE"", ""spider_name"": ""plp_mercadolivre_com_br_adhoc""}";0;;;;;;;
7;25272;143;309;;0;0;0;0;0;0;0;0
35;25272;143;309;;1;1;1;1;1;1;0;0
36;25272;143;309;;4;4;4;4;4;4;0;0
5;25272;143;309;;0;0;0;0;0;0;0;0
21;25272;143;309;;0;;;;;;;
14;25272;143;309;;0.15445773022865533;0.13984175289105294;0.13819492367347777;0.16774979638407483;0.13916578827831655;0.13777251009867283;0.03305518109591971;0.03991324149922466
10;25272;143;309;;0.8441997063142438;0.8586488131466828;0.8605925512631046;0.8310400983755178;0.8598511035413313;0.8612765380703148;0.03298855147785804;0.04010378109150002
11;25272;143;309;"{""percentile"": ""p50"", ""proxy_name"": ""ZYTE_PROXY_MODE"", ""spider_name"": ""pdp_mercadolivre_com_br_sellers_variants""}";1.628076553344727;1.636003971099854;1.5891083876291914;1.6208878925868444;1.587176259358724;1.5864705758936264;0.05158639473890637;0.0703957187471895
11;25272;143;309;"{""percentile"": ""p50"", ""proxy_name"": ""ZYTE_PROXY_MODE"", ""spider_name"": ""plp_mercadolivre_com_br_adhoc""}";1.730329990386963;;;;;;;
6;25272;143;309;"{""percentile"": ""p95"", ""proxy_name"": ""ZYTE_PROXY_MODE"", ""spider_name"": ""pdp_mercadolivre_com_br_sellers_variants""}";4.713281869888306;5.557637691497803;5.749497572580974;6.164204904011318;5.474668057759603;5.3251809933606316;1.1079520337149553;1.1235348533343261
6;25272;143;309;"{""percentile"": ""p95"", ""proxy_name"": ""ZYTE_PROXY_MODE"", ""spider_name"": ""plp_mercadolivre_com_br_adhoc""}";3.180002689361572;;;;;;;
4;25272;143;309;;38587;37731;37797.333333333336;37418.142857142855;37393.4;37328.25;396.40398894181124;300.2937401231382
29;25272;143;309;;0.47;0.49;0.4666666666666666;0.47428571428571425;0.4706666666666667;21.801428571428573;0.03110220151011035;40.83789073137538
27;25272;143;309;;100;100;100;100;100;100;0;0
31;25272;143;309;;0.47;0.49;0.4666666666666666;0.47428571428571425;0.4706666666666667;21.801428571428573;0.03110220151011035;40.83789073137538
34;25272;143;309;;547;550;544;536;534.7333333333333;535.4285714285714;10.1418510567422;7.451886488997129
26;25272;143;309;;0;0;0;0;0;0;0;0
2;25272;143;309;;31986;31038;31091.666666666668;30780.428571428572;30878.266666666666;31067.035714285714;363.8951407608897;338.656113203651
32;25272;143;309;;100;100;100;100;100;100;0;0
28;25272;143;309;;100;100;100;100;100;100;0;0
30;25272;143;309;;100;100;100;100;100;100;0;0
12;25272;143;309;;0;0;0;0;0;0;0;0
6;25261;181;435;"{""percentile"": ""p95"", ""proxy_name"": ""DEFAULT"", ""spider_name"": ""pdp_drogariasaopaulo_com_br""}";1.895653247833252;1.268620252609253;1.2582021554311116;1.3733010292053223;2.6588057676951085;2.4672677993774412;0.18194855957595346;2.750119609099723
6;25261;181;435;"{""percentile"": ""p95"", ""proxy_name"": ""ZYTE_PROXY_MODE"", ""spider_name"": ""plp_drogariasaopaulo_com_br""}";3.227880239486694;4.453392267227173;3.9743663469950357;3.7553329127175465;5.056950028737386;4.863154602050781;0.2980668823786862;2.6981296813858044
4;25261;181;435;;31;31;31;31;30.933333333333334;30.96551724137931;0;0.18246560765962694
29;25261;181;435;;100;100;100;100;100;100;0;0
27;25261;181;435;;100;100;100;100;100;100;0;0
31;25261;181;435;;100;100;100;100;100;100;0;0
26;25261;181;435;;0;0;0;0;0;0;0;0
2;25261;181;435;;31;31;31;31;30.933333333333334;30.96551724137931;0;0.18246560765962694
32;25261;181;435;;100;100;100;100;100;100;0;0
28;25261;181;435;;100;100;100;100;100;100;0;0
30;25261;181;435;;100;100;100;100;100;100;0;0
12;25261;181;435;;0;0;0;0;0;0;0;0
16;25256;178;413;;12.5;3.13;6.596666666666667;4.834285714285714;7.584666666666666;10.311379310344826;4.089327074026648;11.075355283205461
13;25256;178;413;"{""proxy_name"": ""ZYTE"", ""spider_name"": ""pdp_shopee_com_br""}";4.35;18.18;6.06;10.882857142857144;5.572666666666667;4.3758333333333335;17.177461740220373;11.085116491895288
14;25256;178;413;;0;0;0;0;0;0;0;0
10;25256;178;413;;1;1;1;1;1;1;0;0
11;25256;178;413;"{""percentile"": ""p50"", ""proxy_name"": ""ZYTE"", ""spider_name"": ""pdp_shopee_com_br""}";35.829;36.161;35.590333333333334;29.318571428571428;25.866466666666668;24.370041666666665;6.492788325896507;4.848240432355904
6;25256;178;413;"{""percentile"": ""p95"", ""proxy_name"": ""ZYTE"", ""spider_name"": ""pdp_shopee_com_br""}";74.44;43.097;48.82933333333333;49.04185714285715;52.178599999999996;54.490874999999996;14.450172865289007;16.187692934017548
13;25254;121;252;"{""proxy_name"": ""ZYTE_PROXY_MODE"", ""spider_name"": ""pdp_amazon_com_br_sellers_variants""}";0;0;0;0;0.07933333333333333;0.2529411764705882;0;0.5402043698876146
7;25254;121;252;;0;0;0;0;0;0;0;0
35;25254;121;252;;10;9;10.333333333333334;10.285714285714286;10.866666666666667;10.413793103448276;0.8806305718527109;2.251700374802001
10;25254;121;252;;1;0.9951338199513382;0.9975917764617668;0.9989679041979;0.9995183552923534;0.9995750193756059;0.0017641523178122788;0.0012407739754165441
11;25254;121;252;"{""percentile"": ""p50"", ""proxy_name"": ""ZYTE_PROXY_MODE"", ""spider_name"": ""pdp_amazon_com_br_sellers_variants""}";1.784573793411255;1.821857452392578;1.9691731135050452;1.8836346013205392;2.1359124819437665;2.4404176123001995;0.11274976551001177;1.0481305897712057
6;25254;121;252;"{""percentile"": ""p95"", ""proxy_name"": ""ZYTE_PROXY_MODE"", ""spider_name"": ""pdp_amazon_com_br_sellers_variants""}";2.055035591125488;2.683408737182617;2.8321990172068277;2.7599904537200928;3.586344083150228;4.391735974480124;0.29249659140960005;3.202025522191582
29;25254;121;252;;100;100;100;100;100;100;0;0
27;25254;121;252;;97.72;97.83;97.92333333333333;98.44285714285715;98.28733333333334;84.98620689655172;0.5030965339266201;32.65999370882735
31;25254;121;252;;100;100;100;100;100;100;0;0
34;25254;121;252;;10;9;10.333333333333334;10.285714285714286;10.866666666666667;10.413793103448276;0.8806305718527109;2.251700374802001
26;25254;121;252;;0;0;0;0;0;0;0;0
32;25254;121;252;;97.72;97.39;97.62333333333333;98.24857142857142;98.10333333333332;84.87413793103448;0.6259262524206705;32.61623971616523
28;25254;121;252;;100;100;100;100;100;100;0;0
30;25254;121;252;;100;100;100;100;100;100;0;0
12;25254;121;252;;0;0;0;0;0;0;0;0
18;25253;148;329;;96.67;96.25;96.49000000000001;96.50714285714285;96.18466666666667;95.45620689655172;0.11731694381513043;1.051036971668696
19;25253;148;329;;1;1;1;1;1;1;0;0
9;25253;148;329;;0;0;0;0;0;0;0;0
20;25253;148;329;;0;0;0;0;0;0;0;0
8;25253;148;329;;0;0;0;0;0;0;0;0
13;25253;148;329;"{""proxy_name"": ""ZYTE_PROXY_MODE"", ""spider_name"": ""pdp_falabella_com""}";0;5.34;1.78;0.89;0.89;0.89;1.9901004999748129;1.9901004999748129
7;25253;148;329;;0;0;0;0;0;0;0;0
35;25253;148;329;;1;1;1;1;1;1;0;0
36;25253;148;329;;1;1;1;1;1;1;0;0
5;25253;148;329;;0;0;0;0;0;0;0;0
21;25253;148;329;;0;;;;;;;
14;25253;148;329;;0.023076923076923078;0.18110236220472442;0.08414691534770274;0.04901790211829582;0.04901790211829582;0.04901790211829582;0.06057690263708928;0.06057690263708928
10;25253;148;329;;0.9769230769230769;0.8188976377952756;0.9158530846522973;0.9509820978817042;0.9509820978817042;0.9509820978817042;0.06057690263708928;0.06057690263708928
11;25253;148;329;"{""percentile"": ""p50"", ""proxy_name"": ""ZYTE_PROXY_MODE"", ""spider_name"": ""pdp_falabella_com""}";1.398878574371338;9.74153447151184;4.444962580998738;2.995593309402466;2.995593309402466;2.995593309402466;3.022902092711736;3.022902092711736
6;25253;148;329;"{""percentile"": ""p95"", ""proxy_name"": ""ZYTE_PROXY_MODE"", ""spider_name"": ""pdp_falabella_com""}";29.99761056900024;112.1563441753387;60.11370674769082;46.42780685424804;46.42780685424804;46.42780685424804;29.548545406665788;29.548545406665788
4;25253;148;329;;90;80;85.66666666666667;86;79.46666666666667;69.17241379310344;2.7774602993176543;13.864041719292844
29;25253;148;329;;100;100;100;100;100;100;0;0
27;25253;148;329;;100;100;100;100;100;100;0;0
31;25253;148;329;;100;100;100;100;100;100;0;0
34;25253;148;329;;1;1;1;1;1;1;0;0
26;25253;148;329;;0;0;0;0;0;0;0;0
2;25253;148;329;;90;80;85.66666666666667;86;79.46666666666667;69.17241379310344;2.7774602993176543;13.864041719292844
32;25253;148;329;;100;100;100;100;100;100;0;0
28;25253;148;329;;100;100;100;100;100;100;0;0
30;25253;148;329;;100;100;100;100;100;100;0;0
12;25253;148;329;;0;0;0;0;0;0;0;0
16;25252;147;362;;76;84.62;80.06;86.76428571428572;90.02066666666666;91.72083333333335;10.089874496094525;12.062491767412274
13;25252;147;362;"{""spider_name"": ""pdp_dafiti_com_br""}";0;100;100;100;100;100;0;0
13;25252;147;362;"{""proxy_name"": ""ZYTE_PROXY_MODE"", ""spider_name"": ""pdp_dafiti_com_br""}";2.96;1.69;0.5633333333333334;0.2816666666666667;0.2816666666666667;0.2816666666666667;0.6298258136624407;0.6298258136624407
35;25252;147;362;;0;0;0;0;0.06666666666666667;0.034482758620689655;0;0.18246560765962694
36;25252;147;362;;0;0;0;0;0.26666666666666666;0.13793103448275862;0;0.7298624306385078
14;25252;147;362;;0.3971478804453995;0.3540003131360576;0.5370360870651395;0.49333150686939814;0.49333150686939814;0.49333150686939814;0.1588245896261031;0.1588245896261031
10;25252;147;362;;0.6010939636647783;0.6447471426334742;0.46254639819137117;0.5064597357588572;0.5064597357588572;0.5064597357588572;0.15864203522550285;0.15864203522550285
11;25252;147;362;"{""percentile"": ""p50"", ""spider_name"": ""pdp_dafiti_com_br""}";1.060455083847046;0;0;0;0;0;0;0
11;25252;147;362;"{""percentile"": ""p50"", ""proxy_name"": ""ZYTE_PROXY_MODE"", ""spider_name"": ""pdp_dafiti_com_br""}";1.497831583023071;1.487265586853027;0.9192608992258706;1.0016239484151204;1.0016239484151204;1.0016239484151204;0.4042655660994007;0.4042655660994007
6;25252;147;362;"{""percentile"": ""p95"", ""spider_name"": ""pdp_dafiti_com_br""}";1.060455083847046;0;0;0;0;0;0;0
6;25252;147;362;"{""percentile"": ""p95"", ""proxy_name"": ""ZYTE_PROXY_MODE"", ""spider_name"": ""pdp_dafiti_com_br""}";13.72000789642334;11.98338484764099;5.0581228733062735;3.372301459312439;3.372301459312439;3.372301459312439;3.8515217612053068;3.8515217612053068
34;25252;147;362;;0;0;0;0;2.8666666666666667;1.4827586206896552;0;7.846021129363958
18;25251;148;327;;61.76;63.24;74.41666666666667;77.13714285714286;78.40799999999999;78.75068965517241;5.697171514471554;2.9688032315773323
19;25251;148;327;;2;2;2;2;2;2;0;0
9;25251;148;327;;0;0;0;0;0;0;0;0
20;25251;148;327;;100;100;100;100;100;100;0;0
8;25251;148;327;;0;0;0;0;0;0;0;0
15;25251;148;327;;0;;;;;;;
13;25251;148;327;"{""proxy_name"": ""ZYTE_PROXY_MODE"", ""spider_name"": ""pdp_sparta_cl""}";0;0;0;0;0;0;0;0
7;25251;148;327;;0;0;0;0;0;0;0;0
35;25251;148;327;;1;1;1;1;1;1;0;0
36;25251;148;327;;1;1;1;1;1;1;0;0
5;25251;148;327;;0;0;0;0;0;0;0;0
21;25251;148;327;;0;;;;;;;
14;25251;148;327;;0;0;0.0091324200913242;0.0091324200913242;0.0091324200913242;0.0091324200913242;0.012915192350439223;0.012915192350439223
10;25251;148;327;;1;1;0.9862379502790461;0.9862696600710299;0.9862696600710299;0.9862696600710299;0.015817974514071152;0.015817974514071152
11;25251;148;327;"{""percentile"": ""p50"", ""proxy_name"": ""ZYTE_PROXY_MODE"", ""spider_name"": ""pdp_sparta_cl""}";2.112048864364624;2.232860803604126;2.208768844604492;2.1750841538111367;2.1750841538111367;2.1750841538111367;0.05713832429815105;0.05713832429815105
6;25251;148;327;"{""percentile"": ""p95"", ""proxy_name"": ""ZYTE_PROXY_MODE"", ""spider_name"": ""pdp_sparta_cl""}";12.04178309440613;11.55285596847534;7.1377952098846436;5.925468444824219;5.925468444824219;5.925468444824219;2.6365133946920483;2.6365133946920483
4;25251;148;327;;68;68;67.66666666666667;67.42857142857143;67.6;67.17241379310344;0.7284313590846836;0.7908513752537735
29;25251;148;327;;100;100;100;100;100;100;0;0
27;25251;148;327;;100;100;100;100;100;100;0;0
31;25251;148;327;;100;100;100;100;100;100;0;0
34;25251;148;327;;1;1;1;1;1;1;0;0
26;25251;148;327;;0;0;0;0;0;0;0;0
2;25251;148;327;;68;68;67.66666666666667;67.42857142857143;67.6;67.17241379310344;0.7284313590846836;0.7908513752537735
32;25251;148;327;;100;100;100;100;100;100;0;0
28;25251;148;327;;100;100;100;100;100;100;0;0
30;25251;148;327;;100;100;100;100;100;100;0;0
13;25250;147;322;"{""proxy_name"": ""ZYTE_PROXY_MODE"", ""spider_name"": ""pdp_netshoes_com_br""}";0;1.33;0.44333333333333336;0.19;1.8599999999999999;1.3427272727272728;0.46540305112880387;5.5216896144520025
35;25250;147;322;;4;2;2.6666666666666665;3.142857142857143;3.1333333333333333;3.0416666666666665;0.989743318610787;1.0984521938720055
36;25250;147;322;;17;2;7.333333333333333;11.428571428571429;10.933333333333334;12.041666666666666;6.9045976991968985;6.412742306446509
14;25250;147;322;;0;0;0.003642823627582404;0.0025566597419999595;0.0014592433377673118;0.0014481121055248624;0.002366974563809386;0.0017059736158580143
10;25250;147;322;;1;1;0.9963571763724176;0.9974433402580001;0.9985407566622327;0.9983874187244655;0.0023669745638093785;0.0017543848489553304
11;25250;147;322;"{""percentile"": ""p50"", ""proxy_name"": ""ZYTE_PROXY_MODE"", ""spider_name"": ""pdp_netshoes_com_br""}";0.9415240287780762;0.9790027141571045;0.996510903040568;0.996159485408238;0.9867352803548177;0.9927045648748224;0.011114428150336307;0.024610866375996875
6;25250;147;322;"{""percentile"": ""p95"", ""proxy_name"": ""ZYTE_PROXY_MODE"", ""spider_name"": ""pdp_netshoes_com_br""}";1.83652400970459;1.938657283782959;2.598977247873942;2.2937313488551547;2.6502816994984943;2.437210787426342;0.7007547029621185;1.5661428277310427
34;25250;147;322;;180;2;63.333333333333336;110;101.46666666666667;106.25;85.890295477096;82.14735236147298
6;25227;141;302;"{""percentile"": ""p95"", ""proxy_name"": ""ZYTE_PROXY_MODE"", ""spider_name"": ""pdp_amazon_com_br_sellers_variants""}";2.354815483093262;8.353393793106079;4.297825574874878;3.0812157903398787;3.3570724010467528;3.739587770568;2.1605672245606415;2.8025743945391524
6;25227;141;302;"{""percentile"": ""p95"", ""proxy_name"": ""ZYTE"", ""spider_name"": ""plp_amazon_com_br""}";8.268632411956787;57.33842325210571;22.860144058863323;13.350905316216606;14.925834687550863;13.480422417322794;17.983111031501068;15.175817241511817
29;25227;141;302;;100;100;100;100;100;100;0;0
27;25227;141;302;;42.31;46.67;46.669999999999995;46.45428571428572;47.24133333333334;53.33428571428571;0.5283899302289445;11.867730685883172
31;25227;141;302;;100;100;100;100;100;100;0;0
34;25227;141;302;;8;8;6.666666666666667;8.142857142857142;9.933333333333334;11.357142857142858;2.166535841157586;4.277969192054013
26;25227;141;302;;0;0;0;0;0;0;0;0
32;25227;141;302;;34.62;40;40;39.815714285714286;40.758;47.63964285714286;0.4514059668843282;12.721380339003776
28;25227;141;302;;100;100;100;100;100;100;0;0
30;25227;141;302;;100;100;100;100;100;100;0;0
12;25227;141;302;;0;0;0;0;0;0;0;0
4;25223;181;437;;27;27;27;27;27;27;0;0
29;25223;181;437;;100;100;100;100;100;100;0;0
27;25223;181;437;;100;100;100;100;100;100;0;0
31;25223;181;437;;100;100;100;100;100;100;0;0
26;25223;181;437;;0;0;0;0;0;0;0;0
2;25223;181;437;;27;27;27;27;27;27;0;0
32;25223;181;437;;100;100;100;100;100;100;0;0
28;25223;181;437;;100;100;100;100;100;100;0;0
30;25223;181;437;;100;100;100;100;100;100;0;0
12;25223;181;437;;0;0;0;0;0;0;0;0
13;25249;147;323;"{""proxy_name"": ""ZYTE_PROXY_MODE"", ""spider_name"": ""pdp_centauro_com_br""}";3.7;2.15;0.7166666666666667;0.7166666666666667;0.7166666666666667;0.7166666666666667;1.013519719700718;1.013519719700718
13;25249;147;323;"{""proxy_name"": ""ZYTE_PROXY_MODE"", ""spider_name"": ""plp_centauro_com_br""}";3.85;0;0;0.485;0.485;0.485;0.8400446416709054;0.8400446416709054
14;25249;147;323;;0.9653698161607525;0.06272060819983709;0.37838854253491766;0.30416177727155863;0.30416177727155863;0.30416177727155863;0.4017971628639195;0.4017971628639195
10;25249;147;323;;0.03206498503634032;0.9367363562313331;0.6214304456088057;0.6956386068758252;0.6956386068758252;0.6956386068758252;0.4016802401498015;0.4016802401498015
11;25249;147;323;"{""percentile"": ""p50"", ""proxy_name"": ""ZYTE_PROXY_MODE"", ""spider_name"": ""pdp_centauro_com_br""}";4.633453130722046;3.296114683151245;3.282766580581665;3.282766580581665;3.282766580581665;3.282766580581665;0.027340803928705675;0.027340803928705675
11;25249;147;323;"{""percentile"": ""p50"", ""proxy_name"": ""ZYTE_PROXY_MODE"", ""spider_name"": ""plp_centauro_com_br""}";1.644442796707153;1.757039070129395;2.7101192474365234;2.489885568618774;2.489885568618774;2.489885568618774;1.2227164512929183;1.2227164512929183
6;25249;147;323;"{""percentile"": ""p95"", ""proxy_name"": ""ZYTE_PROXY_MODE"", ""spider_name"": ""pdp_centauro_com_br""}";19.89279270172119;33.39696192741394;27.878494183222454;27.878494183222454;27.878494183222454;27.878494183222454;4.079425144904814;4.079425144904814
6;25249;147;323;"{""percentile"": ""p95"", ""proxy_name"": ""ZYTE_PROXY_MODE"", ""spider_name"": ""plp_centauro_com_br""}";2.898263454437256;11.73525238037109;11.420463403066;9.325822412967682;9.325822412967682;9.325822412967682;4.218021560399368;4.218021560399368
13;25226;141;301;"{""proxy_name"": ""SCRAPE_DO"", ""spider_name"": ""pdp_magazineluiza_com_br_sellers_variants""}";0;0;1.2633333333333334;0.9842857142857143;0.8126666666666666;0.8047058823529412;1.567179970910964;1.2523442378058032
13;25226;141;301;"{""spider_name"": ""plp_magazineluiza_com_br""}";0;0;0;0;0;0;0;0
13;25226;141;301;"{""proxy_name"": ""ZYTE_PROXY_MODE"", ""spider_name"": ""plp_magazineluiza_com_br""}";0;0;0;0;0;0;0;0
35;25226;141;301;;3;3;2.6666666666666665;2.857142857142857;2.933333333333333;2.1538461538461537;0.3499271061118826;0.9483713850721502
36;25226;141;301;;4;4;4;4;4.4;4.230769230769231;0;0.5756395979652218
14;25226;141;301;;0;0;0;0;0;0.0013771493401568693;0;0.0038246891738150557
10;25226;141;301;;1;1;1;1;1;0.9986228506598431;0;0.0038246891738150557
11;25226;141;301;"{""percentile"": ""p50"", ""proxy_name"": ""SCRAPE_DO"", ""spider_name"": ""pdp_magazineluiza_com_br_sellers_variants""}";3.916728258132935;1.805577039718628;1.7280123233795166;1.6867745603833877;1.8001474539438884;1.9478449260487276;0.07696597693948935;0.6506735934961945
11;25226;141;301;"{""percentile"": ""p50"", ""spider_name"": ""plp_magazineluiza_com_br""}";0.3056826591491699;0.2854418754577637;0.23551424344380698;0.24871952193123953;0.8002820173899333;0.8002820173899333;0.08814695380483553;1.571443132243725
11;25226;141;301;"{""percentile"": ""p50"", ""proxy_name"": ""ZYTE_PROXY_MODE"", ""spider_name"": ""plp_magazineluiza_com_br""}";1.814701080322266;1.556157827377319;1.620832920074463;1.8091909204210554;1.9005953629811605;2.098274216932409;0.33344236062387106;0.7048575732706283
6;25226;141;301;"{""percentile"": ""p95"", ""proxy_name"": ""SCRAPE_DO"", ""spider_name"": ""pdp_magazineluiza_com_br_sellers_variants""}";14.23216891288757;3.687187910079956;3.833080530166626;3.314251014164516;4.4192583401997885;4.953650881262386;0.8005357177802093;3.161001933282101
6;25226;141;301;"{""percentile"": ""p95"", ""spider_name"": ""plp_magazineluiza_com_br""}";0.3763024806976318;0.4515235424041748;0.3682900269826253;0.3669492176600865;1.1121987183888753;1.1121987183888753;0.0882617489414574;2.2513404792406067
6;25226;141;301;"{""percentile"": ""p95"", ""proxy_name"": ""ZYTE_PROXY_MODE"", ""spider_name"": ""plp_magazineluiza_com_br""}";1.851016759872437;1.726555109024048;1.9609831968943279;2.1158339977264404;2.40533447265625;3.562277737785788;0.539388338541926;4.378059532616018
34;25226;141;301;;10;10;10;10.142857142857142;11.133333333333333;16.076923076923077;0.3499271061118826;5.902561874846424
16;25222;181;430;;0;0;0;0.2814285714285714;0.13133333333333333;0.07576923076923077;0.6893563990404087;0.37884615384615383
13;25222;181;430;"{""proxy_name"": ""ZYTE_PROXY_MODE"", ""spider_name"": ""pdp_amazon_com_br""}";0;0;0;0.2814285714285714;0.29266666666666663;0.274375;0.6893563990404087;0.7302736537593287
13;25222;181;430;"{""proxy_name"": ""DEFAULT"", ""spider_name"": ""plp_amazon_com_br""}";0;0;0;0;0;0;0;0
14;25222;181;430;;0.6883561643835616;0.7012522361359571;0.48568672391037554;0.6860357739766434;0.7626744049622786;0.7699231806761814;0.26341867246268774;0.18328593432145443
10;25222;181;430;;0.3116438356164384;0.29874776386404295;0.5143132760896244;0.31396422602335655;0.2373255950377215;0.23007681932381863;0.26341867246268774;0.18328593432145446
11;25222;181;430;"{""percentile"": ""p50"", ""proxy_name"": ""ZYTE_PROXY_MODE"", ""spider_name"": ""pdp_amazon_com_br""}";2.972109317779541;2.950699329376221;2.9735021591186523;3.0213707174573625;3.029432423909505;3.0268627405166626;0.07664752710734027;0.054498157729170243
11;25222;181;430;"{""percentile"": ""p50"", ""proxy_name"": ""DEFAULT"", ""spider_name"": ""plp_amazon_com_br""}";1.446662902832031;1.431802988052368;1.4515717029571533;1.4450637953622;1.437896267573039;1.4389013200998308;0.04629848140728075;0.03844323584063111
6;25222;181;430;"{""percentile"": ""p95"", ""proxy_name"": ""ZYTE_PROXY_MODE"", ""spider_name"": ""pdp_amazon_com_br""}";3.283405542373657;3.273611783981323;3.351218064626058;3.365151677812849;3.564388132095337;3.553585782647133;0.08271881159424302;0.3173975039154065
6;25222;181;430;"{""percentile"": ""p95"", ""proxy_name"": ""DEFAULT"", ""spider_name"": ""plp_amazon_com_br""}";1.899608373641968;1.750214099884033;1.767284631729126;1.7370988300868444;1.7414771238962807;1.740237534046173;0.07734154690777209;0.07110367789881773
28;25222;181;430;;100;100;100;100;100;100;0;0
30;25222;181;430;;100;100;100;100;100;100;0;0
12;25222;181;430;;0;0;0;0;0;0;0;0
6;25221;181;435;"{""percentile"": ""p95"", ""proxy_name"": ""ZYTE_PROXY_MODE"", ""spider_name"": ""plp_drogariasaopaulo_com_br""}";3.789198160171509;3.680508613586426;3.589507500330607;5.092339413506644;5.148581012090047;4.945583422978719;3.0137263737048734;2.829943921235257
31;25221;181;435;;100;100;100;100;100;100;0;0
26;25221;181;435;;0;0;0;0;0;0;0;0
2;25221;181;435;;31;31;31;31;30.933333333333334;30.96551724137931;0;0.18246560765962694
32;25221;181;435;;100;100;100;100;100;100;0;0
28;25221;181;435;;100;100;100;100;100;100;0;0
13;25220;181;438;"{""proxy_name"": ""ZYTE_PROXY_MODE"", ""spider_name"": ""pdp_drogariaspacheco_com_br""}";0;0;0;0;0;0;0;0
13;25220;181;438;"{""proxy_name"": ""ZYTE_PROXY_MODE"", ""spider_name"": ""plp_drogariaspacheco_com_br""}";0;0;0;9.142857142857142;4.266666666666667;3.3684210526315788;22.395334791160487;14.291000209243908
14;25220;181;438;;0;0;0;0;0;0;0;0
13;25248;148;326;"{""proxy_name"": ""ZYTE_PROXY_MODE"", ""spider_name"": ""pdp_paris_cl""}";0;0;0;0;0;0;0;0
13;25248;148;326;"{""proxy_name"": ""ZYTE_PROXY_MODE"", ""spider_name"": ""plp_paris_cl""}";0;0;0;0;0;0;0;0
14;25248;148;326;;0;0;0.023399014778325122;0.05793319882231309;0.05793319882231309;0.05793319882231309;0.06742326959666964;0.06742326959666964
10;25248;148;326;;1;1;0.9766009852216749;0.9420668011776869;0.9420668011776869;0.9420668011776869;0.06742326959666967;0.06742326959666967
11;25248;148;326;"{""percentile"": ""p50"", ""proxy_name"": ""ZYTE_PROXY_MODE"", ""spider_name"": ""pdp_paris_cl""}";1.739418506622314;1.768834590911865;1.8420933882395427;1.9380115667978923;1.9380115667978923;1.9380115667978923;0.2679172261972776;0.2679172261972776
11;25248;148;326;"{""percentile"": ""p50"", ""proxy_name"": ""ZYTE_PROXY_MODE"", ""spider_name"": ""plp_paris_cl""}";1.865652084350586;1.949896812438965;1.9217883745829265;2.005671501159668;2.005671501159668;2.005671501159668;0.19028233398674121;0.19028233398674121
6;25248;148;326;"{""percentile"": ""p95"", ""proxy_name"": ""ZYTE_PROXY_MODE"", ""spider_name"": ""pdp_paris_cl""}";2.161659240722656;2.654730081558228;4.6171878178914385;4.515003005663554;4.515003005663554;4.515003005663554;2.7519178437076315;2.7519178437076315
6;25248;148;326;"{""percentile"": ""p95"", ""proxy_name"": ""ZYTE_PROXY_MODE"", ""spider_name"": ""plp_paris_cl""}";2.292237997055054;2.30810284614563;2.3504370053609214;2.877158800760905;2.877158800760905;2.877158800760905;0.6624034826167321;0.6624034826167321
13;25247;147;325;"{""proxy_name"": ""ZYTE_PROXY_MODE"", ""spider_name"": ""pdp_prospin_com_br""}";7.61;8.6;2.8666666666666667;1.4333333333333333;1.4333333333333333;1.4333333333333333;3.2050307677496983;3.2050307677496983
13;25247;147;325;"{""proxy_name"": ""ZYTE_PROXY_MODE"", ""spider_name"": ""plp_prospin_com_br""}";0;0;0;0;0;0;0;0
35;25247;147;325;;1;1;1;1;1;1;0;0
36;25247;147;325;;1;1;1;1;1;1;0;0
14;25247;147;325;;0;0;0.0032362459546925564;0.0016181229773462782;0.0016181229773462782;0.0016181229773462782;0.00361823297330063;0.00361823297330063
10;25247;147;325;;1;1;0.9967637540453075;0.9983818770226538;0.9983818770226538;0.9983818770226538;0.0036182329733006288;0.0036182329733006288
11;25247;147;325;"{""percentile"": ""p50"", ""proxy_name"": ""ZYTE_PROXY_MODE"", ""spider_name"": ""pdp_prospin_com_br""}";1.885852575302124;10.75585389137268;5.218246301015218;3.9243271350860596;3.9243271350860596;3.9243271350860596;3.093933247156913;3.093933247156913
11;25247;147;325;"{""percentile"": ""p50"", ""proxy_name"": ""ZYTE_PROXY_MODE"", ""spider_name"": ""plp_prospin_com_br""}";1.795772790908813;11.77386713027954;6.529775381088257;4.790449619293213;4.790449619293213;4.790449619293213;3.3492693096279282;3.3492693096279282
6;25247;147;325;"{""percentile"": ""p95"", ""proxy_name"": ""ZYTE_PROXY_MODE"", ""spider_name"": ""pdp_prospin_com_br""}";3.178022623062134;12.02275228500366;10.595530192057291;8.861620585123697;8.861620585123697;8.861620585123697;2.1799476510002216;2.1799476510002216
6;25247;147;325;"{""percentile"": ""p95"", ""proxy_name"": ""ZYTE_PROXY_MODE"", ""spider_name"": ""plp_prospin_com_br""}";2.030317306518555;12.10934448242188;11.233347733815513;10.470633625984194;10.470633625984194;10.470633625984194;5.470749095635339;5.470749095635339
34;25247;147;325;;1;1;1;1;1;1;0;0
30;25247;147;325;;100;100;100;100;100;100;0;0
12;25247;147;325;;0;0;0;0;0;0;0;0
13;25246;149;331;"{""proxy_name"": ""ZYTE_PROXY_MODE"", ""spider_name"": ""pdp_dafiti_com_co""}";21.05;0;0;0;0;0;0;0
13;25246;149;331;"{""proxy_name"": ""ZYTE_PROXY_MODE"", ""spider_name"": ""plp_dafiti_com_co""}";0;0;0;0;0;0;0;0
35;25246;149;331;;1;1;1;1;1;1;0;0
36;25246;149;331;;1;1;1;1;1.4666666666666666;1.5;0;0.5
14;25246;149;331;;0.8787878787878788;0.5;0.3413892688858489;0.3096726260672673;0.3096726260672673;0.3096726260672673;0.0861673869522036;0.0861673869522036
10;25246;149;331;;0.12121212121212122;0.5;0.658610731114151;0.6903273739327327;0.6903273739327327;0.6903273739327327;0.08616738695220359;0.08616738695220359
11;25246;149;331;"{""percentile"": ""p50"", ""proxy_name"": ""ZYTE_PROXY_MODE"", ""spider_name"": ""pdp_dafiti_com_co""}";2.630232810974121;2.286499738693237;2.0327553749084473;1.8995855649312336;1.8995855649312336;1.8995855649312336;0.2187927008264423;0.2187927008264423
11;25246;149;331;"{""percentile"": ""p50"", ""proxy_name"": ""ZYTE_PROXY_MODE"", ""spider_name"": ""plp_dafiti_com_co""}";2.209244966506958;2.60637903213501;3.3509465058644614;2.912312626838684;2.912312626838684;2.912312626838684;1.08094365611171;1.08094365611171
6;25246;149;331;"{""percentile"": ""p95"", ""proxy_name"": ""ZYTE_PROXY_MODE"", ""spider_name"": ""pdp_dafiti_com_co""}";3.434050321578979;2.788955211639404;3.4490342140197754;3.809515595436096;3.809515595436096;3.809515595436096;1.4666339297470063;1.4666339297470063
6;25246;149;331;"{""percentile"": ""p95"", ""proxy_name"": ""ZYTE_PROXY_MODE"", ""spider_name"": ""plp_dafiti_com_co""}";2.209244966506958;2.60637903213501;3.3509465058644614;2.912312626838684;2.912312626838684;2.912312626838684;1.08094365611171;1.08094365611171
34;25246;149;331;;2;2;1.6666666666666667;1.7142857142857142;1.8;1.7777777777777777;0.45175395145262565;0.41573970964154905
18;25245;108;224;;100;100;100;99.99571428571429;99.99266666666666;99.95714285714284;0.0049487165930564665;0.05554002050369434
19;25245;108;224;;11;11;11;11;11;11;0;0
9;25245;108;224;;0;0;0;0;0;0;0;0
20;25245;108;224;;0;0;0;0;0;0;0;0
8;25245;108;224;;0;0;0;0;0;0;0;0
15;25245;108;224;;0;;;;;;;
24;25245;108;224;;0;0;0;0;0;0;0;0
23;25245;108;224;;0.17;0.1;0.21;0.15857142857142859;0.20333333333333334;0.2082142857142857;0.10245954901166347;0.22253496629628747
22;25245;108;224;;0.15;0.05;0.07666666666666667;0.10714285714285714;0.09933333333333333;0.10392857142857144;0.05724989974146823;0.07027188452789665
25;25245;108;224;;0.09;0;0.02666666666666667;0.05714285714285715;0.06133333333333334;0.0675;0.04299976269512118;0.05997767441783175
16;25245;108;224;;7.3;9.38;7.136666666666667;6.658571428571428;6.520666666666667;6.6692857142857145;1.2766410007899478;1.4985252954903665
13;25245;108;224;"{""proxy_name"": ""CHARTED_SEA"", ""spider_name"": ""pdp_shopee_com_br""}";0;0;0;0;0;0;0;0
13;25245;108;224;"{""proxy_name"": ""ZYTE"", ""spider_name"": ""pdp_shopee_com_br""}";11.07;10.39;9.556666666666667;6.1657142857142855;3.7239999999999998;2.8424137931034483;3.839128834004094;2.7525707797876486
7;25245;108;224;;0;0;0;0;0;0;0;0
35;25245;108;224;;2;2;2;2;2;2;0;0
36;25245;108;224;;11;10;10;10.142857142857142;10.466666666666667;10.5;0.3499271061118826;0.5
5;25245;108;224;;0;0;0;0;0;0;0;0
21;25245;108;224;;0;;;;;;;
14;25245;108;224;;0;0;0;0.025870943443158653;0.02036547587813188;0.01105244516647212;0.04556896676199733;0.0322134086937967
10;25245;108;224;;0.9711815561959655;1;0.9896373056994818;0.9602142156912038;0.9671648479327366;0.9803072263150001;0.04794215599526483;0.03827838866172368
11;25245;108;224;"{""percentile"": ""p50"", ""proxy_name"": ""CHARTED_SEA"", ""spider_name"": ""pdp_shopee_com_br""}";0.479;0.456;0.4706666666666666;0.47800000000000004;0.4765;0.4765;0.010309496315810686;0.011572236891226622
11;25245;108;224;"{""percentile"": ""p50"", ""proxy_name"": ""ZYTE"", ""spider_name"": ""pdp_shopee_com_br""}";35.276;35.579;30.943;25.122285714285713;22.6782;21.657275862068968;6.50200759577457;3.7524616186927466
6;25245;108;224;"{""percentile"": ""p95"", ""proxy_name"": ""CHARTED_SEA"", ""spider_name"": ""pdp_shopee_com_br""}";0.732;0.667;0.6986666666666667;0.7022857142857143;0.7109166666666668;0.7109166666666668;0.019076644551569794;0.018701418543938177
6;25245;108;224;"{""percentile"": ""p95"", ""proxy_name"": ""ZYTE"", ""spider_name"": ""pdp_shopee_com_br""}";57.947;53.122;60.845333333333336;65.38914285714286;56.06806666666667;54.922724137931034;8.76400047969894;9.600026644706384
4;25245;108;224;;7353;7544;7460;7380.142857142857;7455.8;7596.071428571428;162.05239767382875;255.4708438174821
29;25245;108;224;;100;100;100;100;100;100;0;0
27;25245;108;224;;100;100;100;100;100;100;0;0
31;25245;108;224;;100;100;100;100;100;100;0;0
34;25245;108;224;;681;642;657.3333333333334;656.5714285714286;660.5333333333333;660.9642857142857;13.688964719877132;16.933656559934004
26;25245;108;224;;0;0;0;0;0;0;0;0
2;25245;108;224;;7353;7544;7460;7380.142857142857;7455.8;7596.071428571428;162.05239767382875;255.4708438174821
32;25245;108;224;;100;100;100;100;100;100;0;0
28;25245;108;224;;0;0;0;0;0.0006666666666666666;0.00035714285714285714;0;0.0018557687223952257
30;25245;108;224;;100;100;100;100;100;100;0;0
12;25245;108;224;;0;0;0;0;0;0;0;0
18;25244;149;330;;48.94;48.42;48.419999999999995;49.019999999999996;50.02;51.99103448275862;0.9486832980505144;2.263418752040107
19;25244;149;330;;2;2;2;2;2;2;0;0
9;25244;149;330;;0;0;0;0;0;0;0;0
20;25244;149;330;;0;0;0;0;0;0;0;0
8;25244;149;330;;0;0;0;0;0;0;0;0
13;25244;149;330;"{""proxy_name"": ""ZYTE_PROXY_MODE"", ""spider_name"": ""pdp_prochampions_com""}";9.33;0;0;0;0;0;0;0
13;25244;149;330;"{""proxy_name"": ""ZYTE_PROXY_MODE"", ""spider_name"": ""plp_prochampions_com""}";0;0;0;0;0;0;0;0
7;25244;149;330;;0;0;0;0;0;0;0;0
35;25244;149;330;;1;1;1;1;1;1;0;0
36;25244;149;330;;1;1;1;1;1;1;0;0
5;25244;149;330;;0;0;0;0;0;0;0;0
21;25244;149;330;;0;;;;;;;
14;25244;149;330;;0;0;0.0024691358024691358;0.0012345679012345679;0.0012345679012345679;0.0012345679012345679;0.0027605777499997404;0.0027605777499997404
10;25244;149;330;;1;1;0.9975308641975308;0.9987654320987654;0.9987654320987654;0.9987654320987654;0.0027605777499997443;0.0027605777499997443
11;25244;149;330;"{""percentile"": ""p50"", ""proxy_name"": ""ZYTE_PROXY_MODE"", ""spider_name"": ""pdp_prochampions_com""}";3.1512291431427;2.948655128479004;3.2337817351023355;3.1928974390029907;3.1928974390029907;3.1928974390029907;0.23470363150130025;0.23470363150130025
11;25244;149;330;"{""percentile"": ""p50"", ""proxy_name"": ""ZYTE_PROXY_MODE"", ""spider_name"": ""plp_prochampions_com""}";4.467108488082886;4.59933066368103;4.81222407023112;4.766271034876506;4.766271034876506;4.766271034876506;0.4777179078124091;0.4777179078124091
6;25244;149;330;"{""percentile"": ""p95"", ""proxy_name"": ""ZYTE_PROXY_MODE"", ""spider_name"": ""pdp_prochampions_com""}";4.64403510093689;4.536302804946899;9.917686462402344;7.103880286216736;7.103880286216736;7.103880286216736;6.17063105800734;6.17063105800734
6;25244;149;330;"{""percentile"": ""p95"", ""proxy_name"": ""ZYTE_PROXY_MODE"", ""spider_name"": ""plp_prochampions_com""}";7.067455291748047;5.493234395980835;7.739277044932048;9.726803302764893;9.726803302764893;9.726803302764893;5.830308289414734;5.830308289414734
4;25244;149;330;;94;95;95;95.57142857142857;96.73333333333333;97.89655172413794;0.9035079029052513;1.6472511603443016
29;25244;149;330;;100;100;100;100;100;100;0;0
27;25244;149;330;;100;100;100;100;100;100;0;0
31;25244;149;330;;100;100;100;100;100;100;0;0
34;25244;149;330;;1;1;1;1;1;1;0;0
26;25244;149;330;;0;0;0;0;0;0;0;0
2;25244;149;330;;94;95;95;95.57142857142857;96.73333333333333;97.89655172413794;0.9035079029052513;1.6472511603443016
32;25244;149;330;;100;100;100;100;100;100;0;0
28;25244;149;330;;100;100;100;100;100;100;0;0
30;25244;149;330;;100;100;100;100;100;100;0;0
12;25244;149;330;;0;0;0;0;0;0;0;0
18;25243;147;321;;44.03;42.94;42.276666666666664;41.93857142857143;44.51;46.9051724137931;1.2142655460509972;3.382693907778497
19;25243;147;321;;1;1;1;1;1;1;0;0
9;25243;147;321;;0;0;0;0;0;0;0;0
20;25243;147;321;;0;0;0;0;0;0;0;0
8;25243;147;321;;0;0;0;0;0;0;0;0
13;25243;147;321;"{""proxy_name"": ""ZYTE_PROXY_MODE"", ""spider_name"": ""pdp_wtennis_com_br""}";0;0;0;0;0;0;0;0
13;25243;147;321;"{""proxy_name"": ""ZYTE_PROXY_MODE"", ""spider_name"": ""plp_wtennis_com_br""}";0;0;0;0;0;0;0;0
7;25243;147;321;;0;0;0;0;0;0;0;0
35;25243;147;321;;1;1;1;1;1;1;0;0
36;25243;147;321;;1;1;1;1;1;1;0;0
5;25243;147;321;;0;0;0;0;0;0;0;0
21;25243;147;321;;0;;;;;;;
14;25243;147;321;;0;0;0;0.002691092237803674;0.002691092237803674;0.002691092237803674;0.004444165548212333;0.004444165548212333
10;25243;147;321;;1;1;1;0.9973089077621964;0.9973089077621964;0.9973089077621964;0.004444165548212344;0.004444165548212344
11;25243;147;321;"{""percentile"": ""p50"", ""proxy_name"": ""ZYTE_PROXY_MODE"", ""spider_name"": ""pdp_wtennis_com_br""}";2.364171743392944;2.56043529510498;2.5287222067515054;2.4326730966567993;2.4326730966567993;2.4326730966567993;0.1137185845825746;0.1137185845825746
11;25243;147;321;"{""percentile"": ""p50"", ""proxy_name"": ""ZYTE_PROXY_MODE"", ""spider_name"": ""plp_wtennis_com_br""}";1.212988376617432;1.696558475494385;1.5887014865875246;1.5682002544403078;1.5682002544403078;1.5682002544403078;0.075856376887905;0.075856376887905
6;25243;147;321;"{""percentile"": ""p95"", ""proxy_name"": ""ZYTE_PROXY_MODE"", ""spider_name"": ""pdp_wtennis_com_br""}";4.614014625549316;4.836442232131958;8.883395433425902;6.543269515037536;6.543269515037536;6.543269515037536;4.924245423111739;4.924245423111739
6;25243;147;321;"{""percentile"": ""p95"", ""proxy_name"": ""ZYTE_PROXY_MODE"", ""spider_name"": ""plp_wtennis_com_br""}";1.697463274002075;1.765196084976196;1.6449670791625977;1.7215629100799563;1.7215629100799563;1.7215629100799563;0.15935124244577778;0.15935124244577778
4;25243;147;321;;159;163;161.66666666666666;159.42857142857142;154.8;151.75862068965517;3.958973274443148;10.490242337734601
29;25243;147;321;;100;100;100;100;100;100;0;0
27;25243;147;321;;100;100;100;100;100;100;0;0
31;25243;147;321;;100;100;100;100;100;100;0;0
34;25243;147;321;;1;1;1;1;1;1;0;0
26;25243;147;321;;0;0;0;0;0;0;0;0
2;25243;147;321;;159;163;161.66666666666666;159.42857142857142;154.8;151.75862068965517;3.958973274443148;10.490242337734601
32;25243;147;321;;100;100;100;100;100;100;0;0
28;25243;147;321;;100;100;100;100;100;100;0;0
30;25243;147;321;;100;100;100;100;100;100;0;0
12;25243;147;321;;0;0;0;0;0;0;0;0
16;25242;147;322;;81.58;66.67;74.60333333333334;82.762;82.762;82.762;17.675549666134856;17.675549666134856
13;25242;147;322;"{""proxy_name"": ""ZYTE_PROXY_MODE"", ""spider_name"": ""pdp_netshoes_com_br""}";1.33;0;0;0;1.7713333333333334;1.2822727272727272;0;5.528774261507766
13;25242;147;322;"{""proxy_name"": ""ZYTE_PROXY_MODE"", ""spider_name"": ""plp_netshoes_com_br""}";0;0;0;0;0;0;0;0
35;25242;147;322;;2;4;3.3333333333333335;3.142857142857143;3.2;3.125;0.989743318610787;1.092111868506763
36;25242;147;322;;2;18;12.333333333333334;12.285714285714286;11.866666666666667;12.708333333333334;5.993193418115152;6.1608925670086325
14;25242;147;322;;0;0.005958291956305859;0.004638839563837384;0.0028412357237870963;0.001519195376136616;0.0014892102478888274;0.002152519827976211;0.001681305072400939
10;25242;147;322;;1;0.9940417080436942;0.9953611604361626;0.9971587642762129;0.9984208525854942;0.9983463205821014;0.0021525198279762035;0.0017264959345432546
11;25242;147;322;"{""percentile"": ""p50"", ""proxy_name"": ""ZYTE_PROXY_MODE"", ""spider_name"": ""pdp_netshoes_com_br""}";0.9790027141571045;0.9951415061950684;1.001969814300537;0.9933092594146729;0.9873819351196289;0.9959589784795587;0.016433946366184195;0.02718321414274093
11;25242;147;322;"{""percentile"": ""p50"", ""proxy_name"": ""ZYTE_PROXY_MODE"", ""spider_name"": ""plp_netshoes_com_br""}";1.065050601959229;1.568691253662109;1.227942069371541;1.256688152040754;1.279867378870646;1.284522912719033;0.26794445903065917;0.43139238888164727
6;25242;147;322;"{""percentile"": ""p95"", ""proxy_name"": ""ZYTE_PROXY_MODE"", ""spider_name"": ""pdp_netshoes_com_br""}";1.938657283782959;1.948226451873779;2.6566896438598633;2.2823374271392822;2.649272362391154;2.4434797655452383;0.7070554820079327;1.5644097342647374
6;25242;147;322;"{""percentile"": ""p95"", ""proxy_name"": ""ZYTE_PROXY_MODE"", ""spider_name"": ""plp_netshoes_com_br""}";1.746419429779053;2.891491651535034;2.725914637247721;2.2606645992824013;2.300412670771281;2.3791400736028496;0.8419705370084317;0.9483704427973267
4;25242;147;322;;671;640;437.6666666666667;545.2857142857143;571.4666666666667;586.9583333333334;203.4816343314651;121.58415438379387
29;25242;147;322;;100;100;100;100;100;100;0;0
27;25242;147;322;;100;100;100;100;100;100;0;0
31;25242;147;322;;100;100;100;100;100;100;0;0
34;25242;147;322;;2;186;124;112.14285714285714;111.73333333333333;113.95833333333333;83.31768560572165;80.66984110489427
26;25242;147;322;;0;0;0;0;0;0;0;0
2;25242;147;322;;4779;4527;3125.6666666666665;3869.5714285714284;4022.4;4189.083333333333;1405.0813761022482;853.93422447061
32;25242;147;322;;100;100;100;100;100;100;0;0
28;25242;147;322;;100;100;100;100;100;100;0;0
30;25242;147;322;;100;100;100;100;100;100;0;0
12;25242;147;322;;0;0;0;0;0;0;0;0
13;25241;148;328;"{""proxy_name"": ""ZYTE_PROXY_MODE"", ""spider_name"": ""pdp_marathon_cl""}";0;0;0;0;0;0;0;0
13;25241;148;328;"{""proxy_name"": ""ZYTE_PROXY_MODE"", ""spider_name"": ""plp_marathon_cl""}";0;0;0;0;0;0;0;0
35;25241;148;328;;1;1;1;1;1;1;0;0
36;25241;148;328;;1;1;1;1;1;1;0;0
14;25241;148;328;;0;0;0.01075268817204301;0.007207845917523337;0.007207845917523337;0.007207845917523337;0.011899739718573681;0.011899739718573681
10;25241;148;328;;1;1;0.989247311827957;0.9927921540824767;0.9927921540824767;0.9927921540824767;0.011899739718573669;0.011899739718573669
11;25241;148;328;"{""percentile"": ""p50"", ""proxy_name"": ""ZYTE_PROXY_MODE"", ""spider_name"": ""pdp_marathon_cl""}";9.79615831375122;9.486579895019531;9.22257431348165;9.409303466478983;9.409303466478983;9.409303466478983;2.056398096082886;2.056398096082886
11;25241;148;328;"{""percentile"": ""p50"", ""proxy_name"": ""ZYTE_PROXY_MODE"", ""spider_name"": ""plp_marathon_cl""}";2.436960935592651;2.513359069824219;2.4592444896698;2.0841012001037598;2.0841012001037598;2.0841012001037598;0.46902712409083136;0.46902712409083136
6;25241;148;328;"{""percentile"": ""p95"", ""proxy_name"": ""ZYTE_PROXY_MODE"", ""spider_name"": ""pdp_marathon_cl""}";14.11068487167358;14.73735404014587;22.681826988856;18.16058059533437;18.16058059533437;18.16058059533437;8.57650321285637;8.57650321285637
6;25241;148;328;"{""percentile"": ""p95"", ""proxy_name"": ""ZYTE_PROXY_MODE"", ""spider_name"": ""plp_marathon_cl""}";2.995792150497437;3.162077903747559;3.41347082455953;3.409803295135498;3.409803295135498;3.409803295135498;0.5273271139780278;0.5273271139780278
34;25241;148;328;;1;1;1;1;1;1;0;0
16;25240;147;324;;0;0;0;5.714285714285714;12.974545454545455;12.974545454545455;13.997084244475303;29.780517232102774
13;25240;147;324;"{""proxy_name"": ""ZYTE_PROXY_MODE"", ""spider_name"": ""pdp_bayardesportes_com_br""}";10.67;0;0;0;0;0;0;0
13;25240;147;324;"{""proxy_name"": ""ZYTE_PROXY_MODE"", ""spider_name"": ""plp_bayardesportes_com_br""}";0;0;0;0;0;0;0;0
35;25240;147;324;;1;1;1;1;1;1;0;0
36;25240;147;324;;1;1;1;1;1;1;0;0
14;25240;147;324;;0.01098901098901099;0.010638297872340425;0.01430130153534409;0.054530581168183566;0.054530581168183566;0.054530581168183566;0.09318073726977917;0.09318073726977917
10;25240;147;324;;0.989010989010989;0.9893617021276596;0.985698698464656;0.9454694188318165;0.9454694188318165;0.9454694188318165;0.09318073726977916;0.09318073726977916
11;25240;147;324;"{""percentile"": ""p50"", ""proxy_name"": ""ZYTE_PROXY_MODE"", ""spider_name"": ""pdp_bayardesportes_com_br""}";2.393070936203003;2.289977550506592;2.3601241906483965;2.2998600403467813;2.2998600403467813;2.2998600403467813;0.130642940179697;0.130642940179697
11;25240;147;324;"{""percentile"": ""p50"", ""proxy_name"": ""ZYTE_PROXY_MODE"", ""spider_name"": ""plp_bayardesportes_com_br""}";4.655714750289917;4.027233362197876;4.5435458819071455;4.5261794328689575;4.5261794328689575;4.5261794328689575;0.30536532322173715;0.30536532322173715
6;25240;147;324;"{""percentile"": ""p95"", ""proxy_name"": ""ZYTE_PROXY_MODE"", ""spider_name"": ""pdp_bayardesportes_com_br""}";3.484099388122559;3.46466326713562;5.402848561604817;4.237320423126221;4.237320423126221;4.237320423126221;2.4856042179396303;2.4856042179396303
6;25240;147;324;"{""percentile"": ""p95"", ""proxy_name"": ""ZYTE_PROXY_MODE"", ""spider_name"": ""plp_bayardesportes_com_br""}";5.567788124084473;4.027233362197876;10.225989818572998;8.82323682308197;8.82323682308197;8.82323682308197;5.217971371394538;5.217971371394538
34;25240;147;324;;1;1;1;1;1;1;0;0
2;25240;147;324;;78;78;77.33333333333333;77;76.6;71.48275862068965;0.7559289460184545;8.552558357531236
32;25240;147;324;;100;100;100;100;100;100;0;0
28;25240;147;324;;100;100;100;100;100;100;0;0
30;25240;147;324;;100;100;100;100;100;100;0;0
12;25240;147;324;;0;0;0;0;0;0;0;0
18;25239;149;332;;100;100;100;100;100;100;0;0
19;25239;149;332;;2;2;2;2;2;2;0;0
9;25239;149;332;;0;0;0;0;0;0;0;0
20;25239;149;332;;0;0;0;0;0;0;0;0
8;25239;149;332;;0;0;0;0;0;0;0;0
13;25239;149;332;"{""proxy_name"": ""ZYTE_PROXY_MODE"", ""spider_name"": ""pdp_runningbalboa_com_co""}";0;0;0;0;0;0;0;0
13;25239;149;332;"{""proxy_name"": ""ZYTE_PROXY_MODE"", ""spider_name"": ""plp_runningbalboa_com_co""}";0;0;0;0;0;0;0;0
7;25239;149;332;;0;0;0;0;0;0;0;0
35;25239;149;332;;1;1;1;1;1;1;0;0
36;25239;149;332;;1;1;1;1;1;1;0;0
5;25239;149;332;;0;0;0;0;0;0;0;0
21;25239;149;332;;0;;;;;;;
14;25239;149;332;;0;0;0;0;0;0;0;0
10;25239;149;332;;1;1;1;1;1;1;0;0
11;25239;149;332;"{""percentile"": ""p50"", ""proxy_name"": ""ZYTE_PROXY_MODE"", ""spider_name"": ""pdp_runningbalboa_com_co""}";1.314525842666626;1.467199087142944;1.391021490097046;1.3459043900171916;1.3459043900171916;1.3459043900171916;0.06373423317523141;0.06373423317523141
11;25239;149;332;"{""percentile"": ""p50"", ""proxy_name"": ""ZYTE_PROXY_MODE"", ""spider_name"": ""plp_runningbalboa_com_co""}";1.55167031288147;1.59429407119751;1.4763743877410889;1.4660743713378908;1.4660743713378908;1.4660743713378908;0.09210335741997291;0.09210335741997291
6;25239;149;332;"{""percentile"": ""p95"", ""proxy_name"": ""ZYTE_PROXY_MODE"", ""spider_name"": ""pdp_runningbalboa_com_co""}";1.66436243057251;3.252905130386353;12.06157914797465;6.872491002082825;6.872491002082825;6.872491002082825;10.88819635383784;10.88819635383784
6;25239;149;332;"{""percentile"": ""p95"", ""proxy_name"": ""ZYTE_PROXY_MODE"", ""spider_name"": ""plp_runningbalboa_com_co""}";1.710294008255005;1.619808197021484;6.807582219441731;4.76567587852478;4.76567587852478;4.76567587852478;6.001440991085623;6.001440991085623
4;25239;149;332;;24;24;24;24;24;24;0;0
29;25239;149;332;;100;100;100;100;100;100;0;0
27;25239;149;332;;100;100;100;100;100;100;0;0
31;25239;149;332;;100;100;100;100;100;100;0;0
34;25239;149;332;;1;1;1;1;1;1;0;0
26;25239;149;332;;0;0;0;0;0;0;0;0
2;25239;149;332;;24;24;24;24;24;24;0;0
32;25239;149;332;;100;100;100;100;100;100;0;0
28;25239;149;332;;100;100;100;100;100;100;0;0
30;25239;149;332;;100;100;100;100;100;100;0;0
12;25239;149;332;;0;0;0;0;0;0;0;0
18;25238;181;432;;80.95;85.71;80.95;81.63;81.902;82.42724137931035;3.9650472884948025;3.0882367433723927
19;25238;181;432;;2;2;2;2;2;2;0;0
9;25238;181;432;;0;0;0;0;0;0;0;0
20;25238;181;432;;0;0;0;0;0;0;0;0
8;25238;181;432;;0;0;0;0;0;0;0;0
15;25238;181;432;;0;;;;;;;
24;25238;181;432;;0;0;0;0;0;0;0;0
23;25238;181;432;;0;0;0;0;0;0;0;0
22;25238;181;432;;0;0;0;0;0;0;0;0
25;25238;181;432;;0;0;0;0;0;0;0;0
16;25238;181;432;;0;0;0;0;0;0;0;0
13;25238;181;432;"{""proxy_name"": ""ZYTE_PROXY_MODE"", ""spider_name"": ""pdp_belezanaweb_com_br""}";0;0;0;0;0;0;0;0
13;25238;181;432;"{""proxy_name"": ""ZYTE_PROXY_MODE"", ""spider_name"": ""plp_belezanaweb_com_br""}";0;0;0;10.052857142857144;4.691333333333334;3.703684210526316;24.62437045709318;15.713401323820216
7;25238;181;432;;0;0;0;0;0;0;0;0
35;25238;181;432;;1;1;2;2.2857142857142856;2.066666666666667;2.263157894736842;1.2777531299998799;1.2913520154089786
36;25238;181;432;;6;1;3.6666666666666665;3.4285714285714284;3.2;3.3157894736842106;2.381904571504724;2.225513106512208
5;25238;181;432;;0;0;0;0;0;0;0;0
21;25238;181;432;;0;;;;;;;
14;25238;181;432;;0;0;0;0;0;0;0;0
10;25238;181;432;;1;1;1;1;1;1;0;0
11;25238;181;432;"{""percentile"": ""p50"", ""proxy_name"": ""ZYTE_PROXY_MODE"", ""spider_name"": ""pdp_belezanaweb_com_br""}";1.244336366653442;1.193249702453613;1.204928159713745;1.2339057922363281;1.2362971464792887;1.2294669025822689;0.029969066640530572;0.03919123179574194
11;25238;181;432;"{""percentile"": ""p50"", ""proxy_name"": ""ZYTE_PROXY_MODE"", ""spider_name"": ""plp_belezanaweb_com_br""}";1.422967433929443;1.378323554992676;1.369390885035197;1.3791125842503138;1.3795826276143393;1.370410078450253;0.03493129008281831;0.0333980856613302
6;25238;181;432;"{""percentile"": ""p95"", ""proxy_name"": ""ZYTE_PROXY_MODE"", ""spider_name"": ""pdp_belezanaweb_com_br""}";1.458498001098633;1.43086576461792;1.4650042851765954;2.958756276539394;3.646891069412232;3.262437594564338;3.494918196771111;3.588105583554176
6;25238;181;432;"{""percentile"": ""p95"", ""proxy_name"": ""ZYTE_PROXY_MODE"", ""spider_name"": ""plp_belezanaweb_com_br""}";2.031432867050171;1.785618305206299;1.9034690062204997;1.814643110547747;3.2227558294932046;3.0837857221302234;0.13598763832231325;2.9778594891699885
4;25238;181;432;;21;21;21;21;21;21;0;0
29;25238;181;432;;100;100;100;100;100;100;0;0
27;25238;181;432;;100;100;100;100;100;100;0;0
31;25238;181;432;;100;100;100;100;100;100;0;0
34;25238;181;432;;6;1;5;4.571428571428571;4.2;4.421052631578948;4.135461378894322;3.8704792233368916
26;25238;181;432;;0;0;0;0;0;0;0;0
2;25238;181;432;;78;87;82.66666666666667;82;81.86666666666666;83.55172413793103;2.9277002188455996;3.5485422640518443
32;25238;181;432;;100;100;100;100;100;100;0;0
28;25238;181;432;;100;100;100;100;100;100;0;0
30;25238;181;432;;100;100;100;100;100;100;0;0
12;25238;181;432;;0;0;0;0;0;0;0;0
18;25237;181;431;;97.22;97.22;97.21999999999998;97.17428571428572;96.98666666666666;97.02206896551724;0.03958973274443064;0.4915940244743932
19;25237;181;431;;2;2;2;2;2;2;0;0
9;25237;181;431;;0;0;0;0;0;0;0;0
20;25237;181;431;;0;0;0;0;0;0;0;0
8;25237;181;431;;0;0;0;0;0;0;0;0
15;25237;181;431;;0;;;;;;;
13;25237;181;431;"{""proxy_name"": ""DEFAULT"", ""spider_name"": ""pdp_epocacosmeticos_com_br""}";0;0;0;0;0;0;0;0
13;25237;181;431;"{""proxy_name"": ""ZYTE_PROXY_MODE"", ""spider_name"": ""plp_epocacosmeticos_com_br""}";0;0;0;13.445714285714287;6.274666666666667;4.953684210526316;32.93513922725039;21.016702182719325
7;25237;181;431;;0;0;0;0;0;0;0;0
5;25237;181;431;;0;0;0;0;0;0;0;0
14;25237;181;431;;0.01;0.01;0.01;0.008658892128279883;0.00472108843537415;0.0048236663086287145;0.0035362400466603626;0.005085684967938949
10;25237;181;431;;0.99;0.99;0.9899999999999999;0.99134110787172;0.9952789115646258;0.9951763336913713;0.0035362400466603665;0.005085684967938949
11;25237;181;431;"{""percentile"": ""p50"", ""proxy_name"": ""DEFAULT"", ""spider_name"": ""pdp_epocacosmeticos_com_br""}";1.248849153518677;1.028810024261475;1.0134630997975667;1.130990403039115;1.0925561904907226;1.0788934230804443;0.1533903522979061;0.11063108639885043
11;25237;181;431;"{""percentile"": ""p50"", ""proxy_name"": ""ZYTE_PROXY_MODE"", ""spider_name"": ""plp_epocacosmeticos_com_br""}";1.159927368164062;1.16386342048645;1.1543166637420652;1.3848374230521063;1.2664786179860432;1.233834894079911;0.48052362074496635;0.3159268512772964
6;25237;181;431;"{""percentile"": ""p95"", ""proxy_name"": ""DEFAULT"", ""spider_name"": ""pdp_epocacosmeticos_com_br""}";1.866025924682617;1.701172351837158;1.533599774042765;1.8810395172664098;2.637551546096802;2.6571380339170756;0.4066173836291972;2.1423678078662203
6;25237;181;431;"{""percentile"": ""p95"", ""proxy_name"": ""ZYTE_PROXY_MODE"", ""spider_name"": ""plp_epocacosmeticos_com_br""}";1.348007440567017;1.407830953598022;1.475724458694458;1.680361066545759;2.8856082757314048;2.843269812433343;0.3835678410684082;2.992209434339876
12;25237;181;431;;0;0;0;0;0;0;0;0
13;25236;181;437;"{""proxy_name"": ""ZYTE_PROXY_MODE"", ""spider_name"": ""pdp_drogariavenancio_com_br""}";0;0;0;0;0;0;0;0
13;25236;181;437;"{""proxy_name"": ""ZYTE_PROXY_MODE"", ""spider_name"": ""plp_drogariavenancio_com_br""}";0;0;0;0;0;0;0;0
14;25236;181;437;;0;0;0;0;0;0;0;0
10;25236;181;437;;1;1;1;1;1;1;0;0
11;25236;181;437;"{""percentile"": ""p50"", ""proxy_name"": ""ZYTE_PROXY_MODE"", ""spider_name"": ""pdp_drogariavenancio_com_br""}";2.8482666015625;2.570055246353149;2.5728460152943926;2.741785628455026;2.725484275817871;2.7144330300782857;0.17308129420561452;0.2202708456223663
11;25236;181;437;"{""percentile"": ""p50"", ""proxy_name"": ""ZYTE_PROXY_MODE"", ""spider_name"": ""plp_drogariavenancio_com_br""}";2.771745920181274;2.560903072357178;2.444559017817179;2.702399321964809;2.7525837580362955;2.7126394580392277;0.32234661096869005;0.26601358930872265
6;25236;181;437;"{""percentile"": ""p95"", ""proxy_name"": ""ZYTE_PROXY_MODE"", ""spider_name"": ""pdp_drogariavenancio_com_br""}";3.785576820373535;3.579087257385254;3.7447989781697593;5.231749636786325;5.070092725753784;4.826922027688277;3.14523677731498;2.7501812721881826
6;25236;181;437;"{""percentile"": ""p95"", ""proxy_name"": ""ZYTE_PROXY_MODE"", ""spider_name"": ""plp_drogariavenancio_com_br""}";3.833729982376099;4.011451482772827;3.588282585144043;5.9664146900177;5.090001249313355;4.894372435177074;5.20028406099796;3.484080475713507
27;25236;181;437;;100;100;100;100;100;100;0;0
31;25236;181;437;;100;100;100;100;100;100;0;0
26;25236;181;437;;0;0;0;0;0;0;0;0
2;25236;181;437;;27;27;27;27;27;27;0;0
32;25236;181;437;;100;100;100;100;100;100;0;0
28;25236;181;437;;100;100;100;100;100;100;0;0
30;25236;181;437;;100;100;100;100;100;100;0;0
12;25236;181;437;;0;0;0;0;0;0;0;0
18;25225;181;432;;85.71;80.95;80.95;80.95;81.58466666666666;82.26310344827587;3.598221783047842;3.035442481461962
19;25225;181;432;;2;2;2;2;2;2;0;0
9;25225;181;432;;0;0;0;0;0;0;0;0
20;25225;181;432;;0;0;0;0;0;0;0;0
8;25225;181;432;;0;0;0;0;0;0;0;0
13;25225;181;432;"{""proxy_name"": ""ZYTE_PROXY_MODE"", ""spider_name"": ""pdp_belezanaweb_com_br""}";0;0;0;0;0;0;0;0
13;25225;181;432;"{""proxy_name"": ""ZYTE_PROXY_MODE"", ""spider_name"": ""plp_belezanaweb_com_br""}";0;0;0;10.052857142857144;4.691333333333334;3.9094444444444445;24.62437045709318;16.1190523819286
7;25225;181;432;;0;0;0;0;0;0;0;0
35;25225;181;432;;1;4;2.3333333333333335;2.2857142857142856;2.1333333333333333;2.3333333333333335;1.2777531299998799;1.2909944487358056
36;25225;181;432;;1;7;4;3.7142857142857144;3.2666666666666666;3.4444444444444446;2.1852940772540506;2.216659704806667
5;25225;181;432;;0;0;0;0;0;0;0;0
21;25225;181;432;;0;;;;;;;
14;25225;181;432;;0;0;0;0;0;0;0;0
10;25225;181;432;;1;1;1;1;1;1;0;0
11;25225;181;432;"{""percentile"": ""p50"", ""proxy_name"": ""ZYTE_PROXY_MODE"", ""spider_name"": ""pdp_belezanaweb_com_br""}";1.193249702453613;1.238241672515869;1.2283730506896973;1.252868686403547;1.2395165284474692;1.2314789692560832;0.038907310763946296;0.039298390790581755
11;25225;181;432;"{""percentile"": ""p50"", ""proxy_name"": ""ZYTE_PROXY_MODE"", ""spider_name"": ""plp_belezanaweb_com_br""}";1.378323554992676;1.34315299987793;1.3651703993479412;1.3807532106127058;1.3782090663909912;1.369970440864563;0.035124862300289425;0.03425971737111842
6;25225;181;432;"{""percentile"": ""p95"", ""proxy_name"": ""ZYTE_PROXY_MODE"", ""spider_name"": ""pdp_belezanaweb_com_br""}";1.43086576461792;1.434149026870728;1.5136574109395344;4.394111497061595;3.699434391657512;3.3641915851169166;4.493304976435295;3.6596486381511366
6;25225;181;432;"{""percentile"": ""p95"", ""proxy_name"": ""ZYTE_PROXY_MODE"", ""spider_name"": ""plp_belezanaweb_com_br""}";1.785618305206299;1.991406917572021;1.9224061965942383;3.224254948752267;3.392838223775228;3.1559061341815524;3.4436460947363137;3.043266087210436
4;25225;181;432;;21;21;21;21;21;21;0;0
29;25225;181;432;;100;100;100;100;100;100;0;0
27;25225;181;432;;100;100;100;100;100;100;0;0
31;25225;181;432;;100;100;100;100;100;100;0;0
34;25225;181;432;;1;11;5.333333333333333;4.857142857142857;4.266666666666667;4.611111111111111;3.9434782119549316;3.889285694041586
26;25225;181;432;;0;0;0;0;0;0;0;0
11;25220;181;438;"{""percentile"": ""p50"", ""proxy_name"": ""ZYTE_PROXY_MODE"", ""spider_name"": ""pdp_drogariaspacheco_com_br""}";1.224122524261475;1.232532024383545;1.2017474969228108;1.2957267761230469;1.3076351006825766;1.303005532214516;0.09620316331665639;0.09631253425203522
11;25220;181;438;"{""percentile"": ""p50"", ""proxy_name"": ""ZYTE_PROXY_MODE"", ""spider_name"": ""plp_drogariaspacheco_com_br""}";1.990681886672974;1.876663684844971;1.7452102502187092;1.896681785583496;1.9558672110239665;1.9455994304857755;0.2677291336424703;0.19267581642946507
6;25220;181;438;"{""percentile"": ""p95"", ""proxy_name"": ""ZYTE_PROXY_MODE"", ""spider_name"": ""pdp_drogariaspacheco_com_br""}";1.597092866897583;1.922950506210327;1.6834075450897217;2.684136833463396;3.524019050598145;3.2104152127316126;1.3963238011795938;3.0053411571619635
6;25220;181;438;"{""percentile"": ""p95"", ""proxy_name"": ""ZYTE_PROXY_MODE"", ""spider_name"": ""plp_drogariaspacheco_com_br""}";4.089173078536987;2.712839126586914;2.9634310404459634;2.991049596241542;4.5373819669087725;4.390173146599217;0.535702107241691;2.798938224423884
13;25218;181;436;"{""proxy_name"": ""ZYTE_PROXY_MODE"", ""spider_name"": ""pdp_paguemenos_com_br""}";0;0;0;0;0;0;0;0
13;25218;181;436;"{""proxy_name"": ""ZYTE_PROXY_MODE"", ""spider_name"": ""plp_paguemenos_com_br""}";0;0;0;0;0;0;0;0
14;25218;181;436;;0;0;0;0;0;0;0;0
10;25218;181;436;;1;1;1;1;1;1;0;0
11;25218;181;436;"{""percentile"": ""p50"", ""proxy_name"": ""ZYTE_PROXY_MODE"", ""spider_name"": ""pdp_paguemenos_com_br""}";2.169758081436157;2.484630346298218;2.3629726568857827;2.4539478506360735;2.4721879164377847;2.45777866575453;0.18898632766959794;0.1653800112667177
11;25218;181;436;"{""percentile"": ""p50"", ""proxy_name"": ""ZYTE_PROXY_MODE"", ""spider_name"": ""plp_paguemenos_com_br""}";1.701078653335571;1.534700393676758;1.569298346837362;1.7072696004595076;1.6216563860575357;1.6424983441829681;0.2723628145584147;0.26879337674563025
6;25218;181;436;"{""percentile"": ""p95"", ""proxy_name"": ""ZYTE_PROXY_MODE"", ""spider_name"": ""pdp_paguemenos_com_br""}";3.072259187698364;3.122728824615479;3.352890094121298;3.5171689305986678;4.256442991892497;4.109053532282512;0.3505393006939133;2.082711072399138
6;25218;181;436;"{""percentile"": ""p95"", ""proxy_name"": ""ZYTE_PROXY_MODE"", ""spider_name"": ""plp_paguemenos_com_br""}";2.78183650970459;2.880780696868896;2.9581569035847983;5.025157485689435;4.043042437235515;4.004513278603554;3.346497130795178;2.4659584506027334
13;25217;181;434;"{""proxy_name"": ""ZYTE_PROXY_MODE"", ""spider_name"": ""pdp_drogasil_com_br""}";0;0;0;0;0;0;0;0
13;25217;181;434;"{""proxy_name"": ""ZYTE_PROXY_MODE"", ""spider_name"": ""plp_drogasil_com_br""}";0;0;0;0;0;0;0;0
5;25217;181;434;;0;0;0;0;0;0;0;0
21;25217;181;434;;0;;;;;;;
14;25217;181;434;;0;0;0.003968253968253968;0.0017006802721088435;0.0007936507936507937;0.0006613756613756613;0.004165798882284316;0.0027269217100645902
10;25217;181;434;;1;1;0.996031746031746;0.9982993197278912;0.9992063492063491;0.9993386243386243;0.004165798882284302;0.0027269217100645807
11;25217;181;434;"{""percentile"": ""p50"", ""proxy_name"": ""ZYTE_PROXY_MODE"", ""spider_name"": ""pdp_drogasil_com_br""}";1.246412515640259;1.306982517242432;1.154060999552409;1.2843330247061593;1.1730390866597493;1.125951303376092;0.2774376490028222;0.2672937239199443
11;25217;181;434;"{""percentile"": ""p50"", ""proxy_name"": ""ZYTE_PROXY_MODE"", ""spider_name"": ""plp_drogasil_com_br""}";1.322777271270752;1.628341197967529;1.4522921244303386;1.4475715841565813;1.3499127705891927;1.326449758866254;0.15608159459125484;0.14933707964001314
6;25217;181;434;"{""percentile"": ""p95"", ""proxy_name"": ""ZYTE_PROXY_MODE"", ""spider_name"": ""pdp_drogasil_com_br""}";2.773245811462402;17.45638561248779;9.112077395121256;9.239979607718329;6.7925697167714425;5.999076485633849;4.134612019179797;4.932452239858466
6;25217;181;434;"{""percentile"": ""p95"", ""proxy_name"": ""ZYTE_PROXY_MODE"", ""spider_name"": ""plp_drogasil_com_br""}";5.226619958877563;2.84152626991272;2.8214911619822183;5.282275983265468;3.87467311223348;3.643474172143375;3.9436682935262133;2.9400054147181
4;25217;181;434;;54;54;53.666666666666664;53.857142857142854;53.93333333333333;53.86206896551724;0.3499271061118826;0.3448275862068966
29;25217;181;434;;100;100;100;100;100;100;0;0
27;25217;181;434;;100;100;100;100;100;100;0;0
31;25217;181;434;;100;100;100;100;100;100;0;0
26;25217;181;434;;0;0;0;0;0;0;0;0
2;25217;181;434;;54;54;53.666666666666664;53.857142857142854;53.93333333333333;53.86206896551724;0.3499271061118826;0.3448275862068966
32;25217;181;434;;100;100;100;100;100;100;0;0
28;25217;181;434;;100;100;100;100;100;100;0;0
30;25217;181;434;;100;100;100;100;100;100;0;0
12;25217;181;434;;0;0;0;0;0;0;0;0
18;25215;168;385;;75.41;76.67;77.70666666666666;80.25857142857144;81.64000000000001;82.32851851851852;2.80294961257106;2.310877184267519
19;25215;168;385;;1;1;1;1;1;1;0;0
9;25215;168;385;;0;0;0;0;0;0;0;0
20;25215;168;385;;0;0;0;0;0;0;0;0
8;25215;168;385;;0;0;0;0;0;0.6333333333333334;0;2.254680727993475
15;25215;168;385;;0;;;;;;;
7;25215;168;385;;0;0;0;0;0;0;0;0
35;25215;168;385;;5;5;5;5;5.066666666666666;4;0;1.387777332977422
36;25215;168;385;;6;6;6;6.142857142857143;6.066666666666666;6;0.3499271061118826;0.816496580927726
14;25215;168;385;;0;0;0;0;0;0;0;0
10;25215;168;385;;1;1;1;1;1;1;0;0
11;25215;168;385;"{""percentile"": ""p50"", ""proxy_name"": ""SCRAPE_DO"", ""spider_name"": ""pdp_magazineluiza_com_br_sellers_variants""}";3.581573247909546;1.598705530166626;1.6562221050262451;1.6350529193878174;1.6154841899871828;1.934831394089593;0.0759356067861191;0.7813133194794272
11;25215;168;385;"{""percentile"": ""p50"", ""spider_name"": ""plp_magazineluiza_com_br""}";0.1571516990661621;0.2210841178894043;0.30323052406311035;0.3342749391283308;0.3158276557922363;0.3158276557922363;0.07570158344627047;0.07363859579425464
11;25215;168;385;"{""percentile"": ""p50"", ""proxy_name"": ""ZYTE_PROXY_MODE"", ""spider_name"": ""plp_magazineluiza_com_br""}";2.055659532546997;2.283398389816284;2.4025373458862305;2.5387772492000034;2.624754627545675;2.624754627545675;0.5826614190877482;0.6419986184509732
6;25215;168;385;"{""percentile"": ""p95"", ""proxy_name"": ""SCRAPE_DO"", ""spider_name"": ""pdp_magazineluiza_com_br_sellers_variants""}";11.25046181678772;2.829113721847534;3.9014729658762612;3.694488525390625;3.610370635986328;5.326312118106419;1.2334087948739254;4.690982498987223
6;25215;168;385;"{""percentile"": ""p95"", ""spider_name"": ""plp_magazineluiza_com_br""}";0.2289266586303711;0.2219820022583008;0.31857522328694665;0.3731132916041783;0.34479737281799316;0.34479737281799316;0.10280195035797023;0.09977619043885985
6;25215;168;385;"{""percentile"": ""p95"", ""proxy_name"": ""ZYTE_PROXY_MODE"", ""spider_name"": ""plp_magazineluiza_com_br""}";3.24602198600769;2.53239917755127;2.675912380218506;3.6736814635140553;4.04508509238561;4.04508509238561;1.8487711565564908;2.409686670467908
34;25215;168;385;;10;11;11;11;11.133333333333333;12.333333333333334;0;1.4907119849998598
23;25214;168;384;;0;0;0;0;0;0;0;0
22;25214;168;384;;0;0;0.7833333333333333;1.9228571428571428;2.5906666666666665;2.2551851851851854;3.837278478615929;4.257244257663653
25;25214;168;384;;0;0;0;0;0;0;0;0
16;25214;168;384;;33.33;50;75.35333333333334;76.73857142857142;77.18266666666666;73.88296296296296;24.032525239511457;23.895889591496665
13;25214;168;384;"{""proxy_name"": ""ZYTE_PROXY_MODE"", ""spider_name"": ""pdp_mercadolivre_com_br_sellers_variants""}";0;21.41;8.083333333333334;6.002857142857143;3.7813333333333334;3.926111111111111;8.032133170292068;6.194451943194265
13;25214;168;384;"{""proxy_name"": ""ZYTE_PROXY_MODE"", ""spider_name"": ""plp_mercadolivre_com_br_adhoc""}";0;;;;;;;
7;25214;168;384;;0;0;0;0;0;0;0;0
35;25214;168;384;;9;9;9;8.714285714285714;7.8;6.035714285714286;0.45175395145262565;2.2116920293415765
36;25214;168;384;;10;9;9;9.571428571428571;9.733333333333333;9.785714285714286;0.7284313590846836;0.817537367304257
5;25214;168;384;;0;0;0;0;0;0;0;0
21;25214;168;384;;0;;;;;;;
14;25214;168;384;;0.3165829145728643;0.647187329328236;0.5204372979432845;0.509623787337273;0.4718994914099704;0.48292174438864904;0.11258608051639461;0.11699571931036247
10;25214;168;384;;0.6810137644745466;0.3489896231567449;0.47571002565613085;0.4864773992928773;0.5249460062582093;0.5139719257877449;0.11177542588903813;0.11651242324032403
11;25214;168;384;"{""percentile"": ""p50"", ""proxy_name"": ""ZYTE_PROXY_MODE"", ""spider_name"": ""pdp_mercadolivre_com_br_sellers_variants""}";1.808577537536621;0.2795929908752441;1.1223167578379314;1.3763868808746338;1.4208989143371582;1.3600012063980103;0.7522741857785196;0.578780336478746
11;25214;168;384;"{""percentile"": ""p50"", ""proxy_name"": ""ZYTE_PROXY_MODE"", ""spider_name"": ""plp_mercadolivre_com_br_adhoc""}";2.558577060699463;;;;;;;
6;25214;168;384;"{""percentile"": ""p95"", ""proxy_name"": ""ZYTE_PROXY_MODE"", ""spider_name"": ""pdp_mercadolivre_com_br_sellers_variants""}";6.030945062637329;9.454325675964355;8.041241725285849;7.57681553704398;6.985396401087443;6.505158437622918;2.460786993385542;2.694758563910628
6;25214;168;384;"{""percentile"": ""p95"", ""proxy_name"": ""ZYTE_PROXY_MODE"", ""spider_name"": ""plp_mercadolivre_com_br_adhoc""}";5.328041791915894;;;;;;;
29;25214;168;384;;2.19;1.65;1.47;2.0785714285714287;1.7693333333333332;22.884642857142858;0.7661113043234938;40.27657379049291
27;25214;168;384;;100;100;100;100;100;100;0;0
31;25214;168;384;;2.19;1.65;1.47;2.0785714285714287;1.7693333333333332;22.884642857142858;0.7661113043234938;40.27657379049291
34;25214;168;384;;30;28;28;28.428571428571427;28.333333333333332;31.285714285714285;0.7284313590846836;3.6435573556733853
26;25214;168;384;;0;0;0;0;0;0;0;0
2;25214;168;384;;366;363;362;364;384.73333333333335;516.5357142857143;4.105745103771404;163.3295271491824
32;25214;168;384;;100;100;100;100;100;100;0;0
28;25214;168;384;;100;100;100;100;100;100;0;0
30;25214;168;384;;100;100;100;100;100;100;0;0
12;25214;168;384;;0;0;0;0;0;0;0;0
18;25213;181;439;;100;100;100;100;100;100;0;0
19;25213;181;439;;10;14;7.666666666666667;6;6;6;4.147288270665544;4.147288270665544
9;25213;181;439;;0;0;0;0;0;0;0;0
20;25213;181;439;;100;100;100;100;100;100;0;0
8;25213;181;439;;0;0;0;0;0;0;0;0
15;25213;181;439;;0;;;;;;;
24;25213;181;439;;0;0;0;0;0;0;0;0
23;25213;181;439;;0;1.95;2.04;2.8459999999999996;2.8459999999999996;2.8459999999999996;3.048439600844996;3.048439600844996
22;25213;181;439;;0;6.51;2.17;2.384;2.384;2.384;2.9404394229434483;2.9404394229434483
25;25213;181;439;;0;7.17;2.39;1.434;1.434;1.434;2.868;2.868
16;25213;181;439;;62.71;70.03;73.34333333333333;72.52000000000001;72.52000000000001;72.52000000000001;16.119266732702204;16.119266732702204
13;25213;181;439;"{""proxy_name"": ""ZYTE_PROXY_MODE"", ""spider_name"": ""pdp_sellers_variants_mercadolivre_com_br""}";0;0;0;0;0;0;0;0
13;25213;181;439;"{""proxy_name"": ""ZYTE_PROXY_MODE"", ""spider_name"": ""plp_mercadolivre_com_br""}";0;0;0;0;0;0;0;0
7;25213;181;439;;0;0;0;0;0;0;0;0
5;25213;181;439;;0;0;0;0;0;0;0;0
21;25213;181;439;;0;;;;;;;
14;25213;181;439;;0.46614872364039955;0.6371308016877637;0.6969437792222603;0.6969437792222603;0.6969437792222603;0.6969437792222603;0.05981297753449655;0.05981297753449655
10;25213;181;439;;0.5194228634850167;0.360056258790436;0.30085483845722116;0.30085483845722116;0.30085483845722116;0.30085483845722116;0.05920142033321482;0.05920142033321482
11;25213;181;439;"{""percentile"": ""p50"", ""proxy_name"": ""ZYTE_PROXY_MODE"", ""spider_name"": ""pdp_sellers_variants_mercadolivre_com_br""}";1.972601652145386;3.060190439224243;3.1449530124664307;3.1449530124664307;3.1449530124664307;3.1449530124664307;0.0847625732421875;0.0847625732421875
11;25213;181;439;"{""percentile"": ""p50"", ""proxy_name"": ""ZYTE_PROXY_MODE"", ""spider_name"": ""plp_mercadolivre_com_br""}";2.250586271286011;1.254517793655396;1.2427047491073608;1.2427047491073608;1.2427047491073608;1.2427047491073608;0.011813044548035001;0.011813044548035001
6;25213;181;439;"{""percentile"": ""p95"", ""proxy_name"": ""ZYTE_PROXY_MODE"", ""spider_name"": ""pdp_sellers_variants_mercadolivre_com_br""}";7.768094301223755;4.930103778839111;8.760246634483336;8.760246634483336;8.760246634483336;8.760246634483336;3.8301428556442243;3.8301428556442243
6;25213;181;439;"{""percentile"": ""p95"", ""proxy_name"": ""ZYTE_PROXY_MODE"", ""spider_name"": ""plp_mercadolivre_com_br""}";7.406723022460938;4.58313250541687;4.977838397026062;4.977838397026062;4.977838397026062;4.977838397026062;0.3947058916091919;0.3947058916091919
4;25213;181;439;;179;256;101.66666666666667;69.6;69.6;69.6;93.35652092917773;93.35652092917773
29;25213;181;439;;100;9.62;69.87333333333333;81.924;81.924;81.924;36.152;36.152
27;25213;181;439;;100;100;100;100;100;100;0;0
31;25213;181;439;;100;9.62;69.87333333333333;81.924;81.924;81.924;36.152;36.152
26;25213;181;439;;0;0;0;0;0;0;0;0
2;25213;181;439;;178;260;102.66666666666667;70.2;70.2;70.2;95.03557228743351;95.03557228743351
32;25213;181;439;;100;100;100;100;100;100;0;0
28;25213;181;439;;100;100;100;100;100;100;0;0
30;25213;181;439;;100;100;100;100;100;100;0;0
12;25213;181;439;;0;0;0;0;0;0;0;0
18;25212;166;381;;79.06;78.44;78.65333333333332;78.82428571428571;79.21066666666667;79.25;0.23463388763026002;0.39494022051163336
19;25212;166;381;;2;2;2;2;2;2;0;0
9;25212;166;381;;0;0;0;0;0;0;0;0
20;25212;166;381;;0;0;0;0;0;0;0;0
8;25212;166;381;;0;0;0;0;0;0;0;0
15;25212;166;381;;0;;;;;;;
24;25212;166;381;;0;0;0;0;0;0;0;0
23;25212;166;381;;0;0;0;0;0;0;0;0
16;25212;166;381;;16.28;100;66.66666666666667;41.558571428571426;58.27583333333333;58.27583333333333;48.06962819808409;47.94294794481133
13;25212;166;381;"{""proxy_name"": ""SCRAPE_DO"", ""spider_name"": ""pdp_magazineluiza_com_br_sellers_variants""}";0.08;0.03;0.08;0.23571428571428574;0.35666666666666663;0.38176470588235295;0.44483888392659793;0.5321458810836792
13;25212;166;381;"{""spider_name"": ""plp_magazineluiza_com_br""}";0;0;0;0;0;0;0;0
13;25212;166;381;"{""proxy_name"": ""ZYTE_PROXY_MODE"", ""spider_name"": ""plp_magazineluiza_com_br""}";0;0;0;0;0.12866666666666665;0.11352941176470588;0;0.4541176470588235
35;25212;166;381;;3;3;3;3;2.8666666666666667;2.8518518518518516;0;0.523782800878924
36;25212;166;381;;7;7;7;7;6.533333333333333;6.703703703703703;0;1.6736479300288893
14;25212;166;381;;0.0011253657438667567;0.009660750393170074;0.009340001079233705;0.008679962262554332;0.007494951155288167;0.006662799255710387;0.0014172022224213008;0.003216909269293845
10;25212;166;381;;0.9988746342561332;0.99033924960683;0.9906599989207664;0.9913200377374457;0.9925050488447119;0.9933372007442896;0.0014172022224212784;0.0032169092692938433
11;25212;166;381;"{""percentile"": ""p50"", ""proxy_name"": ""SCRAPE_DO"", ""spider_name"": ""pdp_magazineluiza_com_br_sellers_variants""}";2.924790859222412;1.563151121139526;1.565617481867472;1.5854093687874928;1.7043509642283121;1.7563360017888687;0.06285694013722994;0.3448393577592764
11;25212;166;381;"{""percentile"": ""p50"", ""spider_name"": ""plp_magazineluiza_com_br""}";0.2037513256072998;0.01843857765197754;0.021602471669514973;0.024603400911603655;0.09687867164611816;0.09687867164611816;0.007172986090931717;0.2667138636396475
11;25212;166;381;"{""percentile"": ""p50"", ""proxy_name"": ""ZYTE_PROXY_MODE"", ""spider_name"": ""plp_magazineluiza_com_br""}";2.175780057907104;2.031621932983398;2.0824473698933916;2.0613372666495184;2.2658841133117678;2.4237056619980755;0.11221960397969107;0.5775585156144158
6;25212;166;381;"{""percentile"": ""p95"", ""proxy_name"": ""SCRAPE_DO"", ""spider_name"": ""pdp_magazineluiza_com_br_sellers_variants""}";9.30694580078125;3.490983009338379;3.4483593304951987;3.5682989188602994;4.136742480595907;4.317211431615493;0.48728302951984015;2.0913698806103724
6;25212;166;381;"{""percentile"": ""p95"", ""spider_name"": ""plp_magazineluiza_com_br""}";0.4757459163665771;0.2713832855224609;0.9252425034840902;0.6151828765869141;0.5233080387115479;0.5233080387115479;0.6012423779038977;0.4573686305475471
6;25212;166;381;"{""percentile"": ""p95"", ""proxy_name"": ""ZYTE_PROXY_MODE"", ""spider_name"": ""plp_magazineluiza_com_br""}";5.528876781463623;4.207455396652222;4.956014156341553;4.362186942781721;4.988824812571208;5.212336161557366;0.6990897695518474;1.4632503881941605
34;25212;166;381;;122;123;122.66666666666667;122.57142857142857;114.66666666666667;116.37037037037037;0.4948716593053935;31.433820130728208
13;25211;59;147;"{""proxy_name"": ""ZYTE"", ""spider_name"": ""pdp_zema_com""}";0;0;0;0;0;0;0;0
13;25211;59;147;"{""proxy_name"": ""ZYTE"", ""spider_name"": ""plp_generic_render""}";0;0;0;0;0;0;0;0
21;25211;59;147;;0;;;;;;;
14;25211;59;147;;0.07407407407407407;0.07407407407407407;0.0974426807760141;0.1029856386999244;0.1029856386999244;0.1029856386999244;0.011882244839200671;0.011882244839200671
10;25211;59;147;;0.9259259259259259;0.9259259259259259;0.9025573192239859;0.8970143613000756;0.8970143613000756;0.8970143613000756;0.011882244839200666;0.011882244839200666
11;25211;59;147;"{""percentile"": ""p50"", ""proxy_name"": ""ZYTE"", ""spider_name"": ""pdp_zema_com""}";34.98803186416626;37.88745856285095;36.20180114110311;32.91824187551226;32.91824187551226;32.91824187551226;5.0188280632461435;5.0188280632461435
11;25211;59;147;"{""percentile"": ""p50"", ""proxy_name"": ""ZYTE"", ""spider_name"": ""plp_generic_render""}";32.55875539779663;14.96779561042786;14.79830590883891;15.139322280883789;15.139322280883789;15.139322280883789;0.8412356043861671;0.8412356043861671
6;25211;59;147;"{""percentile"": ""p95"", ""proxy_name"": ""ZYTE"", ""spider_name"": ""pdp_zema_com""}";57.45820641517639;53.48969030380249;59.5885272026062;49.58524850436619;49.58524850436619;49.58524850436619;10.63475268005641;10.63475268005641
6;25211;59;147;"{""percentile"": ""p95"", ""proxy_name"": ""ZYTE"", ""spider_name"": ""plp_generic_render""}";89.37307572364807;15.76913285255432;20.484232584635418;28.62361756960551;28.62361756960551;28.62361756960551;21.801844306112518;21.801844306112518
4;25211;59;147;;5;5;5;5;4.533333333333333;4.517241379310345;0;0.49970264642032547
29;25211;59;147;;60;20;20;20.714285714285715;22.666666666666668;21.896551724137932;1.749635530559413;4.809077821028053
27;25211;59;147;;60;20;20;20.714285714285715;22.666666666666668;21.896551724137932;1.749635530559413;4.809077821028053
31;25211;59;147;;60;20;20;20.714285714285715;22.666666666666668;21.896551724137932;1.749635530559413;4.809077821028053
26;25211;59;147;;0;0;0;0;0;0;0;0
2;25211;59;147;;5;5;5;4.857142857142857;4.466666666666667;4.413793103448276;0.3499271061118826;0.5581522088358154
32;25211;59;147;;100;100;100;100;100;100;0;0
28;25211;59;147;;60;20;20;20.714285714285715;22.666666666666668;21.896551724137932;1.749635530559413;4.809077821028053
30;25211;59;147;;60;20;20;20.714285714285715;22.666666666666668;21.896551724137932;1.749635530559413;4.809077821028053
12;25211;59;147;;0;0;0;0;0;0;0;0
16;25210;166;380;;1.97;82.35;33.00666666666667;15.335714285714285;12.807333333333332;16.65473684210526;27.985994893947964;26.945401984172413
13;25210;166;380;"{""proxy_name"": ""ZYTE_PROXY_MODE"", ""spider_name"": ""pdp_amazon_com_br_sellers_variants""}";0;0;0;0;0;0.546470588235294;0;1.7754500379819877
13;25210;166;380;"{""proxy_name"": ""ZYTE"", ""spider_name"": ""plp_amazon_com_br""}";0;0.73;0.24333333333333332;0.21857142857142858;0.10200000000000001;0.09;0.346097780214476;0.24676733504874349
35;25210;166;380;;3;3;3;3;2.933333333333333;2.586206896551724;0;0.7664176127894092
36;25210;166;380;;9;9;9;9;8.533333333333333;7.241379310344827;0;3.1255915016895615
14;25210;166;380;;0.027539195637355147;0.020144317498496694;0.018485637663286102;0.019772689858614956;0.021105923492848087;0.021811634877443965;0.004441105051098962;0.006216184521958993
10;25210;166;380;;0.9724608043626448;0.9798556825015033;0.9815143623367139;0.980227310141385;0.9788940765071519;0.978188365122556;0.004441105051098963;0.006216184521958999
11;25210;166;380;"{""percentile"": ""p50"", ""proxy_name"": ""ZYTE_PROXY_MODE"", ""spider_name"": ""pdp_amazon_com_br_sellers_variants""}";2.166339635848999;2.349710464477539;2.2425655523935952;2.171621935708182;2.179770596822103;2.454346081789802;0.10930264641653911;0.7693391786712158
11;25210;166;380;"{""percentile"": ""p50"", ""proxy_name"": ""ZYTE"", ""spider_name"": ""plp_amazon_com_br""}";4.89305853843689;4.966034889221191;4.8316841920216875;4.75333707673209;4.942117166519165;4.932743549346924;0.11009360992531571;0.4767543621587868
6;25210;166;380;"{""percentile"": ""p95"", ""proxy_name"": ""ZYTE_PROXY_MODE"", ""spider_name"": ""pdp_amazon_com_br_sellers_variants""}";3.782765626907349;3.564083099365234;3.438700517018636;3.339269229343959;3.3846856594085692;4.504775650361005;0.2075301381059074;3.1207068007689767
6;25210;166;380;"{""percentile"": ""p95"", ""proxy_name"": ""ZYTE"", ""spider_name"": ""plp_amazon_com_br""}";6.1929931640625;7.176201105117798;6.453233242034912;6.268243449074881;15.803658707936604;14.71500698257895;0.42513936191141355;23.498917549791045
34;25210;166;380;;76;76;76;75.42857142857143;72.4;61.13793103448276;0.4948716593053935;22.818208303943155
16;25209;166;379;;2.66;9.14;36.693333333333335;39.175714285714285;31.637999999999998;56.285000000000004;29.097313011510114;38.1843461288224
13;25209;166;379;"{""proxy_name"": ""ZYTE_PROXY_MODE"", ""spider_name"": ""pdp_mercadolivre_com_br_sellers_variants""}";0;0;0;0.1442857142857143;0.09533333333333333;0.08411764705882352;0.3534263771730014;0.24195426946452242
13;25209;166;379;"{""proxy_name"": ""ZYTE_PROXY_MODE"", ""spider_name"": ""plp_mercadolivre_com_br_adhoc""}";0;;;;;;;
35;25209;166;379;;3;3;3;3;2.8666666666666667;2.9285714285714284;0;0.37115374447904514
36;25209;166;379;;8;8;8;8;7.6;7.678571428571429;0;1.1355795068274748
14;25209;166;379;;0.3744454923329491;0.2929587235518557;0.22925446303977695;0.2600375008697108;0.23390278588921587;0.23630070876127268;0.04288623584249636;0.044370791412315154
10;25209;166;379;;0.620839009396067;0.7043010752688172;0.7681772338831934;0.7376839874376477;0.764043492637023;0.7616478647860935;0.042743262621811946;0.04463671259833941
11;25209;166;379;"{""percentile"": ""p50"", ""proxy_name"": ""ZYTE_PROXY_MODE"", ""spider_name"": ""pdp_mercadolivre_com_br_sellers_variants""}";1.737039804458618;1.624842166900635;1.663063923517863;1.7235970156533378;1.6851751963297525;1.6766386593089384;0.10311098760487551;0.12266781373744585
11;25209;166;379;"{""percentile"": ""p50"", ""proxy_name"": ""ZYTE_PROXY_MODE"", ""spider_name"": ""plp_mercadolivre_com_br_adhoc""}";3.560734748840332;;;;;;;
6;25209;166;379;"{""percentile"": ""p95"", ""proxy_name"": ""ZYTE_PROXY_MODE"", ""spider_name"": ""pdp_mercadolivre_com_br_sellers_variants""}";6.447604656219482;8.715902328491211;9.568958679835001;7.655973604747227;7.0672096888224285;6.816481814664953;1.979048841473951;2.038485318609037
6;25209;166;379;"{""percentile"": ""p95"", ""proxy_name"": ""ZYTE_PROXY_MODE"", ""spider_name"": ""plp_mercadolivre_com_br_adhoc""}";8.768967628479004;;;;;;;
34;25209;166;379;;202;197;194.66666666666666;194.28571428571428;183.33333333333334;186.57142857142858;2.4907993963089563;31.851697164278356
30;25209;166;379;;100;100;100;100;100;100;0;0
12;25209;166;379;;0;0;0;0;0;0;0;0
18;25207;59;139;;25.93;25.93;25.929999999999996;25.93;25.93;25.629310344827587;0;1.1007456126126907
19;25207;59;139;;1;1;1;1;1;1;0;0
9;25207;59;139;;0;0;0;0;0;0;0;0
20;25207;59;139;;0;0;0;0;0;0;0;0
8;25207;59;139;;0;0;0;0;0;0;0;0
24;25207;59;139;;0;0;0;0;0;0;0;0
23;25207;59;139;;0;0;0;0;0;0;0;0
22;25207;59;139;;0;0;0;0;0;0;0;0
25;25207;59;139;;0;0;0;0;0;0;0;0
16;25207;59;139;;0;0;0;0;0;1.38875;0;6.660211028000539
13;25207;59;139;"{""proxy_name"": ""ZYTE_PROXY_MODE"", ""spider_name"": ""pdp_gazin_com_br_sellers_variants""}";0;0;0;0;0;0;0;0
13;25207;59;139;"{""proxy_name"": ""ZYTE"", ""spider_name"": ""plp_generic_render""}";0;0;0;0;0;0;0;0
7;25207;59;139;;0;0;0;0;0;0;0;0
5;25207;59;139;;0;0;0;0;0;0;0;0
21;25207;59;139;;0;;;;;;;
14;25207;59;139;;0;0;0;0;0;0;0;0
10;25207;59;139;;1;1;1;1;1;1;0;0
2;25205;181;431;;71;71;69.66666666666667;69.57142857142857;69.26666666666667;68.21428571428571;0.9035079029052513;1.448081066622378
11;25207;59;139;"{""percentile"": ""p50"", ""proxy_name"": ""ZYTE_PROXY_MODE"", ""spider_name"": ""pdp_gazin_com_br_sellers_variants""}";2.73775053024292;3.516982316970825;3.0186756451924643;4.293009797732036;4.293009797732036;4.293009797732036;3.1284308099740152;3.1284308099740152
11;25207;59;139;"{""percentile"": ""p50"", ""proxy_name"": ""ZYTE"", ""spider_name"": ""plp_generic_render""}";11.96198344230652;12.70966196060181;10.862935940424604;10.748759031295776;10.748759031295776;10.748759031295776;1.081311472606573;1.081311472606573
6;25207;59;139;"{""percentile"": ""p95"", ""proxy_name"": ""ZYTE_PROXY_MODE"", ""spider_name"": ""pdp_gazin_com_br_sellers_variants""}";5.112056016921997;8.32566213607788;8.21918765703837;16.408427834510803;16.408427834510803;16.408427834510803;20.76600016287438;20.76600016287438
6;25207;59;139;"{""percentile"": ""p95"", ""proxy_name"": ""ZYTE"", ""spider_name"": ""plp_generic_render""}";26.08418035507202;15.62470078468323;13.29269051551819;14.61733667055766;14.61733667055766;14.61733667055766;4.140257862203476;4.140257862203476
4;25207;59;139;;27;27;27;27;27;27.03448275862069;0;0.49009208288109984
29;25207;59;139;;100;100;100;100;100;100;0;0
27;25207;59;139;;91.72;91.72;91.71999999999998;91.72;91.72;91.67551724137931;0;0.20929415377927674
31;25207;59;139;;100;100;100;100;100;100;0;0
26;25207;59;139;;0;0;0;0;0;0;0;0
2;25207;59;139;;326;326;326;326;326;325.2413793103448;0;8.01573957012849
32;25207;59;139;;91.72;91.72;91.71999999999998;91.72;91.72;91.67551724137931;0;0.20929415377927674
28;25207;59;139;;100;100;100;100;100;100;0;0
30;25207;59;139;;100;100;100;100;100;100;0;0
12;25207;59;139;;0;0;0;0;0;0;0;0
16;25206;108;221;;5.56;0;6.666666666666667;19.86285714285714;21.238666666666667;28.214642857142856;13.754798346432434;26.850416129010373
13;25206;108;221;"{""proxy_name"": ""ZYTE_PROXY_MODE"", ""spider_name"": ""pdp_amazon_com_br_sellers_variants""}";0;0;0;0.08428571428571428;0.318;1.1711111111111112;0.20645699260601072;2.0356240890937514
13;25206;108;221;"{""proxy_name"": ""ZYTE"", ""spider_name"": ""plp_amazon_com_br""}";0;0;0;0;0;0;0;0
35;25206;108;221;;3;3;3;3;3;2.5172413793103448;0;0.814552538690877
36;25206;108;221;;11;11;11;11;11;8.862068965517242;0;3.6457262455253994
14;25206;108;221;;0.0962486602357985;0.0968586387434555;0.09612788995483657;0.09362406006952992;0.0890719053722263;0.09002263274547896;0.0030142686903381196;0.0067764465371197334
10;25206;108;221;;0.9037513397642015;0.9031413612565445;0.9038721100451634;0.90637593993047;0.9109280946277737;0.909977367254521;0.0030142686903381175;0.006776446537119709
11;25206;108;221;"{""percentile"": ""p50"", ""proxy_name"": ""ZYTE_PROXY_MODE"", ""spider_name"": ""pdp_amazon_com_br_sellers_variants""}";2.202718734741211;2.155170679092407;2.125529925028483;2.1617473534175327;2.2713865598042804;2.68478877014584;0.08057782870248896;1.0068827606905262
11;25206;108;221;"{""percentile"": ""p50"", ""proxy_name"": ""ZYTE"", ""spider_name"": ""plp_amazon_com_br""}";4.953356504440308;4.587125301361084;4.478491862614949;4.495394263948713;4.680633242925008;4.743181162410313;0.10456358778038428;0.2953166696007428
6;25206;108;221;"{""percentile"": ""p95"", ""proxy_name"": ""ZYTE_PROXY_MODE"", ""spider_name"": ""pdp_amazon_com_br_sellers_variants""}";3.491903066635132;3.89129638671875;3.6677465438842773;3.697712080819266;4.123060448964437;5.605734745661418;0.1730539687408597;3.5877939872487117
6;25206;108;221;"{""percentile"": ""p95"", ""proxy_name"": ""ZYTE"", ""spider_name"": ""plp_amazon_com_br""}";6.376543998718262;6.183502435684204;5.766438166300456;5.692321811403547;6.103546635309855;6.19623859723409;0.2663423049923837;0.6321238090303354
34;25206;108;221;;291;292;291.6666666666667;287.14285714285717;285.53333333333336;242.31034482758622;4.223355856884138;73.03995290641109
12;25206;108;221;;0;0;0;0;0;0;0;0
18;25205;181;431;;97.22;97.22;97.16666666666667;96.76571428571428;96.96533333333333;97.00928571428572;0.9498700233318722;0.497378330932936
19;25205;181;431;;2;2;2;2;2;2;0;0
9;25205;181;431;;0;0;0;0;0;0;0;0
20;25205;181;431;;0;0;0;0;0;0;0;0
8;25205;181;431;;0;0;0;0;0;0;0;0
13;25205;181;431;"{""proxy_name"": ""DEFAULT"", ""spider_name"": ""pdp_epocacosmeticos_com_br""}";0;0;0;0;0;0;0;0
13;25205;181;431;"{""proxy_name"": ""ZYTE_PROXY_MODE"", ""spider_name"": ""plp_epocacosmeticos_com_br""}";0;0;0;13.445714285714287;6.274666666666667;5.536470588235295;32.93513922725039;22.14588235294118
7;25205;181;431;;0;0;0;0;0;0;0;0
5;25205;181;431;;0;0;0;0;0;0;0;0
21;25205;181;431;;0;;;;;;;
14;25205;181;431;;0.01;0.01;0.010136054421768707;0.007259475218658892;0.004776643990929705;0.0042146858743497394;0.004591813596128476;0.005038243201178388
10;25205;181;431;;0.99;0.99;0.9898639455782313;0.9927405247813411;0.9952233560090703;0.9957853141256504;0.004591813596128481;0.005038243201178386
11;25205;181;431;"{""percentile"": ""p50"", ""proxy_name"": ""DEFAULT"", ""spider_name"": ""pdp_epocacosmeticos_com_br""}";1.002641201019287;1.008938074111938;1.1982306639353435;1.1644271101270403;1.0979056676228842;1.08632493019104;0.1369106978774188;0.11460517799784259
11;25205;181;431;"{""percentile"": ""p50"", ""proxy_name"": ""ZYTE_PROXY_MODE"", ""spider_name"": ""plp_epocacosmeticos_com_br""}";1.182422161102295;1.116664409637451;1.1942036151885984;1.393148592540196;1.2651742458343507;1.2409751415252686;0.47706647510905437;0.33325310486191484
6;25205;181;431;"{""percentile"": ""p95"", ""proxy_name"": ""DEFAULT"", ""spider_name"": ""pdp_epocacosmeticos_com_br""}";1.419410705566406;1.480216264724731;2.0460804303487143;3.4143146446772987;2.948655446370443;2.786178799236522;3.141630829444191;2.229166838685889
6;25205;181;431;"{""percentile"": ""p95"", ""proxy_name"": ""ZYTE_PROXY_MODE"", ""spider_name"": ""plp_epocacosmeticos_com_br""}";1.51012921333313;1.509213209152222;1.6147457758585613;4.473771163395473;3.2315641244252524;3.0061274276060215;4.291648867896177;3.123199677722488
4;25205;181;431;;36;36;35.333333333333336;35.285714285714285;35.13333333333333;34.607142857142854;0.45175395145262565;0.724040533311189
29;25205;181;431;;49.3;49.3;49.28666666666667;49.285714285714285;49.281333333333336;49.26678571428572;0.009035079029050715;0.01909629197899219
27;25205;181;431;;49.3;49.3;49.28666666666667;49.285714285714285;49.281333333333336;49.26678571428572;0.009035079029050715;0.01909629197899219
31;25205;181;431;;49.3;49.3;49.28666666666667;49.285714285714285;49.281333333333336;49.26678571428572;0.009035079029050715;0.01909629197899219
26;25205;181;431;;0;0;0;0;0;0;0;0
32;25205;181;431;;49.3;49.3;49.28666666666667;49.285714285714285;49.281333333333336;49.26678571428572;0.009035079029050715;0.01909629197899219
28;25205;181;431;;49.3;49.3;49.28666666666667;49.285714285714285;49.281333333333336;49.26678571428572;0.009035079029050715;0.01909629197899219
30;25205;181;431;;49.3;49.3;49.28666666666667;49.285714285714285;49.281333333333336;49.26678571428572;0.009035079029050715;0.01909629197899219
12;25205;181;431;;0;0;0;0;0;0;0;0
13;25204;181;432;"{""proxy_name"": ""ZYTE_PROXY_MODE"", ""spider_name"": ""pdp_belezanaweb_com_br""}";0;0;0;0;0;0;0;0
13;25204;181;432;"{""proxy_name"": ""ZYTE_PROXY_MODE"", ""spider_name"": ""plp_belezanaweb_com_br""}";0;0;0;10.052857142857144;4.691333333333334;4.139411764705883;24.62437045709318;16.55764705882353
14;25204;181;432;;0;0;0;0;0;0;0;0
10;25204;181;432;;1;1;1;1;1;1;0;0
11;25204;181;432;"{""percentile"": ""p50"", ""proxy_name"": ""ZYTE_PROXY_MODE"", ""spider_name"": ""pdp_belezanaweb_com_br""}";1.238241672515869;1.183293104171753;1.2308733463287354;1.2526564598083496;1.2366129239400228;1.2310811631819782;0.03899048030428864;0.040402474398098465
11;25204;181;432;"{""percentile"": ""p50"", ""proxy_name"": ""ZYTE_PROXY_MODE"", ""spider_name"": ""plp_belezanaweb_com_br""}";1.34315299987793;1.386696100234985;1.386237859725952;1.391087634222848;1.377080790201823;1.3715479373931885;0.03312710081805995;0.03461182104863449
6;25204;181;432;"{""percentile"": ""p95"", ""proxy_name"": ""ZYTE_PROXY_MODE"", ""spider_name"": ""pdp_belezanaweb_com_br""}";1.434149026870728;1.529998064041138;1.5806382497151692;5.839687619890486;3.749838050206503;3.477723500307869;4.916322754850537;3.7348149106065027
6;25204;181;432;"{""percentile"": ""p95"", ""proxy_name"": ""ZYTE_PROXY_MODE"", ""spider_name"": ""plp_belezanaweb_com_br""}";1.991406917572021;1.933381795883179;1.8500405947367353;4.588534355163574;3.411842918395996;3.22440608809976;4.434224831691862;3.1179801722571874
32;25204;181;432;;100;100;100;100;100;100;0;0
28;25204;181;432;;100;100;100;100;100;100;0;0
30;25204;181;432;;100;100;100;100;100;100;0;0
16;25203;181;435;;0;0;0;0;0;0.34444444444444444;0;1.4201808266016387
13;25203;181;435;"{""proxy_name"": ""DEFAULT"", ""spider_name"": ""pdp_drogariasaopaulo_com_br""}";0;0;0;0;0;0;0;0
13;25203;181;435;"{""proxy_name"": ""ZYTE_PROXY_MODE"", ""spider_name"": ""plp_drogariasaopaulo_com_br""}";0;0;0;0;0;0;0;0
14;25203;181;435;;0;0;0;0;0;0;0;0
10;25203;181;435;;0.9982758620689656;0.9982817869415808;0.9982768444312645;0.9982511424798614;0.9982487032685242;0.9982525954653544;0.00005977508600204748;0.00005583610244062258
11;25203;181;435;"{""percentile"": ""p50"", ""proxy_name"": ""DEFAULT"", ""spider_name"": ""pdp_drogariasaopaulo_com_br""}";1.032087802886963;1.011519908905029;1.1063222885131836;1.0877042497907368;1.058637269337972;1.0535866512971765;0.08715688853060537;0.06350028290215148
11;25203;181;435;"{""percentile"": ""p50"", ""proxy_name"": ""ZYTE_PROXY_MODE"", ""spider_name"": ""plp_drogariasaopaulo_com_br""}";2.180200338363647;1.983420372009277;2.1700429121653237;2.248846564974104;2.204822858174642;2.1928823274724625;0.1962363392910626;0.15366665190526976
6;25203;181;435;"{""percentile"": ""p95"", ""proxy_name"": ""DEFAULT"", ""spider_name"": ""pdp_drogariasaopaulo_com_br""}";1.23949670791626;1.281990528106689;1.484042167663574;4.1112510817391525;2.873044935862223;2.6806323247797343;4.120831188379229;2.9316046181369138
6;25203;181;435;"{""percentile"": ""p95"", ""proxy_name"": ""ZYTE_PROXY_MODE"", ""spider_name"": ""plp_drogariasaopaulo_com_br""}";3.680508613586426;3.617187023162842;3.579869111378988;6.433721576418196;5.196328512827555;5.01999958823709;4.011330701064637;2.8948222587173893
2;25203;181;435;;31;31;31;30.857142857142858;30.933333333333334;30.964285714285715;0.3499271061118826;0.18557687223952257
32;25203;181;435;;100;100;100;100;100;100;0;0
28;25203;181;435;;100;100;100;100;100;100;0;0
30;25203;181;435;;100;100;100;100;100;100;0;0
12;25203;181;435;;0;0;0;0;0;0;0;0
18;25202;181;438;;0;0;0;0;0;0;0;0
19;25202;181;438;;2;2;2;2;2;2;0;0
9;25202;181;438;;0;0;0;0;0;0;0;0
20;25202;181;438;;0;0;0;0;0;0;0;0
8;25202;181;438;;0;0;0;0;0;0;0;0
13;25202;181;438;"{""proxy_name"": ""ZYTE_PROXY_MODE"", ""spider_name"": ""pdp_drogariaspacheco_com_br""}";0;0;0;0;0;0;0;0
13;25202;181;438;"{""proxy_name"": ""ZYTE_PROXY_MODE"", ""spider_name"": ""plp_drogariaspacheco_com_br""}";0;0;0;9.142857142857142;4.266666666666667;3.5555555555555554;22.395334791160487;14.659931113307238
7;25202;181;438;;0;0;0;0;0;0;0;0
5;25202;181;438;;0;0;0;0;0;0;0;0
21;25202;181;438;;0;;;;;;;
14;25202;181;438;;0;0;0;0;0;0;0;0
10;25202;181;438;;1;1;1;1;1;1;0;0
11;25202;181;438;"{""percentile"": ""p50"", ""proxy_name"": ""ZYTE_PROXY_MODE"", ""spider_name"": ""pdp_drogariaspacheco_com_br""}";1.232532024383545;1.180504322052002;1.25517471631368;1.3373215539114816;1.3147994995117187;1.3069207270940144;0.11991104434432664;0.09746895460263164
11;25202;181;438;"{""percentile"": ""p50"", ""proxy_name"": ""ZYTE_PROXY_MODE"", ""spider_name"": ""plp_drogariaspacheco_com_br""}";1.876663684844971;2.023087501525879;1.8011242548624675;1.9512043680463518;1.9597890694936118;1.949429194132487;0.29552036121886616;0.1972504456914821
6;25202;181;438;"{""percentile"": ""p95"", ""proxy_name"": ""ZYTE_PROXY_MODE"", ""spider_name"": ""pdp_drogariaspacheco_com_br""}";1.922950506210327;1.549597501754761;1.8388692537943523;4.059303181512015;3.6073878924051925;3.2819410297605724;3.347043385274023;3.0719138226856844
6;25202;181;438;"{""percentile"": ""p95"", ""proxy_name"": ""ZYTE_PROXY_MODE"", ""spider_name"": ""plp_drogariaspacheco_com_br""}";2.712839126586914;3.869518041610718;3.140209118525187;4.289714540754046;4.699733750025431;4.483358369933234;3.1118412890222285;2.8468042154388775
4;25202;181;438;;31;31;30.333333333333332;30.142857142857142;30.066666666666666;30.03448275862069;0.3499271061118826;0.18246560765962694
29;25202;181;438;;100;100;100;100;100;100;0;0
2;25202;181;438;;31;31;30.333333333333332;30.142857142857142;30.066666666666666;30.03448275862069;0.3499271061118826;0.18246560765962694
32;25202;181;438;;100;100;100;100;100;100;0;0
28;25202;181;438;;100;100;100;100;100;100;0;0
30;25202;181;438;;100;100;100;100;100;100;0;0
12;25202;181;438;;0;0;0;0;0;0;0;0
13;25201;181;434;"{""proxy_name"": ""ZYTE_PROXY_MODE"", ""spider_name"": ""pdp_drogasil_com_br""}";0;0;0;0;0;0;0;0
13;25201;181;434;"{""proxy_name"": ""ZYTE_PROXY_MODE"", ""spider_name"": ""plp_drogasil_com_br""}";0;0;0;0;0;0;0;0
14;25201;181;434;;0;0;0.003968253968253968;0.0017006802721088435;0.0007936507936507937;0.0007002801120448179;0.004165798882284316;0.0028011204481792717
10;25201;181;434;;1;1;0.996031746031746;0.9982993197278912;0.9992063492063491;0.9992997198879552;0.004165798882284302;0.0028011204481792618
11;25201;181;434;"{""percentile"": ""p50"", ""proxy_name"": ""ZYTE_PROXY_MODE"", ""spider_name"": ""pdp_drogasil_com_br""}";1.306982517242432;1.332517147064209;1.3310842514038086;1.2938330514090401;1.1372305552164714;1.1153024084427778;0.2791836200355394;0.2713069397516413
11;25201;181;434;"{""percentile"": ""p50"", ""proxy_name"": ""ZYTE_PROXY_MODE"", ""spider_name"": ""plp_drogasil_com_br""}";1.628341197967529;1.238753795623779;1.4753292401631672;1.40182215826852;1.319124460220337;1.3075815439224243;0.1427561273114304;0.1328278922790282
6;25201;181;434;"{""percentile"": ""p95"", ""proxy_name"": ""ZYTE_PROXY_MODE"", ""spider_name"": ""pdp_drogasil_com_br""}";17.45638561248779;5.065181016921997;7.280366261800129;7.164672749383108;5.747452179590861;5.325117125230677;2.972083515235697;4.193354957642613
6;25201;181;434;"{""percentile"": ""p95"", ""proxy_name"": ""ZYTE_PROXY_MODE"", ""spider_name"": ""plp_drogasil_com_br""}";2.84152626991272;1.787757873535156;2.938479661941528;5.200757469449725;3.7976222674051923;3.693595916032791;3.998790291624425;3.023433745247894
29;25201;181;434;;100;100;100;100;100;100;0;0
27;25201;181;434;;100;100;100;100;100;100;0;0
31;25201;181;434;;100;100;100;100;100;100;0;0
26;25201;181;434;;0;0;0;0;0;0;0;0
2;25201;181;434;;54;54;53.666666666666664;53.857142857142854;53.93333333333333;53.827586206896555;0.3499271061118826;0.37773969483114905
32;25201;181;434;;100;100;100;100;100;100;0;0
28;25201;181;434;;100;100;100;100;100;100;0;0
30;25201;181;434;;100;100;100;100;100;100;0;0
12;25201;181;434;;0;0;0;0;0;0;0;0
13;25200;181;433;"{""proxy_name"": ""ZYTE_PROXY_MODE"", ""spider_name"": ""pdp_drogaraia_com_br""}";0;0;0;0;0;0;0;0
13;25200;181;433;"{""proxy_name"": ""ZYTE_PROXY_MODE"", ""spider_name"": ""plp_drogaraia_com_br""}";0;0;0;0;0;0;0;0
14;25200;181;433;;0;0;0;0;0;0;0;0
10;25200;181;433;;1;1;1;1;1;1;0;0
11;25200;181;433;"{""percentile"": ""p50"", ""proxy_name"": ""ZYTE_PROXY_MODE"", ""spider_name"": ""pdp_drogaraia_com_br""}";0.9385805130004883;0.9197330474853516;0.8864312171936035;0.9219345024653843;1.0649597962697348;1.0470255543203915;0.09579866107472397;0.3761401911034845
11;25200;181;433;"{""percentile"": ""p50"", ""proxy_name"": ""ZYTE_PROXY_MODE"", ""spider_name"": ""plp_drogaraia_com_br""}";1.203398466110229;1.242353677749634;1.324027379353841;1.327953849520002;1.2870192686716715;1.2870192686716715;0.05194085624337166;0.06816301348183924
26;25189;166;378;;0;0;0;0;0;0;0;0
2;25189;166;378;;160;143;142.33333333333334;136.85714285714286;131.2;124.06896551724138;6.663945022680344;10.275283482901255
32;25189;166;378;;100;100;100;100;100;100;0;0
28;25189;166;378;;0;0;0;0;0;0;0;0
30;25189;166;378;;100;100;100;100;100;100;0;0
12;25189;166;378;;0;0;0;0;0;0;0;0
18;25185;181;432;;76.19;85.71;84.12333333333333;80.95;82.21933333333332;82.53666666666666;3.598221783047842;2.8968437485828753
19;25185;181;432;;2;2;2;2;2;2;0;0
9;25185;181;432;;0;0;0;0;0;0;0;0
20;25185;181;432;;0;0;0;0;0;0;0;0
8;25185;181;432;;0;0;0;0;0;0;0;0
15;25185;181;432;;0;;;;;;;
13;25185;181;432;"{""proxy_name"": ""ZYTE_PROXY_MODE"", ""spider_name"": ""pdp_belezanaweb_com_br""}";0;0;0;0;0;0;0;0
13;25185;181;432;"{""proxy_name"": ""ZYTE_PROXY_MODE"", ""spider_name"": ""plp_belezanaweb_com_br""}";0;0;0;10.052857142857144;4.691333333333334;4.398125;24.62437045709318;17.033864879538495
7;25185;181;432;;0;0;0;0;0;0;0;0
5;25185;181;432;;0;0;0;0;0;0;0;0
21;25185;181;432;;0;;;;;;;
14;25185;181;432;;0;0;0;0;0;0;0;0
10;25185;181;432;;1;1;1;1;1;1;0;0
11;25185;181;432;"{""percentile"": ""p50"", ""proxy_name"": ""ZYTE_PROXY_MODE"", ""spider_name"": ""pdp_belezanaweb_com_br""}";1.183293104171753;1.26358437538147;1.2550400892893474;1.2541699068886893;1.236646827061971;1.2340679168701174;0.03638743121748916;0.03978354652982378
11;25185;181;432;"{""percentile"": ""p50"", ""proxy_name"": ""ZYTE_PROXY_MODE"", ""spider_name"": ""plp_belezanaweb_com_br""}";1.386696100234985;1.365662097930908;1.4047547181447346;1.3884895188467843;1.3739721139272054;1.3706011772155762;0.03406942109297847;0.035462850405672486
6;25184;181;438;"{""percentile"": ""p95"", ""proxy_name"": ""ZYTE_PROXY_MODE"", ""spider_name"": ""plp_drogariaspacheco_com_br""}";3.869518041610718;2.307935953140259;3.005995591481527;5.567167963300432;4.677068169911703;4.519466624540441;4.289675602743297;2.9253288572015266
4;25184;181;438;;31;30;30;30;30;30;0;0
29;25184;181;438;;100;100;100;100;100;100;0;0
27;25184;181;438;;100;100;100;100;100;100;0;0
31;25184;181;438;;100;100;100;100;100;100;0;0
26;25184;181;438;;0;0;0;0;0;0;0;0
2;25184;181;438;;31;30;30;30;30;30;0;0
32;25184;181;438;;100;100;100;100;100;100;0;0
28;25184;181;438;;100;100;100;100;100;100;0;0
30;25184;181;438;;100;100;100;100;100;100;0;0
12;25184;181;438;;0;0;0;0;0;0;0;0
16;25150;111;228;;76.53;66.67;50.00333333333333;56.92285714285714;57.974000000000004;60.15576923076923;31.80943333320466;28.220492168890992
28;25150;111;228;;100;100;100;100;100;100;0;0
30;25150;111;228;;100;100;100;100;100;100;0;0
12;25150;111;228;;0;0;0;0;0;0;0;0
18;25142;181;433;;79.25;79.25;79.25;79.25;79.75133333333333;79.64678571428571;0;1.0339903756509403
19;25142;181;433;;2;2;2;2;2;2;0;0
9;25142;181;433;;0;0;0;0;0;0;0;0
20;25142;181;433;;20.75;20.75;20.123333333333335;21.56142857142857;15.594666666666667;13.845;1.3739352092379296;5.214782217066076
8;25142;181;433;;0;0;0;0;0;0;0;0
15;25142;181;433;;0;;;;;;;
7;25142;181;433;;0;0;0;0;0;0;0;0
5;25142;181;433;;0;0;0;0;0;0;0;0
21;25142;181;433;;0;;;;;;;
4;25142;181;433;;53;53;53;53;53;52.82142857142857;0;0.38299304624155744
29;25142;181;433;;100;100;100;100;100;100;0;0
27;25142;181;433;;100;100;100;100;100;100;0;0
31;25142;181;433;;100;100;100;100;100;100;0;0
26;25142;181;433;;0;0;0;0;0;0;0;0
2;25142;181;433;;53;53;53;53;53;52.82142857142857;0;0.38299304624155744
32;25142;181;433;;100;100;100;100;100;100;0;0
28;25142;181;433;;100;100;100;100;100;100;0;0
30;25142;181;433;;100;100;100;100;100;100;0;0
12;25142;181;433;;0;0;0;0;0;0;0;0
18;25119;117;423;;89.55;89.23;89.53333333333335;89.06285714285715;84.90799999999999;83.6738888888889;2.0186467481651023;5.439449664655516
19;25119;117;423;;1;1;1;1;1;1;0;0
9;25119;117;423;;0;0;0;0;0;0;0;0
20;25119;117;423;;0;0;0;0;0;0;0;0
8;25119;117;423;;0;0;0;0;0;0;0;0
15;25119;117;423;;7;;;;;;;
24;25119;117;423;;0;0;0;0;0;0;0;0
8;25338;121;419;;0;0;0;0;0;0;0;0
15;25338;121;419;;0;;;;;;;
13;25338;121;419;"{""proxy_name"": ""ZYTE_PROXY_MODE"", ""spider_name"": ""pdp_madesa_com""}";0;0;0;0;0;0;0;0
7;25338;121;419;;0;0;0;0;0;0;0;0
35;25338;121;419;;1;1;1;1;1;1;0;0
36;25338;121;419;;1;1;1;1;1;1;0;0
5;25338;121;419;;0;0;0;0;0;0;0;0
21;25338;121;419;;0;;;;;;;
14;25338;121;419;;0;0;0.0020804458304458304;0.0008916196416196416;0.0006241337491337491;0.0006241337491337491;0.001514896378281087;0.0013316849097170151
10;25338;121;419;;1;1;0.9979195541695542;0.9991083803583803;0.9993758662508663;0.9993758662508663;0.001514896378281086;0.0013316849097170145
11;25338;121;419;"{""percentile"": ""p50"", ""proxy_name"": ""ZYTE_PROXY_MODE"", ""spider_name"": ""pdp_madesa_com""}";1.270411491394043;1.250674724578857;1.2771500746409097;1.2750905922480993;1.2858519077301025;1.2858519077301025;0.020884751920257617;0.0331141800880777
6;25338;121;419;"{""percentile"": ""p95"", ""proxy_name"": ""ZYTE_PROXY_MODE"", ""spider_name"": ""pdp_madesa_com""}";1.488663911819458;1.695878744125366;1.5540107885996501;1.6031264918191093;1.5916480541229245;1.5916480541229245;0.1967904901896465;0.1693402334311392
4;25338;121;419;;459;459;459;459;459;459;0;0
29;25338;121;419;;100;100;100;100;100;100;0;0
27;25338;121;419;;100;100;100;100;100;100;0;0
31;25338;121;419;;100;100;100;100;100;100;0;0
13;25183;181;435;"{""proxy_name"": ""DEFAULT"", ""spider_name"": ""pdp_drogariasaopaulo_com_br""}";0;0;0;0;0;0;0;0
13;25183;181;435;"{""proxy_name"": ""ZYTE_PROXY_MODE"", ""spider_name"": ""plp_drogariasaopaulo_com_br""}";0;0;0;0;0;0;0;0
14;25183;181;435;;0;0;0;0;0;0;0;0
10;25183;181;435;;0.9982817869415808;0.998272884283247;0.9982758586521144;0.9982250099618627;0.9982487032685242;0.9982507709980901;0.00007790300375081817;0.00005706081981692264
11;25183;181;435;"{""percentile"": ""p50"", ""proxy_name"": ""DEFAULT"", ""spider_name"": ""pdp_drogariasaopaulo_com_br""}";1.011519908905029;1.042999029159546;1.119072198867798;1.088564327784947;1.0596942583719888;1.0562158226966858;0.08642749951881447;0.06455068226578359
11;25183;181;435;"{""percentile"": ""p50"", ""proxy_name"": ""ZYTE_PROXY_MODE"", ""spider_name"": ""plp_drogariasaopaulo_com_br""}";1.983420372009277;2.126327514648438;2.2384806474049888;2.2511565685272217;2.2125242551167807;2.2059736996889114;0.19316947652041408;0.14891524922367033
6;25183;181;435;"{""percentile"": ""p95"", ""proxy_name"": ""DEFAULT"", ""spider_name"": ""pdp_drogariasaopaulo_com_br""}";1.281990528106689;1.36911940574646;1.5188367366790771;4.104595388684953;2.870338996251424;2.7680474370718;4.1254305050806295;3.000257640241868
6;25183;181;435;"{""percentile"": ""p95"", ""proxy_name"": ""ZYTE_PROXY_MODE"", ""spider_name"": ""plp_drogariasaopaulo_com_br""}";3.617187023162842;3.470826864242554;3.582348108291626;6.270364216395788;5.191736682256063;5.10767537355423;4.143801522009474;2.961936177112344
27;25183;181;435;;100;100;100;100;100;100;0;0
31;25183;181;435;;100;100;100;100;100;100;0;0
26;25183;181;435;;0;0;0;0;0;0;0;0
2;25183;181;435;;31;31;31;30.857142857142858;30.933333333333334;30.962962962962962;0.3499271061118826;0.18885257457751056
32;25183;181;435;;100;100;100;100;100;100;0;0
28;25183;181;435;;100;100;100;100;100;100;0;0
30;25183;181;435;;100;100;100;100;100;100;0;0
12;25183;181;435;;0;0;0;0;0;0;0;0
18;25182;181;433;;79.25;79.25;79.25;79.25;79.62599999999999;79.63310344827586;0;1.0185828676469915
19;25182;181;433;;2;2;2;2;2;2;0;0
9;25182;181;433;;0;0;0;0;0;0;0;0
20;25182;181;433;;16.98;20.75;20.123333333333335;21.291428571428572;15.972000000000001;14.083103448275862;1.3201020368725678;5.276707504945365
8;25182;181;433;;0;0;0;0;0;0;0;0
13;25182;181;433;"{""proxy_name"": ""ZYTE_PROXY_MODE"", ""spider_name"": ""pdp_drogaraia_com_br""}";0;0;0;0;0;0;0;0
13;25182;181;433;"{""proxy_name"": ""ZYTE_PROXY_MODE"", ""spider_name"": ""plp_drogaraia_com_br""}";0;0;0;0;0;0;0;0
7;25182;181;433;;0;0;0;0;0;0;0;0
5;25182;181;433;;0;0;0;0;0;0;0;0
21;25182;181;433;;0;;;;;;;
14;25182;181;433;;0;0;0;0;0;0;0;0
10;25182;181;433;;1;1;1;1;1;1;0;0
11;25182;181;433;"{""percentile"": ""p50"", ""proxy_name"": ""ZYTE_PROXY_MODE"", ""spider_name"": ""pdp_drogaraia_com_br""}";0.9197330474853516;0.9097285270690918;0.8490164279937744;0.9234370504106794;1.0648993651072185;1.0549813359975815;0.09583482551955463;0.3863263228385549
11;25182;181;433;"{""percentile"": ""p50"", ""proxy_name"": ""ZYTE_PROXY_MODE"", ""spider_name"": ""plp_drogaraia_com_br""}";1.242353677749634;1.361751556396484;1.368051528930664;1.3257300853729248;1.2902096680232458;1.2902096680232458;0.055751524599052554;0.06946501175779626
6;25182;181;433;"{""percentile"": ""p95"", ""proxy_name"": ""ZYTE_PROXY_MODE"", ""spider_name"": ""pdp_drogaraia_com_br""}";2.379924297332764;3.123259782791138;2.561500310897827;2.547978775841849;2.59663716952006;2.5938128381967545;0.27558732056429397;0.272757778140898
6;25182;181;433;"{""percentile"": ""p95"", ""proxy_name"": ""ZYTE_PROXY_MODE"", ""spider_name"": ""plp_drogaraia_com_br""}";2.256274938583374;2.765605449676514;2.8021348317464194;2.872563566480364;2.5771933623722623;2.5771933623722623;0.681592829336794;0.6702129011038406
4;25182;181;433;;53;53;53;53;53;52.827586206896555;0;0.37773969483114905
29;25182;181;433;;100;100;100;100;100;100;0;0
27;25182;181;433;;100;100;100;100;100;100;0;0
31;25182;181;433;;100;100;100;100;100;100;0;0
26;25182;181;433;;0;0;0;0;0;0;0;0
2;25182;181;433;;53;53;53;53;53;52.827586206896555;0;0.37773969483114905
32;25182;181;433;;100;100;100;100;100;100;0;0
28;25182;181;433;;100;100;100;100;100;100;0;0
30;25182;181;433;;100;100;100;100;100;100;0;0
12;25182;181;433;;0;0;0;0;0;0;0;0
13;25181;181;434;"{""proxy_name"": ""ZYTE_PROXY_MODE"", ""spider_name"": ""pdp_drogasil_com_br""}";0;0;0;0;0;0;0;0
13;25181;181;434;"{""proxy_name"": ""ZYTE_PROXY_MODE"", ""spider_name"": ""plp_drogasil_com_br""}";0;0;0;0;0;0;0;0
14;25181;181;434;;0;0.011904761904761904;0.003968253968253968;0.0017006802721088435;0.0007936507936507937;0.000744047619047619;0.004165798882284316;0.0028816840373567087
10;25181;181;434;;1;0.9880952380952381;0.996031746031746;0.9982993197278912;0.9992063492063491;0.9992559523809523;0.004165798882284302;0.0028816840373566987
11;25181;181;434;"{""percentile"": ""p50"", ""proxy_name"": ""ZYTE_PROXY_MODE"", ""spider_name"": ""pdp_drogasil_com_br""}";1.332517147064209;0.8226833343505859;1.3058723608652751;1.2534331594194685;1.1262426058451334;1.1017264872789383;0.2908792442928794;0.2739976746747004
11;25181;181;434;"{""percentile"": ""p50"", ""proxy_name"": ""ZYTE_PROXY_MODE"", ""spider_name"": ""plp_drogasil_com_br""}";1.238753795623779;1.489781379699707;1.4931767781575525;1.4020818642207558;1.3121700604756674;1.3121700604756674;0.1424605802292225;0.13595070363392103
6;25181;181;434;"{""percentile"": ""p95"", ""proxy_name"": ""ZYTE_PROXY_MODE"", ""spider_name"": ""pdp_drogasil_com_br""}";5.065181016921997;4.814665555953979;8.126244703928629;7.012952395847864;5.561492172876994;5.3413631319999695;3.0997525822851686;4.321892300465605
6;25181;181;434;"{""percentile"": ""p95"", ""proxy_name"": ""ZYTE_PROXY_MODE"", ""spider_name"": ""plp_drogasil_com_br""}";1.787757873535156;3.835189342498779;3.1497051715850826;5.169542380741665;3.8206517855326334;3.8206517855326334;4.0260705728119275;3.0809528746435215
12;25181;181;434;;0;0;0;0;0;0;0;0
16;25180;181;436;;0;0;0;1.0985714285714285;2.86125;2.86125;2.6909394460003773;5.299552899773715
13;25180;181;436;"{""proxy_name"": ""ZYTE_PROXY_MODE"", ""spider_name"": ""pdp_paguemenos_com_br""}";0;0;0;0;0;0;0;0
13;25180;181;436;"{""proxy_name"": ""ZYTE_PROXY_MODE"", ""spider_name"": ""plp_paguemenos_com_br""}";0;0;0;0;0;0;0;0
14;25180;181;436;;0;0;0;0;0;0;0;0
10;25180;181;436;;1;1;1;1;1;1;0;0
11;25180;181;436;"{""percentile"": ""p50"", ""proxy_name"": ""ZYTE_PROXY_MODE"", ""spider_name"": ""pdp_paguemenos_com_br""}";2.099103450775146;2.505184173583984;2.5289642810821533;2.4674504143851146;2.491713857650757;2.478517636656761;0.1581126035642766;0.14917675444430195
11;25180;181;436;"{""percentile"": ""p50"", ""proxy_name"": ""ZYTE_PROXY_MODE"", ""spider_name"": ""plp_paguemenos_com_br""}";1.73788595199585;1.435308694839478;1.612020492553711;1.668766975402832;1.6433847972324915;1.6433847972324915;0.2838253266254099;0.28476404707273045
6;25180;181;436;"{""percentile"": ""p95"", ""proxy_name"": ""ZYTE_PROXY_MODE"", ""spider_name"": ""pdp_paguemenos_com_br""}";3.574710607528687;3.361230850219727;3.7329305807749438;4.937602724347796;4.271678415934245;4.204095259308815;3.1309311711339545;2.1891130014729168
6;25180;181;436;"{""percentile"": ""p95"", ""proxy_name"": ""ZYTE_PROXY_MODE"", ""spider_name"": ""plp_paguemenos_com_br""}";2.74978494644165;3.243905067443848;3.5751386483510337;4.923734222139632;4.17440334388188;4.17440334388188;3.422138010509117;2.5919383576620643
16;25179;181;437;;0;0;0;7.18;7.18;7.18;12.436124798344538;12.436124798344538
13;25179;181;437;"{""proxy_name"": ""ZYTE_PROXY_MODE"", ""spider_name"": ""pdp_drogariavenancio_com_br""}";0;0;0;0;0;0;0;0
13;25179;181;437;"{""proxy_name"": ""ZYTE_PROXY_MODE"", ""spider_name"": ""plp_drogariavenancio_com_br""}";0;0;0;0;0;0;0;0
14;25179;181;437;;0;0;0;0;0;0;0;0
10;25179;181;437;;1;1;1;1;1;1;0;0
11;25179;181;437;"{""percentile"": ""p50"", ""proxy_name"": ""ZYTE_PROXY_MODE"", ""spider_name"": ""pdp_drogariavenancio_com_br""}";2.609734296798706;2.915446996688843;2.894465128580729;2.8523920604160855;2.7677083015441895;2.7409805953502655;0.17910291955054597;0.23020608556653605
11;25179;181;437;"{""percentile"": ""p50"", ""proxy_name"": ""ZYTE_PROXY_MODE"", ""spider_name"": ""plp_drogariavenancio_com_br""}";2.270618438720703;2.958461046218872;2.7619401613871255;2.8284558909279958;2.770085266658238;2.770085266658238;0.24445505461023403;0.2527088416175857
6;25179;181;437;"{""percentile"": ""p95"", ""proxy_name"": ""ZYTE_PROXY_MODE"", ""spider_name"": ""pdp_drogariavenancio_com_br""}";4.122308254241943;3.865674018859863;4.166522900263469;6.469619103840418;5.161436716715495;5.029820099473;3.923116870839209;2.9508468997497648
6;25179;181;437;"{""percentile"": ""p95"", ""proxy_name"": ""ZYTE_PROXY_MODE"", ""spider_name"": ""plp_drogariavenancio_com_br""}";3.705426931381226;3.791471481323242;4.110428651173909;6.084315402167183;5.174248831612723;5.174248831612723;5.144365472999521;3.7764392580362287
2;25179;181;437;;27;27;27;27;27;27;0;0
32;25179;181;437;;100;100;100;100;100;100;0;0
28;25179;181;437;;100;100;100;100;100;100;0;0
30;25179;181;437;;100;100;100;100;100;100;0;0
12;25179;181;437;;0;0;0;0;0;0;0;0
16;25178;181;430;;0;0;0.6566666666666666;0.2814285714285714;0.13133333333333333;0.07576923076923077;0.6893563990404087;0.37884615384615383
13;25178;181;430;"{""proxy_name"": ""ZYTE_PROXY_MODE"", ""spider_name"": ""pdp_amazon_com_br""}";0;0;0.6566666666666666;0.6271428571428571;0.31357142857142856;0.31357142857142856;0.9988667047597247;0.7727835322747904
13;25178;181;430;"{""proxy_name"": ""DEFAULT"", ""spider_name"": ""plp_amazon_com_br""}";0;0;0;0;0;0;0;0
14;25178;181;430;;0.6972972972972973;0.05851063829787234;0.5839151103159795;0.7248475878895162;0.7793429692041219;0.7793429692041219;0.2727441833225084;0.19317906536720933
10;25178;181;430;;0.3027027027027027;0.9414893617021277;0.4160848896840205;0.2751524121104838;0.22065703079587806;0.22065703079587806;0.2727441833225084;0.19317906536720936
11;25178;181;430;"{""percentile"": ""p50"", ""proxy_name"": ""ZYTE_PROXY_MODE"", ""spider_name"": ""pdp_amazon_com_br""}";2.911974430084229;3.057832717895508;3.0973286628723145;3.0459071568080356;3.0405092920575822;3.0405092920575822;0.05428865206287164;0.04302275220158303
11;25178;181;430;"{""percentile"": ""p50"", ""proxy_name"": ""DEFAULT"", ""spider_name"": ""plp_amazon_com_br""}";1.438131093978882;1.48478102684021;1.4783613681793213;1.4521768774305073;1.4394633599690032;1.4394633599690032;0.04646441230323633;0.041049374539203376
6;25178;181;430;"{""percentile"": ""p95"", ""proxy_name"": ""ZYTE_PROXY_MODE"", ""spider_name"": ""pdp_amazon_com_br""}";3.309606552124023;3.470435857772827;3.452159881591797;3.387427636555263;3.591011013303484;3.591011013303484;0.073099360338654;0.3223062466214149
6;25178;181;430;"{""percentile"": ""p95"", ""proxy_name"": ""DEFAULT"", ""spider_name"": ""plp_amazon_com_br""}";1.862223863601685;1.68941593170166;1.6768215497334795;1.7199637208666119;1.7308116129466466;1.7308116129466466;0.05877235231370368;0.06796409759541903
18;25177;108;222;;52.98;52.98;53.44333333333333;53.62;54.413333333333334;55.71035714285715;0.32723953655650284;6.893788343834747
19;25177;108;222;;11;11;11;11;11;10.892857142857142;0;0.5567306167185677
9;25177;108;222;;0;0;0;0;0;0;0;0
20;25177;108;222;;0;0;0;0;0;0.2975;0;1.5040697765918782
8;25177;108;222;;0;0;0;0;0;1.52;0;5.51661386825547
24;25177;108;222;;0;0;0;0;0;0;0;0
23;25177;108;222;;0;0;0;0;1.1326666666666665;0.8586363636363636;0;2.5707874553326784
22;25177;108;222;;0;0;0;0;0.392;0.2672727272727273;0;1.2247975039245609
25;25177;108;222;;0;0;0;0;0.392;0.2672727272727273;0;1.2247975039245609
16;25177;108;222;;100;100;75;56.76;64.82666666666667;64.41818181818182;31.03206682495659;30.39586285191451
13;25177;108;222;"{""proxy_name"": ""SCRAPE_DO"", ""spider_name"": ""pdp_magazineluiza_com_br_sellers_variants""}";0.83;0.02;0.04666666666666667;0.051428571428571435;0.1;0.10941176470588236;0.030904725218262766;0.13871132055397278
13;25177;108;222;"{""spider_name"": ""plp_magazineluiza_com_br""}";0;0;0;0;0;0;0;0
13;25177;108;222;"{""proxy_name"": ""ZYTE_PROXY_MODE"", ""spider_name"": ""plp_magazineluiza_com_br""}";0;0;0;0;0;0;0;0
7;25177;108;222;;0;0;0;0;0;0;0;0
35;25177;108;222;;2;2;2.3333333333333335;2.7142857142857144;2.8;2.7857142857142856;0.45175395145262565;0.4896896143143603
36;25177;108;222;;11;11;11;11;11;10.928571428571429;0;2.0861545523586047
5;25177;108;222;;0;0;0;0;0;0;0;0
21;25177;108;222;;0;;;;;;;
14;25177;108;222;;0.001067561384779625;0.0010230971942334522;0.0011598878504737794;0.09586376687223307;0.04539711414133275;0.040123996269633165;0.23182205649584148;0.15146707960400901
10;25177;108;222;;0.9989324386152204;0.9989769028057666;0.9988401121495262;0.9041362331277669;0.9546028858586673;0.9590971875309899;0.23182205649584148;0.15148702401589614
11;25177;108;222;"{""percentile"": ""p50"", ""proxy_name"": ""SCRAPE_DO"", ""spider_name"": ""pdp_magazineluiza_com_br_sellers_variants""}";2.752373695373535;1.446597814559937;1.4571019808451335;1.2693921497889928;1.3789117654164629;1.5569680718814622;0.4471341328579223;0.5757032407871061
11;25177;108;222;"{""percentile"": ""p50"", ""spider_name"": ""plp_magazineluiza_com_br""}";0.01191067695617676;0.03345847129821777;0.027164459228515625;0.025164638246808733;0.026021925608317058;2.8078767210245137;0.0043823836836238365;10.774079533268923
11;25177;108;222;"{""percentile"": ""p50"", ""proxy_name"": ""ZYTE_PROXY_MODE"", ""spider_name"": ""plp_magazineluiza_com_br""}";1.620907068252563;1.542634725570679;1.5485639572143557;1.5764315468924386;1.5442291577657064;2.0422591898176403;0.09523791838017508;1.4093369184654831
6;25177;108;222;"{""percentile"": ""p95"", ""proxy_name"": ""SCRAPE_DO"", ""spider_name"": ""pdp_magazineluiza_com_br_sellers_variants""}";9.168237209320068;2.990149021148682;3.048822005589803;2.617412907736642;3.1118953386942545;3.600288110620835;0.9791602903078372;1.734724706173938
6;25177;108;222;"{""percentile"": ""p95"", ""spider_name"": ""plp_magazineluiza_com_br""}";0.2359967231750488;0.4467358589172363;0.4016599655151367;0.36512442997523714;0.3670100529988607;3.1275530904531483;0.06221968717286585;10.69173584776978
6;25177;108;222;"{""percentile"": ""p95"", ""proxy_name"": ""ZYTE_PROXY_MODE"", ""spider_name"": ""plp_magazineluiza_com_br""}";4.929562568664551;8.530962705612183;10.18805766105652;8.295516490936281;6.495520798365275;6.876304586728414;4.5149980660810805;4.563701695175563
4;25177;108;222;;16577;16717;16680.333333333332;16699.14285714286;16476;15789.67857142857;39.24075349294248;3789.5621878068055
29;25177;108;222;;0.01;0.01;0.006666666666666667;0.008571428571428572;0.009333333333333334;0.0075;0.003499271061118826;0.004330127018922193
27;25177;108;222;;0.01;0.01;0.006666666666666667;0.008571428571428572;0.009333333333333334;0.0075;0.003499271061118826;0.004330127018922193
31;25177;108;222;;0.01;0.01;0.006666666666666667;0.008571428571428572;0.009333333333333334;0.0075;0.003499271061118826;0.004330127018922193
34;25177;108;222;;526;531;532.3333333333334;532.8571428571429;535.8;522.3214285714286;0.989743318610787;103.28775808094468
26;25177;108;222;;0;0;0;0;0;0;0;0
2;25177;108;222;;8757;8831;8889;8928.714285714286;8930.533333333333;8771.857142857143;55.28294566711015;1977.1636559599663
32;25177;108;222;;0.01;0.01;0.006666666666666667;0.008571428571428572;0.009333333333333334;0.0075;0.003499271061118826;0.004330127018922193
28;25177;108;222;;0.01;0.01;0.006666666666666667;0.008571428571428572;0.009333333333333334;0.0075;0.003499271061118826;0.004330127018922193
30;25177;108;222;;0.01;0.01;0.006666666666666667;0.008571428571428572;0.009333333333333334;0.0075;0.003499271061118826;0.004330127018922193
12;25177;108;222;;0;0;0;0;0;0;0;0
18;25176;111;229;;71.77;71.92;71.77666666666666;71.78285714285714;71.89733333333334;72.52448275862069;0.21378990258891892;0.948118231412738
19;25176;111;229;;1;1;1;1;1;1;0;0
9;25176;111;229;;0;0;0;0;0;0;0;0
20;25176;111;229;;0;0;0;0;0;0;0;0
13;25176;111;229;"{""proxy_name"": ""SCRAPE_DO"", ""spider_name"": ""pdp_magazineluiza_com_br_sellers_variants""}";0.81;0.48;0.48333333333333334;0.41714285714285715;0.41714285714285715;0.41714285714285715;0.4920718381268644;0.4920718381268644
13;25176;111;229;"{""spider_name"": ""plp_magazineluiza_com_br""}";0;0;0;0;0;0;0;0
13;25176;111;229;"{""proxy_name"": ""ZYTE_PROXY_MODE"", ""spider_name"": ""plp_magazineluiza_com_br""}";0;0;0;0;0;0;0;0
35;25176;111;229;;1;27;18;15.285714285714286;14.333333333333334;14.285714285714286;12.969351627304006;12.82257257132666
36;25176;111;229;;1;82;54.666666666666664;46.42857142857143;43.333333333333336;43.964285714285715;39.35137370213266;39.811593916899156
14;25176;111;229;;0.004746835443037975;0.0046875;0.007808081531410741;0.008574748577582942;0.008574748577582942;0.008574748577582942;0.0016020273576340647;0.0016020273576340647
10;25176;111;229;;0.995253164556962;0.9953125;0.9921919184685892;0.991425251422417;0.991425251422417;0.991425251422417;0.001602027357634087;0.001602027357634087
11;25176;111;229;"{""percentile"": ""p50"", ""proxy_name"": ""SCRAPE_DO"", ""spider_name"": ""pdp_magazineluiza_com_br_sellers_variants""}";3.33686375617981;2.905011892318726;2.03067684173584;1.7768846920558385;1.7768846920558385;1.7768846920558385;0.46383437176548337;0.46383437176548337
11;25176;111;229;"{""percentile"": ""p50"", ""spider_name"": ""plp_magazineluiza_com_br""}";0.164503812789917;0.1487705707550049;0.26090319951375324;0.23759852136884416;0.23759852136884416;0.23759852136884416;0.09662486714868992;0.09662486714868992
11;25176;111;229;"{""percentile"": ""p50"", ""proxy_name"": ""ZYTE_PROXY_MODE"", ""spider_name"": ""plp_magazineluiza_com_br""}";1.598310947418213;2.442834138870239;2.153767744700114;1.9449263640812464;1.9449263640812464;1.9449263640812464;0.396485298787167;0.396485298787167
6;25176;111;229;"{""percentile"": ""p95"", ""proxy_name"": ""SCRAPE_DO"", ""spider_name"": ""pdp_magazineluiza_com_br_sellers_variants""}";10.65156364440918;9.042364835739136;5.320196787516276;4.264659881591797;4.264659881591797;4.264659881591797;2.020822043969281;2.020822043969281
6;25176;111;229;"{""percentile"": ""p95"", ""spider_name"": ""plp_magazineluiza_com_br""}";0.3583049774169922;0.3300726413726807;0.3985591729482015;0.3747574942452567;0.3747574942452567;0.3747574942452567;0.07562514163485522;0.07562514163485522
6;25176;111;229;"{""percentile"": ""p95"", ""proxy_name"": ""ZYTE_PROXY_MODE"", ""spider_name"": ""plp_magazineluiza_com_br""}";2.738369703292847;9.773942947387695;7.627336661020915;10.953174522944861;10.953174522944861;10.953174522944861;9.736624667079191;9.736624667079191
34;25176;111;229;;4;153;102.33333333333333;87.85714285714286;83.06666666666666;83.5;74.64473681843803;75.33615144328594
8;25175;111;230;;0;0;0;0;0;0;0;0
24;25175;111;230;;0;0;0;0;0;0;0;0
23;25175;111;230;;0;0;0;0;0;0;0;0
22;25175;111;230;;0;0;0;0;0;0;0;0
25;25175;111;230;;0;0;0;0;0;0;0;0
16;25175;111;230;;0;0;0;0;1.1113333333333335;0.92;0;3.468314741031607
13;25175;111;230;"{""proxy_name"": ""ZYTE_PROXY_MODE"", ""spider_name"": ""pdp_amazon_com_br_sellers_variants""}";0;0;0;0;0;0;0;0
13;25175;111;230;"{""proxy_name"": ""ZYTE"", ""spider_name"": ""plp_amazon_com_br""}";0;0;0;0;0;0;0;0
7;25175;111;230;;0;0;0;0;0;0;0;0
35;25175;111;230;;1;12;8.333333333333334;7.571428571428571;7.4;7.379310344827586;5.122977450583174;5.026919212177082
36;25175;111;230;;3;30;19.666666666666668;17.714285714285715;16.6;16.482758620689655;13.079037597996113;12.856289725012429
5;25175;111;230;;0;0;0;0;0;0;0;0
21;25175;111;230;;0;;;;;;;
14;25175;111;230;;0.0425531914893617;0.04043126684636118;0.04450803501421589;0.04354314930433482;0.04354314930433482;0.04354314930433482;0.0034277452028047776;0.0034277452028047776
10;25175;111;230;;0.9574468085106383;0.9595687331536388;0.955491964985784;0.9564568506956651;0.9564568506956651;0.9564568506956651;0.0034277452028047637;0.0034277452028047637
11;25175;111;230;"{""percentile"": ""p50"", ""proxy_name"": ""ZYTE_PROXY_MODE"", ""spider_name"": ""pdp_amazon_com_br_sellers_variants""}";1.798570156097412;2.144968748092651;1.9409430027008057;2.1023340906415666;2.1023340906415666;2.1023340906415666;0.3074733560060539;0.3074733560060539
11;25175;111;230;"{""percentile"": ""p50"", ""proxy_name"": ""ZYTE"", ""spider_name"": ""plp_amazon_com_br""}";4.612038373947144;4.867571592330933;4.651300350824992;4.853093351636614;4.853093351636614;4.853093351636614;0.3773877891316207;0.3773877891316207
6;25175;111;230;"{""percentile"": ""p95"", ""proxy_name"": ""ZYTE_PROXY_MODE"", ""spider_name"": ""pdp_amazon_com_br_sellers_variants""}";2.871923923492432;3.556280136108398;3.192652940750122;3.6427495820181712;3.6427495820181712;3.6427495820181712;1.1574441434551432;1.1574441434551432
6;25175;111;230;"{""percentile"": ""p95"", ""proxy_name"": ""ZYTE"", ""spider_name"": ""plp_amazon_com_br""}";6.46144437789917;6.521941900253296;6.060908397038777;7.187894003731864;7.187894003731864;7.187894003731864;2.1765067997661567;2.1765067997661567
29;25175;111;230;;100;100;100;100;100;100;0;0
27;25175;111;230;;35.85;35.85;34.906666666666666;34.098571428571425;33.775333333333336;33.923793103448276;0.9355277894846089;1.2182899654648869
31;25175;111;230;;100;100;100;100;100;100;0;0
34;25175;111;230;;5;65;42.666666666666664;39.142857142857146;36.733333333333334;35.96551724137931;28.831671927282486;28.08666729793471
26;25175;111;230;;0;0;0;0;0;0;0;0
32;25175;111;230;;32.08;32.08;31.44666666666667;31.39428571428571;31.574;32.16034482758621;0.3124948979175335;0.9194694225611695
28;25175;111;230;;100;100;100;100;100;100;0;0
30;25175;111;230;;100;100;100;100;100;100;0;0
12;25175;111;230;;0;0;0;0;0;0;0;0
16;25174;111;228;;100;76.53;69.95666666666666;67.85571428571428;58.63133333333334;59.25307692307692;22.00784655989953;27.291635203318357
28;25174;111;228;;100;100;100;100;100;100;0;0
30;25174;111;228;;100;100;100;100;100;100;0;0
12;25174;111;228;;0;0;0;0;0;0;0;0
16;25173;108;220;;82.61;85.26;86.39999999999999;85.56142857142858;80.19533333333334;76.87481481481481;4.561454744679057;11.07900228506038
18;25172;148;327;;63.24;79.41;79.80666666666666;79.61714285714285;79.486;79.29758620689655;0.6559990044790829;0.47221893791650377
19;25172;148;327;;2;2;2;2;2;2;0;0
9;25172;148;327;;0;0;0;0;0;0;0;0
20;25172;148;327;;100;100;100;100;100;100;0;0
8;25172;148;327;;0;0;0;0;0;0;0;0
15;25172;148;327;;0;;;;;;;
7;25172;148;327;;0;0;0;0;0;0;0;0
5;25172;148;327;;0;0;0;0;0;0;0;0
21;25172;148;327;;0;;;;;;;
4;25172;148;327;;68;68;67.66666666666667;67.28571428571429;67.6;67.13793103448276;0.6998542122237652;0.7756704744277236
29;25172;148;327;;100;100;100;100;100;100;0;0
27;25172;148;327;;100;100;100;100;100;100;0;0
31;25172;148;327;;100;100;100;100;100;100;0;0
26;25172;148;327;;0;0;0;0;0;0;0;0
2;25172;148;327;;68;68;67.66666666666667;67.28571428571429;67.6;67.13793103448276;0.6998542122237652;0.7756704744277236
32;25172;148;327;;100;100;100;100;100;100;0;0
28;25172;148;327;;100;100;100;100;100;100;0;0
30;25172;148;327;;100;100;100;100;100;100;0;0
12;25172;148;327;;0;0;0;0;0;0;0;0
16;25171;148;329;;100;100;66.66666666666667;70.17714285714285;70.17714285714285;70.17714285714285;16.19547618872603;16.19547618872603
27;25171;148;329;;100;100;100;100;100;100;0;0
31;25171;148;329;;100;100;100;100;100;100;0;0
26;25171;148;329;;0;0;0;0;0;0;0;0
2;25171;148;329;;80;88;88.33333333333333;86.71428571428571;78.46666666666667;68.03448275862068;1.4846149779161806;14.276778248129178
32;25171;148;329;;100;100;100;100;100;100;0;0
28;25171;148;329;;100;100;100;100;100;100;0;0
30;25171;148;329;;100;100;100;100;100;100;0;0
12;25171;148;329;;0;0;0;0;0;0;0;0
22;25170;147;362;;0;0;0;0;0;0.017826086956521738;0;0.08361175919685243
25;25170;147;362;;0;0;0;0;0;0.14043478260869566;0;0.6586975175752033
16;25170;147;362;;84.62;88.89;78.73666666666666;87.11857142857143;90.57;92.0295652173913;10.051830577520874;12.228752461616264
7;25170;147;362;;0;0;0;0;0;0;0;0
5;25170;147;362;;0;0;0;0;0;0;0;0
21;25170;147;362;;0;;;;;;;
4;25170;147;362;;3552;3164;3414.6666666666665;2919.1428571428573;2442.6666666666665;2615.1724137931033;1159.3613301630994;1264.32934570523
12;25170;147;362;;0;0;0;0;0;0;0;0
16;25169;147;323;;33.33;100;37.88;28.990000000000002;41.57266666666667;51.995789473684205;34.53117225265973;37.646793994455116
27;25169;147;323;;100;100;100;100;100;100;0;0
31;25169;147;323;;100;100;100;100;100;100;0;0
26;25169;147;323;;0;0;0;0;0;0;0;0
2;25169;147;323;;1300;1322;1320.6666666666667;1320.4285714285713;1312.8;1262.3809523809523;8.599952539024235;96.55320575698205
32;25169;147;323;;100;100;100;100;100;100;0;0
28;25169;147;323;;100;100;100;100;100;100;0;0
30;25169;147;323;;100;100;100;100;100;100;0;0
12;25169;147;323;;0;0;0;0;0;0;0;0
12;25167;147;325;;0;0;0;0;0;0;0;0
19;25166;149;331;;2;2;2;2;2;1.8275862068965518;0;0.37773969483114905
9;25166;149;331;;0;0;0;0;0;0;0;0
20;25166;149;331;;0;0;0;0;0;0;0;0
8;25166;149;331;;0;0;0;0;0;0;0;0
7;25166;149;331;;0;0;0;0;0;0;0;0
5;25166;149;331;;0;0;0;0;0;0;0;0
21;25166;149;331;;0;;;;;;;
4;25166;149;331;;42;43;44.333333333333336;45.142857142857146;57.46666666666667;62.03448275862069;1.124858267715973;12.885390708006435
29;25166;149;331;;100;100;100;100;100;100;0;0
27;25166;149;331;;100;100;100;100;100;100;0;0
31;25166;149;331;;100;100;100;100;100;100;0;0
26;25166;149;331;;0;0;0;0;0;0;0;0
2;25166;149;331;;42;43;44.333333333333336;45.142857142857146;57.46666666666667;62.03448275862069;1.124858267715973;12.885390708006435
18;25165;147;321;;42.94;43.04;41.663333333333334;42.332857142857144;44.937333333333335;47.02379310344828;1.7879894078122998;3.3008937282908213
19;25165;147;321;;1;1;1;1;1;1;0;0
28;25165;147;321;;100;100;100;100;100;100;0;0
30;25165;147;321;;100;100;100;100;100;100;0;0
12;25165;147;321;;0;0;0;0;0;0;0;0
9;25164;149;330;;0;0;0;0;0;0;0;0
20;25164;149;330;;0;0;0;0;0;0;0;0
8;25164;149;330;;0;0;0;0;0;0;0;0
15;25164;149;330;;0;;;;;;;
7;25164;149;330;;0;0;0;0;0;0;0;0
5;25164;149;330;;0;0;0;0;0;0;0;0
21;25164;149;330;;0;;;;;;;
4;25164;149;330;;95;95;95;95.85714285714286;96.86666666666666;98.06896551724138;0.989743318610787;1.5959222710905012
29;25164;149;330;;100;100;100;100;100;100;0;0
27;25164;149;330;;100;100;100;100;100;100;0;0
31;25164;149;330;;100;100;100;100;100;100;0;0
26;25164;149;330;;0;0;0;0;0;0;0;0
2;25164;149;330;;95;95;95;95.85714285714286;96.86666666666666;98.06896551724138;0.989743318610787;1.5959222710905012
32;25164;149;330;;100;100;100;100;100;100;0;0
28;25164;149;330;;100;100;100;100;100;100;0;0
30;25164;149;330;;100;100;100;100;100;100;0;0
12;25164;149;330;;0;0;0;0;0;0;0;0
12;25163;148;328;;0;0;0;0;0;0;0;0
18;25149;174;401;;87.5;100;100;100;98.98133333333334;98.48103448275862;0;2.6908764689641056
34;25338;121;419;;1;1;1;1;1;1;0;0
26;25338;121;419;;0;0;0;0;0;0;0;0
2;25338;121;419;;459;459;459;459;459;459;0;0
32;25338;121;419;;100;100;100;100;100;100;0;0
28;25338;121;419;;100;100;100;100;100;100;0;0
30;25338;121;419;;100;100;100;100;100;100;0;0
12;25338;121;419;;0;0;0;0;0;0;0;0
18;25137;181;436;;0;0;0;0;0;0;0;0
15;25137;181;436;;0;;;;;;;
13;25137;181;436;"{""proxy_name"": ""ZYTE_PROXY_MODE"", ""spider_name"": ""pdp_paguemenos_com_br""}";0;0;0;0;0;0;0;0
13;25137;181;436;"{""proxy_name"": ""ZYTE_PROXY_MODE"", ""spider_name"": ""plp_paguemenos_com_br""}";0;0;0;0;0;0;0;0
7;25137;181;436;;0;0;0;0;0;0;0;0
35;25137;181;436;;1;1;1;1;1;1;0;0
36;25137;181;436;;1;1;1;1;1;1;0;0
5;25137;181;436;;0;0;0;0;0;0;0;0
21;25137;181;436;;0;;;;;;;
14;25137;181;436;;0;0;0;0;0;0;0;0
10;25137;181;436;;1;1;1;1;1;1;0;0
11;25137;181;436;"{""percentile"": ""p50"", ""proxy_name"": ""ZYTE_PROXY_MODE"", ""spider_name"": ""pdp_paguemenos_com_br""}";2.505184173583984;2.741544246673584;2.4951045513153076;2.4329794475010464;2.4767398675282797;2.4767398675282797;0.1718360917441325;0.15390489572606525
11;25137;181;436;"{""percentile"": ""p50"", ""proxy_name"": ""ZYTE_PROXY_MODE"", ""spider_name"": ""plp_paguemenos_com_br""}";1.435308694839478;2.100950241088867;1.763123591740926;1.6583544186183385;1.6593906512627234;1.6593906512627234;0.293375423771513;0.2893815387982571
6;25137;181;436;"{""percentile"": ""p95"", ""proxy_name"": ""ZYTE_PROXY_MODE"", ""spider_name"": ""pdp_paguemenos_com_br""}";3.361230850219727;3.809497594833374;3.8584108352661133;4.914560692650931;4.260286219914755;4.260286219914755;3.143017854086413;2.2497062024268537
6;25137;181;436;"{""percentile"": ""p95"", ""proxy_name"": ""ZYTE_PROXY_MODE"", ""spider_name"": ""plp_paguemenos_com_br""}";3.243905067443848;4.408400058746338;6.755965550740561;5.00570331301008;4.245980134377113;4.245980134377113;3.387617749520139;2.676415415270035
4;25137;181;436;;27;27;27;27;27;26.96153846153846;0;0.19230769230769232
29;25137;181;436;;100;100;100;100;100;100;0;0
27;25137;181;436;;100;100;100;100;100;100;0;0
31;25137;181;436;;100;100;100;100;100;100;0;0
34;25137;181;436;;3;1;1.6666666666666667;1.75;1.75;1.75;0.4330127018922193;0.4330127018922193
26;25137;181;436;;0;0;0;0;0;0;0;0
2;25137;181;436;;27;27;27;27;27;26.96153846153846;0;0.19230769230769232
32;25137;181;436;;100;100;100;100;100;100;0;0
28;25137;181;436;;100;100;100;100;100;100;0;0
30;25137;181;436;;100;100;100;100;100;100;0;0
12;25137;181;436;;0;0;0;0;0;0;0;0
13;25136;59;148;"{""proxy_name"": ""ZYTE"", ""spider_name"": ""pdp_colombo_com_br""}";0;0;0;0;0;0;0;0
13;25136;59;148;"{""proxy_name"": ""ZYTE_PROXY_MODE"", ""spider_name"": ""pdp_colombo_com_br""}";0;0;0;0;0;0;0;0
13;25136;59;148;"{""proxy_name"": ""ZYTE"", ""spider_name"": ""plp_colombo_com_br""}";0;0;0;0;0;0;0;0
35;25136;59;148;;0;0;0;0;0;0;0;0
36;25136;59;148;;1;1;1;1;1;1;0;0
11;25136;59;148;"{""percentile"": ""p50"", ""proxy_name"": ""ZYTE"", ""spider_name"": ""pdp_colombo_com_br""}";0.2258648872375488;0.2375504970550537;0.2127694288889567;0.2018923418862479;0.2018923418862479;0.2018923418862479;0.01698090316473888;0.01698090316473888
11;25136;59;148;"{""percentile"": ""p50"", ""proxy_name"": ""ZYTE_PROXY_MODE"", ""spider_name"": ""pdp_colombo_com_br""}";16.88919711112976;16.05922269821167;16.67562699317932;16.1581061567579;16.1581061567579;16.1581061567579;0.828837949520751;0.828837949520751
11;25136;59;148;"{""percentile"": ""p50"", ""proxy_name"": ""ZYTE"", ""spider_name"": ""plp_colombo_com_br""}";2.140748500823975;1.491406440734863;1.8096449375152588;1.8752030304500036;1.8752030304500036;1.8752030304500036;0.19417635432204158;0.19417635432204158
6;25136;59;148;"{""percentile"": ""p95"", ""proxy_name"": ""ZYTE"", ""spider_name"": ""pdp_colombo_com_br""}";0.9777350425720215;0.5810465812683105;0.7279634475708008;0.658745356968471;0.658745356968471;0.658745356968471;0.160370330780885;0.160370330780885
6;25136;59;148;"{""percentile"": ""p95"", ""proxy_name"": ""ZYTE_PROXY_MODE"", ""spider_name"": ""pdp_colombo_com_br""}";21.4517502784729;22.81073880195618;26.054639101028442;23.040375062397548;23.040375062397548;23.040375062397548;4.534841087484544;4.534841087484544
6;25136;59;148;"{""percentile"": ""p95"", ""proxy_name"": ""ZYTE"", ""spider_name"": ""plp_colombo_com_br""}";4.221868753433228;3.430103063583374;3.421954949696859;4.359702280589512;4.359702280589512;4.359702280589512;2.342510395105125;2.342510395105125
34;25136;59;148;;1;1;1;1;1;1;0;0
28;25136;59;148;;0;0;0;0;0;0;0;0
30;25136;59;148;;0;0;0;0;0;0;0;0
12;25136;59;148;;0;0;0;0;0;0;0;0
19;25135;164;371;;1;1;1;1;1;1;0;0
9;25135;164;371;;0;0;0;0;0;0;0;0
20;25135;164;371;;100;100;100;100;100;100;0;0
8;25135;164;371;;0;0;0;0;0;0;0;0
15;25135;164;371;;0;;;;;;;
24;25135;164;371;;0;0;0;0;0;0;0;0
23;25135;164;371;;0;0;0;0;0;0;0;0
22;25135;164;371;;5;0;0;0;0.29;0.3833333333333333;0;0.9655203931712834
25;25135;164;371;;0;0;0;0;0;0.09962962962962962;0;0.2863626486284349
16;25135;164;371;;50;0.21;6.996666666666667;13.802857142857144;17.745333333333335;16.055185185185184;17.772591831473633;16.284952693359774
13;25135;164;371;;;;;;;;;
7;25135;164;371;;0;0;0;0;0;0;0;0
35;25135;164;371;;11;11;12.666666666666666;12.285714285714286;12.266666666666667;10.75;1.0301575072754254;1.9387956497342806
36;25135;164;371;;16;21;24.666666666666668;25.571428571428573;25.4;22.392857142857142;2.969229955832361;4.279012617367684
5;25135;164;371;;0;0;0;0;0;0;0;0
21;25135;164;371;;0;;;;;;;
11;25135;164;371;;0;;;;;;;
6;25135;164;371;;0;;;;;;;
4;25135;164;371;;280;286;346.3333333333333;352.57142857142856;471.93333333333334;684.6071428571429;34.43775811044426;334.4700861368744
29;25135;164;371;;0.85;0.41;0.4366666666666667;0.36428571428571427;0.35866666666666663;21.825714285714287;0.10900290203963023;40.826216492117226
27;25135;164;371;;100;100;100;100;100;100;0;0
31;25135;164;371;;0.85;0.41;0.4366666666666667;0.36428571428571427;0.35866666666666663;21.825714285714287;0.10900290203963023;40.826216492117226
34;25135;164;371;;59;61;73;76.28571428571429;80.46666666666667;86.57142857142857;6.755194524306794;10.331742251875221
26;25135;164;371;;0;0;0;0;0;0;0;0
2;25135;164;371;;235;245;304.3333333333333;316.14285714285717;435.4;647.9642857142857;35.17884336370602;324.85540543259475
32;25135;164;371;;100;100;100;100;100;100;0;0
28;25135;164;371;;100;100;100;100;100;100;0;0
30;25135;164;371;;100;100;100;100;100;100;0;0
12;25135;164;371;;0;0;0;0;0;0;0;0
16;25134;160;359;;8.33;100;37.02;17.264285714285712;13.202666666666666;11.700000000000001;33.86617480493431;24.607585266164964
35;25134;160;359;;1;1;1.3333333333333333;1.1428571428571428;1.1333333333333333;1.105263157894737;0.3499271061118826;0.30689220499185793
36;25134;160;359;;4;4;4;4;3.8666666666666667;3.8421052631578947;0;0.36464227527765836
34;25134;160;359;;23;24;24.333333333333332;25;25.2;25.105263157894736;0.9258200997725514;0.9676198058342229
12;25134;160;359;;0;0;0;0;0;0;0;0
16;25133;159;354;;0;0;0;1.28;1.2226666666666666;1.621;2.06635635151069;3.0730813526491616
35;25133;159;354;;11;11;11.666666666666666;11.857142857142858;11.2;7.689655172413793;0.3499271061118826;4.161427542495335
36;25133;159;354;;15;14;14;14;14.266666666666667;11.241379310344827;0;4.7825485372650505
5;25133;159;354;;0;0;0;0;0;0;0;0
21;25133;159;354;;0;;;;;;;
11;25133;159;354;;0;;;;;;;
6;25133;159;354;;0;;;;;;;
29;25133;159;354;;100;100;100;100;100;100;0;0
27;25133;159;354;;23.71;23.71;23.083333333333332;22.33285714285714;21.876666666666665;27.66896551724138;0.8985180542858067;17.11870772290535
31;25133;159;354;;100;100;100;100;100;100;0;0
34;25133;159;354;;39;38;37;37.42857142857143;39.266666666666666;39.41379310344828;1.178030178747903;16.849265289168546
26;25133;159;354;;0;0;0;0;0;0;0;0
32;25133;159;354;;23.71;23.71;23.083333333333332;22.33285714285714;21.733999999999998;25.223103448275864;0.8985180542858067;17.54095465955627
28;25133;159;354;;100;100;100;100;100;100;0;0
30;25133;159;354;;100;100;100;100;100;100;0;0
12;25133;159;354;;0;0;0;0;0;0;0;0
18;25132;179;415;;76.37;69.84;70.81333333333333;70.48857142857142;70.59266666666666;72.57689655172413;1.9920945801659447;4.563496922504961
19;25132;179;415;;5;5;5.333333333333333;5.285714285714286;5.666666666666667;6.517241379310345;0.45175395145262565;1.192525273502799
9;25132;179;415;;0;0;0;0;0;0;0;0
20;25132;179;415;;0;0;0;0;0;0;0;0
8;25132;179;415;;0;0;0;0;0;0;0;0
15;25132;179;415;;0;;;;;;;
24;25132;179;415;;0;0;0;0;0;0;0;0
23;25132;179;415;;39.13;0;33.333333333333336;35.98571428571429;29.195333333333334;26.92086956521739;37.08818135091511;32.91183478338869
22;25132;179;415;;0;0;0;0;0;0;0;0
25;25132;179;415;;0;0;0;0;0;0;0;0
16;25132;179;415;;26.09;50;16.666666666666668;34.55714285714286;50.571333333333335;48.832608695652176;33.025014205376294;40.31720942480273
13;25132;179;415;;;;;;;;;
7;25132;179;415;;0;0;0;0;0;0;0;0
35;25132;179;415;;7;7;7;7;6.933333333333334;5.413793103448276;0;1.8849172922367514
36;25132;179;415;;36;13;11;10.428571428571429;12.2;10.931034482758621;1.0497813183356477;4.933565783856391
5;25132;179;415;;0;0;0;0;0;0;0;0
21;25132;179;415;;0;;;;;;;
11;25132;179;415;;0;;;;;;;
6;25132;179;415;;0;;;;;;;
4;25132;179;415;;364;315;312;300.42857142857144;339.8;326.7586206896552;30.203392159808534;67.3486324118959
29;25132;179;415;;100;100;100;100;100;100;0;0
27;25132;179;415;;100;100;100;100;100;100;0;0
31;25132;179;415;;100;100;100;100;100;100;0;0
34;25132;179;415;;36;35;34.666666666666664;32.714285714285715;33;34.206896551724135;3.1943828249996997;3.8180994581148715
26;25132;179;415;;0;0;0;0;0;0;0;0
2;25132;179;415;;990;777;730.6666666666666;702.7142857142857;787;830.7586206896551;79.10700580446044;181.66161327046652
32;25132;179;415;;100;100;100;100;100;100;0;0
28;25132;179;415;;100;100;100;100;100;100;0;0
30;25132;179;415;;100;100;100;100;100;100;0;0
12;25132;179;415;;0;0;0;0;0;0;0;0
23;25119;117;423;;0;0;0;0;0;0;0;0
16;25119;117;423;;18.75;9.52;5.256666666666667;12.424285714285714;10.254666666666667;11.466111111111111;9.011746076479229;7.524413700961017
35;25119;117;423;;2;2;2;2;2;1.8888888888888888;0;0.31426968052735443
36;25119;117;423;;4;4;4;3.7142857142857144;3.2;3;0.45175395145262565;0.7453559924999299
34;25119;117;423;;17;18;16.666666666666668;16.142857142857142;13.933333333333334;13.722222222222221;1.2453996981544782;2.3047187236323934
28;25113;181;430;;100;100;100;100;100;100;0;0
30;25113;181;430;;100;100;100;100;100;100;0;0
12;25113;181;430;;0;0;0;0;0;0;0;0
2;25111;59;134;;273;273;272.3333333333333;272.57142857142856;274.8666666666667;278.17241379310343;2.060315014550851;4.127861310798736
32;25111;59;134;;0;0;0;0;0;0;0;0
28;25111;59;134;;0;0;0;0;0;0;0;0
30;25111;59;134;;0;0;0;0;0;0;0;0
12;25111;59;134;;0;0;0;0;0;0;0;0
18;25110;181;439;;100;100;100;100;100;100;0;0
19;25110;181;439;;14;6;4;4;4;4;1.224744871391589;1.224744871391589
9;25110;181;439;;0;0;0;0;0;0;0;0
20;25110;181;439;;100;100;100;100;100;100;0;0
8;25110;181;439;;0;0;0;0;0;0;0;0
15;25110;181;439;;0;;;;;;;
24;25110;181;439;;0;0;0;0;0;0;0;0
23;25110;181;439;;1.95;4.17;1.39;3.07;3.07;3.07;3.371253476082746;3.371253476082746
22;25110;181;439;;6.51;0;0;1.3525;1.3525;1.3525;2.3425987172369065;2.3425987172369065
25;25110;181;439;;7.17;0;0;0;0;0;0;0
16;25110;181;439;;70.03;50;75;73.1425;73.1425;73.1425;17.968052725601627;17.968052725601627
13;25110;181;439;;;;;;;;;
7;25110;181;439;;0;0;0;0;0;0;0;0
35;25110;181;439;;6;1;1;1;1;1;0;0
36;25110;181;439;;11;1;1.6666666666666667;1.6666666666666667;1.6666666666666667;1.6666666666666667;0.9428090415820634;0.9428090415820634
5;25110;181;439;;0;0;0;0;0;0;0;0
21;25110;181;439;;0;;;;;;;
11;25110;181;439;;0;;;;;;;
6;25110;181;439;;0;;;;;;;
4;25110;181;439;;256;32;22.333333333333332;23;23;23;6.041522986797286;6.041522986797286
29;25110;181;439;;9.62;100;100;100;100;100;0;0
27;25110;181;439;;100;100;100;100;100;100;0;0
31;25110;181;439;;9.62;100;100;100;100;100;0;0
34;25110;181;439;;64;2;3.3333333333333335;3.3333333333333335;3.3333333333333335;3.3333333333333335;2.6246692913372702;2.6246692913372702
26;25110;181;439;;0;0;0;0;0;0;0;0
2;25110;181;439;;260;31;22;22.75;22.75;22.75;5.673402858955108;5.673402858955108
32;25110;181;439;;100;100;100;100;100;100;0;0
28;25110;181;439;;100;100;100;100;100;100;0;0
30;25110;181;439;;100;100;100;100;100;100;0;0
12;25110;181;439;;0;0;0;0;0;0;0;0
18;25109;181;439;;100;100;100;100;100;100;0;0
19;25109;181;439;;6;3;3.3333333333333335;3.3333333333333335;3.3333333333333335;3.3333333333333335;0.4714045207910317;0.4714045207910317
9;25109;181;439;;0;0;0;0;0;0;0;0
20;25109;181;439;;100;100;100;100;100;100;0;0
8;25109;181;439;;0;0;0;0;0;0;0;0
15;25109;181;439;;0;;;;;;;
24;25109;181;439;;0;0;0;0;0;0;0;0
23;25109;181;439;;4.17;0;2.703333333333333;2.703333333333333;2.703333333333333;2.703333333333333;3.823090663615267;3.823090663615267
22;25109;181;439;;0;0;1.8033333333333335;1.8033333333333335;1.8033333333333335;1.8033333333333335;2.5502984574794816;2.5502984574794816
25;25109;181;439;;0;0;0;0;0;0;0;0
16;25109;181;439;;50;100;80.85666666666667;80.85666666666667;80.85666666666667;80.85666666666667;13.872073465139316;13.872073465139316
13;25109;181;439;"{""proxy_name"": ""ZYTE_PROXY_MODE"", ""spider_name"": ""pdp_sellers_variants_mercadolivre_com_br""}";0;0;0;0;0;0;0;0
13;25109;181;439;"{""proxy_name"": ""ZYTE_PROXY_MODE"", ""spider_name"": ""plp_mercadolivre_com_br""}";0;0;0;0;0;0;0;0
7;25109;181;439;;0;0;0;0;0;0;0;0
35;25109;181;439;;1;1;1;1;1;1;0;0
36;25109;181;439;;1;1;2;2;2;2;1;1
5;25109;181;439;;0;0;0;0;0;0;0;0
21;25109;181;439;;0;;;;;;;
14;25109;181;439;;0.6371308016877637;0.7567567567567568;0.7567567567567568;0.7567567567567568;0.7567567567567568;0.7567567567567568;0;0
10;25109;181;439;;0.360056258790436;0.24165341812400637;0.24165341812400637;0.24165341812400637;0.24165341812400637;0.24165341812400637;0;0
11;25109;181;439;"{""percentile"": ""p50"", ""proxy_name"": ""ZYTE_PROXY_MODE"", ""spider_name"": ""pdp_sellers_variants_mercadolivre_com_br""}";3.060190439224243;3.229715585708618;3.229715585708618;3.229715585708618;3.229715585708618;3.229715585708618;0;0
11;25109;181;439;"{""percentile"": ""p50"", ""proxy_name"": ""ZYTE_PROXY_MODE"", ""spider_name"": ""plp_mercadolivre_com_br""}";1.254517793655396;1.230891704559326;1.230891704559326;1.230891704559326;1.230891704559326;1.230891704559326;0;0
6;25109;181;439;"{""percentile"": ""p95"", ""proxy_name"": ""ZYTE_PROXY_MODE"", ""spider_name"": ""pdp_sellers_variants_mercadolivre_com_br""}";4.930103778839111;12.59038949012756;12.59038949012756;12.59038949012756;12.59038949012756;12.59038949012756;0;0
6;25109;181;439;"{""percentile"": ""p95"", ""proxy_name"": ""ZYTE_PROXY_MODE"", ""spider_name"": ""plp_mercadolivre_com_br""}";4.58313250541687;5.372544288635254;5.372544288635254;5.372544288635254;5.372544288635254;5.372544288635254;0;0
4;25109;181;439;;32;17;20;20;20;20;3.559026084010437;3.559026084010437
29;25109;181;439;;100;100;100;100;100;100;0;0
27;25109;181;439;;100;100;100;100;100;100;0;0
31;25109;181;439;;100;100;100;100;100;100;0;0
34;25109;181;439;;2;1;4;4;4;4;3;3
26;25109;181;439;;0;0;0;0;0;0;0;0
2;25109;181;439;;31;17;20;20;20;20;3.559026084010437;3.559026084010437
32;25109;181;439;;100;100;100;100;100;100;0;0
28;25109;181;439;;100;100;100;100;100;100;0;0
30;25109;181;439;;100;100;100;100;100;100;0;0
12;25109;181;439;;0;0;0;0;0;0;0;0
18;25108;142;305;;70.78;66.38;64.01666666666667;64.25;67.648;69.67678571428571;3.7209407412642297;4.462330471827015
19;25108;142;305;;4;4;4;3.7142857142857144;4.133333333333334;4.714285714285714;0.6998542122237652;1.0642617446965243
9;25108;142;305;;0;0;0;0;0;0;0;0
20;25108;142;305;;100;100;100;100;100;100;0;0
8;25108;142;305;;0;0;0;0;0;0;0;0
15;25108;142;305;;0;;;;;;;
24;25108;142;305;;0;0;0;0;0;0;0;0
23;25108;142;305;;0;0;0;0.55;0.6273333333333333;0.3360714285714286;1.347219358530748;1.2330807507033357
22;25108;142;305;;0;0.45;0.15;0.6142857142857142;0.6573333333333333;0.35214285714285715;1.330068281199526;1.2315273825122812
25;25108;142;305;;0;0.45;0.15;0.0642857142857143;0.030000000000000002;0.016071428571428573;0.15746719775034718;0.08350959250778515
16;25108;142;305;;6.67;9.05;20.516666666666666;26.5;18.226666666666667;19.08857142857143;20.400251399011168;16.33403998540771
13;25108;142;305;;;;;;;;;
7;25108;142;305;;0;0;0;0;0;0;0;0
35;25108;142;305;;9;9;8;7.142857142857143;7.066666666666666;6.142857142857143;1.4568627181693672;1.5518257844571737
36;25108;142;305;;33;39;40;41.57142857142857;39.53333333333333;27.642857142857142;3.45820526768863;15.109633364452073
5;25108;142;305;;0;0;0;0;0;0;0;0
21;25108;142;305;;0;;;;;;;
11;25108;142;305;;0;;;;;;;
6;25108;142;305;;0;;;;;;;
4;25108;142;305;;308;354;359;349.14285714285717;373.6;394.92857142857144;35.56655158764671;73.2056440893092
29;25108;142;305;;4.02;4.8;5.933333333333334;5.551428571428572;4.927333333333333;25.292142857142856;1.4424525599669136;39.02768150914927
27;25108;142;305;;100;100;100;100;100;100;0;0
31;25108;142;305;;4.02;4.8;5.933333333333334;5.551428571428572;4.927333333333333;25.292142857142856;1.4424525599669136;39.02768150914927
34;25108;142;305;;72;87;84.33333333333333;83.14285714285714;86.06666666666666;86.53571428571429;5.938459911664722;9.283172729103308
26;25108;142;305;;0;0;0;0;0;0;0;0
2;25108;142;305;;199;229;225.33333333333334;218;250.66666666666666;270.75;26.186146828319085;59.326352251158774
32;25108;142;305;;100;100;100;100;100;100;0;0
28;25108;142;305;;100;100;100;100;100;100;0;0
30;25108;142;305;;100;100;100;100;100;100;0;0
12;25108;142;305;;0;0;0;0;0;0;0;0
18;25107;142;308;;80;80;80;80;79.98266666666667;84.60206896551725;0;7.320781180904947
19;25107;142;308;;4;4;4;4;4.133333333333334;4.551724137931035;0;0.8938952687459117
9;25107;142;308;;0;0;0;0;0;0;0;0
20;25107;142;308;;0;0;0;0;0;0;0;0
8;25107;142;308;;0;0;0;0;0;0;0;0
15;25107;142;308;;1;;;;;;;
13;25107;142;308;;;;;;;;;
7;25107;142;308;;0;0;0;0;0;0;0;0
35;25107;142;308;;9;9;9;9;8.8;6.413793103448276;0;2.9655172413793105
36;25107;142;308;;24;23;22.666666666666668;21.857142857142858;21.8;16.79310344827586;0.832993127835043;7.270058152520005
5;25107;142;308;;0;0;0;0;0;0;0;0
21;25107;142;308;;0;;;;;;;
11;25107;142;308;;0;;;;;;;
6;25107;142;308;;0;;;;;;;
29;25107;142;308;;100;100;100;100;100;100;0;0
27;25107;142;308;;21.25;20.37;20.793333333333333;20.867142857142856;21.154;26.145862068965517;0.21926593675354156;13.926234116609924
31;25107;142;308;;100;100;100;100;100;100;0;0
34;25107;142;308;;47;48;47.666666666666664;47.142857142857146;46.53333333333333;39.3448275862069;0.6388765649999399;13.827199237856412
26;25107;142;308;;0;0;0;0;0;0;0;0
32;25107;142;308;;21.25;20.37;20.793333333333333;20.867142857142856;21.154;26.145862068965517;0.21926593675354156;13.926234116609924
28;25107;142;308;;100;100;100;100;100;100;0;0
30;25107;142;308;;100;100;100;100;100;100;0;0
12;25107;142;308;;0;0;0;0;0;0;0;0
18;25106;160;357;;88.84;89.36;88.18666666666667;87.96285714285715;88.75933333333334;89.62857142857142;0.6357383623049035;1.2809056904218596
19;25106;160;357;;1;1;1;1;1;1;0;0
9;25106;160;357;;0;0;0;0;0;0;0;0
20;25106;160;357;;100;100;100;100;100;100;0;0
8;25106;160;357;;0.02;0.02;0.02;0.02;0.027333333333333334;0.0625;0;0.05673402858955109
15;25106;160;357;;0;;;;;;;
24;25106;160;357;;0;0;0;0;0;0;0;0
23;25106;160;357;;0;0.02;0.03666666666666667;0.015714285714285715;0.026000000000000002;0.013928571428571429;0.031102201510110342;0.053940396054632495
22;25106;160;357;;0.14;0.18;0.7999999999999999;0.5128571428571428;0.512;0.4985714285714286;0.41091237459078395;0.5681216814186545
25;25106;160;357;;0;0.1;0.09333333333333334;0.0642857142857143;0.08466666666666667;0.11107142857142857;0.07780142173822915;0.19689263364502357
16;25106;160;357;;6.3;3.97;13.083333333333334;11.06857142857143;11.428666666666667;11.484285714285715;5.34427979531501;6.650292382708463
13;25106;160;357;;;;;;;;;
7;25106;160;357;;0;0;0;0;0;0;0;0
35;25106;160;357;;2;2;2;2;2;2;0;0
36;25106;160;357;;7;7;6.666666666666667;6.857142857142857;6.666666666666667;6.5;0.3499271061118826;0.5
5;25106;160;357;;0;0;0;0;0;0;0;0
21;25106;160;357;;0;;;;;;;
11;25106;160;357;;0;;;;;;;
6;25106;160;357;;0;;;;;;;
4;25106;160;357;;4650;4663;4629.333333333333;4604.714285714285;4552.6;4455.142857142857;31.46296819034941;140.7426004869767
29;25106;160;357;;0.53;0.45;0.15;0.0642857142857143;0.046;21.495;0.15746719775034718;40.99805417856525
27;25106;160;357;;100;100;100;100;100;100;0;0
31;25106;160;357;;0.53;0.45;0.15;0.0642857142857143;0.046;21.495;0.15746719775034718;40.99805417856525
34;25106;160;357;;137;134;120;117.14285714285714;120.6;120.14285714285714;7.298308442539886;6.738557951469002
26;25106;160;357;;0;0;0;0;0;0;0;0
2;25106;160;357;;3564;3588;3436.6666666666665;3411.714285714286;3433.2;3446.285714285714;77.01152842402287;68.19135740319147
32;25106;160;357;;100;100;100;100;100;100;0;0
28;25106;160;357;;100;100;100;100;100;100;0;0
30;25106;160;357;;100;100;100;100;100;100;0;0
12;25106;160;357;;0;0;0;0;0;0;0;0
18;25105;152;335;;93.65;93.65;93.65000000000002;91.98;92.13933333333333;94.35655172413793;2.1453937367565667;3.3643621887335193
19;25105;152;335;;5;5;5;5;5;4.9655172413793105;0;0.18246560765962694
9;25105;152;335;;0;0;0;0;0;0;0;0
20;25105;152;335;;0;0;0;0;0;0;0;0
8;25105;152;335;;0;0;0;0;0;0;0;0
15;25105;152;335;;13;;;;;;;
24;25105;152;335;;0;0;0;0;0;0;0;0
23;25105;152;335;;0;0;0;0;0;0;0;0
22;25105;152;335;;0;0;0;0;0;0;0;0
25;25105;152;335;;0;0;0;0;0;0;0;0
16;25105;152;335;;0;0;1.11;0.4757142857142857;0.6666666666666666;0.3448275862068966;1.165257263352569;1.3407347977358128
13;25105;152;335;;;;;;;;;
7;25105;152;335;;0;0;0;0;0;0;0;0
35;25105;152;335;;2;2;2;2;2;1.8275862068965518;0;0.37773969483114905
36;25105;152;335;;6;6;6;5.714285714285714;5.333333333333333;4.793103448275862;0.45175395145262565;1.5172413793103448
5;25105;152;335;;0;0;0;0;0;0;0;0
21;25105;152;335;;0;;;;;;;
11;25105;152;335;;0;;;;;;;
6;25105;152;335;;0;;;;;;;
4;25105;152;335;;63;63;63;62.42857142857143;61.86666666666667;53.37931034482759;0.4948716593053935;14.336867818136588
29;25105;152;335;;100;100;100;100;100;100;0;0
27;25105;152;335;;48.97;48.97;52.27333333333333;52.15714285714286;51.01199999999999;55.20620689655173;1.9857615616160562;12.852333053679828
31;25105;152;335;;100;100;100;100;100;100;0;0
34;25105;152;335;;25;25;25.666666666666668;25.857142857142858;25.466666666666665;22.448275862068964;0.3499271061118826;5.196724478285381
26;25105;152;335;;0;0;0;0;0;0;0;0
2;25105;152;335;;145;145;146;144;140.6;117.48275862068965;2.9277002188455996;42.481331144848646
32;25105;152;335;;44.83;44.83;48.163333333333334;47.99;46.74;50.44965517241379;2.0432397244152654;12.68338459200383
28;25105;152;335;;100;100;100;100;100;100;0;0
30;25105;152;335;;100;100;100;100;100;100;0;0
12;25105;152;335;;0;0;0;0;0;0;0;0
18;25104;121;250;;96.63;95.53;96.57;90.83;78.55733333333335;87.55321428571429;10.295241619311321;19.943009167835413
19;25104;121;250;;6;6;5;5;4.933333333333334;5.214285714285714;1.0690449676496976;1.2058530725810095
9;25104;121;250;;0;0;0;0;0;0;0;0
20;25104;121;250;;100;100;100;100;100;100;0;0
8;25104;121;250;;0;0;0;0;0;0.5442857142857143;0;1.2826129261657029
15;25104;121;250;;0;;;;;;;
24;25104;121;250;;0;0;0;0;0;0;0;0
23;25104;121;250;;0;0;0;0;0;0;0;0
22;25104;121;250;;0;0;0;0;0.38666666666666666;0.21481481481481482;0;1.0953449325495612
25;25104;121;250;;0;0;0;0;0;0;0;0
16;25104;121;250;;0;2.94;0.98;1.8485714285714285;5.326;4.091851851851851;3.4789794421904356;10.57543836304882
13;25104;121;250;;;;;;;;;
7;25104;121;250;;0;0;0;0;0;0;0;0
35;25104;121;250;;3;3;2.6666666666666665;2.142857142857143;1.5333333333333334;1.75;0.6388765649999399;0.6338656910463875
36;25104;121;250;;4;4;4;3.2857142857142856;2.2666666666666666;3.0714285714285716;1.0301575072754254;1.360897063089832
5;25104;121;250;;0;0;0;0;0;0;0;0
21;25104;121;250;;0;;;;;;;
11;25104;121;250;;0;;;;;;;
6;25104;121;250;;0;;;;;;;
4;25104;121;250;;178;179;154.33333333333334;133.28571428571428;133.66666666666666;168.57142857142858;30.639443699324595;50.9848917197386
29;25104;121;250;;0;0;0;0;0;22.22222222222222;0;41.5739709641549
27;25104;121;250;;100;100;100;100;100;100;0;0
31;25104;121;250;;0;0;0;0;0;22.22222222222222;0;41.5739709641549
34;25104;121;250;;6;6;5.333333333333333;4.714285714285714;3.6;4.642857142857143;0.8806305718527109;1.6948300739578104
26;25104;121;250;;0;0;0;0;0;0;0;0
2;25104;121;250;;171;170;148;121.71428571428571;124.53333333333333;158.92592592592592;34.33746094995662;50.25632514157053
32;25104;121;250;;100;100;100;100;100;100;0;0
28;25104;121;250;;100;100;100;100;100;100;0;0
30;25104;121;250;;100;100;100;100;100;100;0;0
12;25104;121;250;;0;0;0;0;0;0;0;0
18;25103;181;431;;97.14;97.14;96.24000000000001;96.77714285714286;96.93866666666666;96.98416666666667;0.9547731860157654;0.5329158522276817
19;25103;181;431;;2;2;2;2;2;2;0;0
9;25103;181;431;;0;0;0;0;0;0;0;0
20;25103;181;431;;0;0;0;0;0;0;0;0
8;25103;181;431;;0;0;0;0;0;0;0;0
15;25103;181;431;;0;;;;;;;
13;25103;181;431;"{""proxy_name"": ""DEFAULT"", ""spider_name"": ""pdp_epocacosmeticos_com_br""}";0;0;0;0;0;0;0;0
13;25103;181;431;"{""proxy_name"": ""ZYTE_PROXY_MODE"", ""spider_name"": ""plp_epocacosmeticos_com_br""}";0;94.12;31.373333333333335;13.445714285714287;7.24;7.24;32.93513922725039;25.080095693597343
7;25103;181;431;;0;0;0;0;0;0;0;0
5;25103;181;431;;0;0;0;0;0;0;0;0
21;25103;181;431;;0;;;;;;;
14;25103;181;431;;0.01020408163265306;0;0.003401360544217687;0.0014577259475218659;0.0023874934589220302;0.0023874934589220302;0.0035706847562436994;0.0043592125756978985
10;25103;181;431;;0.9897959183673469;1;0.9965986394557823;0.9985422740524781;0.9976125065410779;0.9976125065410779;0.0035706847562437037;0.00435921257569789
11;25103;181;431;"{""percentile"": ""p50"", ""proxy_name"": ""DEFAULT"", ""spider_name"": ""pdp_epocacosmeticos_com_br""}";1.083726406097412;1.2070631980896;1.15752379099528;1.0807364327566964;1.0607004165649414;1.0607004165649414;0.08049922872747634;0.06848431583088994
11;25103;181;431;"{""percentile"": ""p50"", ""proxy_name"": ""ZYTE_PROXY_MODE"", ""spider_name"": ""plp_epocacosmeticos_com_br""}";1.208066463470459;2.556899070739746;1.653787612915039;1.367485625403268;1.2543000074533315;1.2543000074533315;0.4867638843752867;0.37881463694848194
6;25103;181;431;"{""percentile"": ""p95"", ""proxy_name"": ""DEFAULT"", ""spider_name"": ""pdp_epocacosmeticos_com_br""}";1.699907541275024;2.208544731140137;5.3540178934733085;3.21827244758606;3.0405300580538235;3.0405300580538235;3.220056620073691;2.48258183856112
6;25103;181;431;"{""percentile"": ""p95"", ""proxy_name"": ""ZYTE_PROXY_MODE"", ""spider_name"": ""plp_epocacosmeticos_com_br""}";1.44343090057373;2.556899070739746;8.342909971872965;4.354275907788958;3.447422926242535;3.447422926242535;4.371473973862435;3.4524646357908226
4;25103;181;431;;35;35;35.333333333333336;35.42857142857143;34.8;34.5;0.4948716593053935;0.7071067811865476
29;25103;181;431;;49.28;49.28;49.28666666666667;49.28857142857142;49.272000000000006;49.263749999999995;0.0098974331861059;0.018666480653834656
27;25103;181;431;;49.28;49.28;49.28666666666667;49.28857142857142;49.272000000000006;49.263749999999995;0.0098974331861059;0.018666480653834656
31;25103;181;431;;49.28;49.28;49.28666666666667;49.28857142857142;49.272000000000006;49.263749999999995;0.0098974331861059;0.018666480653834656
26;25103;181;431;;0;0;0;0;0;0;0;0
2;25103;181;431;;69;69;69.66666666666667;69.85714285714286;68.6;68;0.989743318610787;1.4142135623730951
32;25103;181;431;;49.28;49.28;49.28666666666667;49.28857142857142;49.272000000000006;49.263749999999995;0.0098974331861059;0.018666480653834656
28;25103;181;431;;49.28;49.28;49.28666666666667;49.28857142857142;49.272000000000006;49.263749999999995;0.0098974331861059;0.018666480653834656
30;25103;181;431;;49.28;49.28;49.28666666666667;49.28857142857142;49.272000000000006;49.263749999999995;0.0098974331861059;0.018666480653834656
12;25103;181;431;;0;0;0;0;0;0;0;0
18;25102;181;432;;85.71;76.19;77.77666666666666;80.27;81.902;82.33833333333332;3.0410524493997135;2.908137529225341
19;25102;181;432;;2;2;2;2;2;2;0;0
9;25102;181;432;;0;0;0;0;0;0;0;0
20;25102;181;432;;0;0;0;0;0;0;0;0
8;25102;181;432;;0;0;0;0;0;0;0;0
15;25102;181;432;;0;;;;;;;
13;25102;181;432;"{""proxy_name"": ""ZYTE_PROXY_MODE"", ""spider_name"": ""pdp_belezanaweb_com_br""}";0;0;0;0;0;0;0;0
13;25102;181;432;"{""proxy_name"": ""ZYTE_PROXY_MODE"", ""spider_name"": ""plp_belezanaweb_com_br""}";0;70.37;23.456666666666667;10.052857142857144;5.413076923076924;5.413076923076924;24.62437045709318;18.751448512095678
7;25102;181;432;;0;0;0;0;0;0;0;0
5;25102;181;432;;0;0;0;0;0;0;0;0
21;25102;181;432;;0;;;;;;;
14;25102;181;432;;0;0;0;0;0;0;0;0
10;25102;181;432;;1;1;1;1;1;1;0;0
11;25102;181;432;"{""percentile"": ""p50"", ""proxy_name"": ""ZYTE_PROXY_MODE"", ""spider_name"": ""pdp_belezanaweb_com_br""}";1.255793333053589;1.25743579864502;1.2733939488728845;1.2471659183502197;1.229228184773372;1.229228184773372;0.04795257049596599;0.04255284297968174
11;25102;181;432;"{""percentile"": ""p50"", ""proxy_name"": ""ZYTE_PROXY_MODE"", ""spider_name"": ""plp_belezanaweb_com_br""}";1.442246675491333;1.331351280212402;1.3788843949635823;1.3798176561083113;1.3627195908473089;1.3627195908473089;0.03150085435162832;0.03147457200540005
6;25102;181;432;"{""percentile"": ""p95"", ""proxy_name"": ""ZYTE_PROXY_MODE"", ""spider_name"": ""pdp_belezanaweb_com_br""}";1.586615562438965;11.51774883270264;11.516427675882978;5.936916521617346;4.060982245665331;4.060982245665331;4.84390145574272;4.09811598778824
6;25102;181;432;"{""percentile"": ""p95"", ""proxy_name"": ""ZYTE_PROXY_MODE"", ""spider_name"": ""plp_belezanaweb_com_br""}";1.843597650527954;1.531757116317749;8.24200701713562;4.694511992590768;3.6477833894582896;3.6477833894582896;4.376076686692487;3.4569257725823146
4;25102;181;432;;21;21;21;21;21;21;0;0
29;25102;181;432;;100;100;100;100;100;100;0;0
27;25102;181;432;;100;100;100;100;100;100;0;0
31;25102;181;432;;100;100;100;100;100;100;0;0
26;25102;181;432;;0;0;0;0;0;0;0;0
2;25102;181;432;;82;77;76.66666666666667;80.14285714285714;82.2;83.75;3.6811710647786073;3.7109073463687197
32;25102;181;432;;100;100;100;100;100;100;0;0
28;25102;181;432;;100;100;100;100;100;100;0;0
30;25102;181;432;;100;100;100;100;100;100;0;0
12;25102;181;432;;0;0;0;0;0;0;0;0
18;25101;181;438;;0;0;0;0;0;0;0;0
19;25101;181;438;;2;2;2;2;2;2;0;0
9;25101;181;438;;0;0;0;0;0;0;0;0
20;25101;181;438;;0;0;0;0;0;0;0;0
8;25101;181;438;;0;0;0;0;0;0;0;0
15;25101;181;438;;0;;;;;;;
13;25101;181;438;"{""proxy_name"": ""ZYTE_PROXY_MODE"", ""spider_name"": ""pdp_drogariaspacheco_com_br""}";0;0;0;0;0;0;0;0
13;25101;181;438;"{""proxy_name"": ""ZYTE_PROXY_MODE"", ""spider_name"": ""plp_drogariaspacheco_com_br""}";0;64;21.333333333333332;9.142857142857142;4.923076923076923;4.923076923076923;22.395334791160487;17.054038720678175
7;25101;181;438;;0;0;0;0;0;0;0;0
5;25101;181;438;;0;0;0;0;0;0;0;0
21;25101;181;438;;0;;;;;;;
14;25101;181;438;;0;0;0;0;0;0;0;0
10;25101;181;438;;1;1;1;1;1;1;0;0
11;25101;181;438;"{""percentile"": ""p50"", ""proxy_name"": ""ZYTE_PROXY_MODE"", ""spider_name"": ""pdp_drogariaspacheco_com_br""}";1.287215709686279;1.326809406280518;1.402010202407837;1.3299449852534704;1.3087559296534612;1.3087559296534612;0.1036808619994878;0.09249803776368676
11;25101;181;438;"{""percentile"": ""p50"", ""proxy_name"": ""ZYTE_PROXY_MODE"", ""spider_name"": ""plp_drogariaspacheco_com_br""}";1.972954034805298;1.770346164703369;2.0458190441131587;1.9790519986833846;1.9584586803729718;1.9584586803729718;0.16394426624570393;0.12872650876959926
6;25101;181;438;"{""percentile"": ""p95"", ""proxy_name"": ""ZYTE_PROXY_MODE"", ""spider_name"": ""pdp_drogariaspacheco_com_br""}";2.519644021987915;5.906907320022583;9.613903284072878;4.9978438104902;3.7012183482830343;3.7012183482830343;4.351774631130685;3.5100092008265342
6;25101;181;438;"{""percentile"": ""p95"", ""proxy_name"": ""ZYTE_PROXY_MODE"", ""spider_name"": ""plp_drogariaspacheco_com_br""}";2.980777263641357;2.356225967407227;8.99047056833903;6.089963299887521;4.98708989070012;4.98708989070012;3.9904866540988713;3.194229179152009
4;25101;181;438;;30;30;30;30;30;30;0;0
29;25101;181;438;;100;100;100;100;100;100;0;0
27;25101;181;438;;100;100;100;100;100;100;0;0
31;25101;181;438;;100;100;100;100;100;100;0;0
26;25101;181;438;;0;0;0;0;0;0;0;0
2;25101;181;438;;30;30;30;30;30;30;0;0
32;25101;181;438;;100;100;100;100;100;100;0;0
28;25101;181;438;;100;100;100;100;100;100;0;0
30;25101;181;438;;100;100;100;100;100;100;0;0
12;25101;181;438;;0;0;0;0;0;0;0;0
18;25100;181;436;;0;0;0;0;0;0;0;0
19;25100;181;436;;2;2;2;2;2;2;0;0
9;25100;181;436;;0;0;0;0;0;0;0;0
20;25100;181;436;;0;0;0;0;0;0;0;0
8;25100;181;436;;0;0;0;0;0;0;0;0
15;25100;181;436;;0;;;;;;;
13;25100;181;436;"{""proxy_name"": ""ZYTE_PROXY_MODE"", ""spider_name"": ""pdp_paguemenos_com_br""}";0;0;0;0;0;0;0;0
13;25100;181;436;"{""proxy_name"": ""ZYTE_PROXY_MODE"", ""spider_name"": ""plp_paguemenos_com_br""}";0;0;0;0;0;0;0;0
7;25100;181;436;;0;0;0;0;0;0;0;0
5;25100;181;436;;0;0;0;0;0;0;0;0
21;25100;181;436;;0;;;;;;;
14;25100;181;436;;0;0;0;0;0;0;0;0
10;25100;181;436;;1;1;1;1;1;1;0;0
11;25100;181;436;"{""percentile"": ""p50"", ""proxy_name"": ""ZYTE_PROXY_MODE"", ""spider_name"": ""pdp_paguemenos_com_br""}";2.340164422988892;2.403604984283447;2.410161018371582;2.4520995957510814;2.4668761033278246;2.4668761033278246;0.15714229860250808;0.1428451885747632
11;25100;181;436;"{""percentile"": ""p50"", ""proxy_name"": ""ZYTE_PROXY_MODE"", ""spider_name"": ""plp_paguemenos_com_br""}";1.299802541732788;1.888617992401123;1.7889590263366697;1.6670913355691093;1.6519386985085227;1.6519386985085227;0.2860214033787414;0.26349960280858614
6;25100;181;436;"{""percentile"": ""p95"", ""proxy_name"": ""ZYTE_PROXY_MODE"", ""spider_name"": ""pdp_paguemenos_com_br""}";4.028063297271729;3.737671613693237;6.427023808161416;4.801654985972812;4.312825569739708;4.312825569739708;3.1858801077334435;2.4119039256542636
6;25100;181;436;"{""percentile"": ""p95"", ""proxy_name"": ""ZYTE_PROXY_MODE"", ""spider_name"": ""plp_paguemenos_com_br""}";3.073110818862915;12.78638577461243;7.216988325119019;4.970036608832223;4.337839169935747;4.337839169935747;3.422502356493685;2.886123093301615
4;25100;181;436;;27;27;27;27;27;26.958333333333332;0;0.19982631347136331
29;25100;181;436;;100;100;100;100;100;100;0;0
27;25100;181;436;;100;100;100;100;100;100;0;0
31;25100;181;436;;100;100;100;100;100;100;0;0
26;25100;181;436;;0;0;0;0;0;0;0;0
2;25100;181;436;;27;27;27;27;27;26.958333333333332;0;0.19982631347136331
32;25100;181;436;;100;100;100;100;100;100;0;0
28;25100;181;436;;100;100;100;100;100;100;0;0
30;25100;181;436;;100;100;100;100;100;100;0;0
12;25100;181;436;;0;0;0;0;0;0;0;0
18;25099;181;435;;0;0;0;0;0;0;0;0
19;25099;181;435;;2;2;2;2;2;2;0;0
9;25099;181;435;;0;0;0;0;0;0;0;0
20;25099;181;435;;0;0;0;0;0;0;0;0
8;25099;181;435;;0;0;0;0;0;0;0;0
15;25099;181;435;;0;;;;;;;
13;25099;181;435;"{""proxy_name"": ""DEFAULT"", ""spider_name"": ""pdp_drogariasaopaulo_com_br""}";0;0;0;0;0;0;0;0
13;25099;181;435;"{""proxy_name"": ""ZYTE_PROXY_MODE"", ""spider_name"": ""plp_drogariasaopaulo_com_br""}";0;0;0;0;0;0;0;0
7;25099;181;435;;0;0;0;0;0;0;0;0
5;25099;181;435;;0;0;0;0;0;0;0;0
21;25099;181;435;;0;;;;;;;
14;25099;181;435;;0;0;0;0;0;0;0;0
10;25099;181;435;;0.9982788296041308;0.9981060606060606;0.9982162114870352;0.9982241547423941;0.9982449815394692;0.9982449815394692;0.00007740400695088303;0.00006186425470658033
11;25099;181;435;"{""percentile"": ""p50"", ""proxy_name"": ""DEFAULT"", ""spider_name"": ""pdp_drogariasaopaulo_com_br""}";1.049769639968872;1.049018144607544;1.0817310810089114;1.0505017553056988;1.0417105051187368;1.0417105051187368;0.05079868172868694;0.03957130646314977
11;25099;181;435;"{""percentile"": ""p50"", ""proxy_name"": ""ZYTE_PROXY_MODE"", ""spider_name"": ""plp_drogariasaopaulo_com_br""}";2.188733577728271;2.165367364883423;2.3476878801981607;2.237412520817348;2.1984720963698168;2.1984720963698168;0.1938147085025458;0.1543337003715836
6;25099;181;435;"{""percentile"": ""p95"", ""proxy_name"": ""DEFAULT"", ""spider_name"": ""pdp_drogariasaopaulo_com_br""}";1.386374235153198;10.66302895545959;7.646752278010048;4.100162233625139;3.0563268294701205;3.0563268294701205;4.129191037037522;3.2598159486382254
6;25099;181;435;"{""percentile"": ""p95"", ""proxy_name"": ""ZYTE_PROXY_MODE"", ""spider_name"": ""plp_drogariasaopaulo_com_br""}";3.624624013900757;5.262201070785522;10.223939895629885;6.616130726678032;5.459673973230215;5.459673973230215;3.934653708713725;3.1836049539537434
4;25099;181;435;;31;31;30.666666666666668;30.857142857142858;30.933333333333334;30.958333333333332;0.3499271061118826;0.19982631347136331
29;25099;181;435;;100;100;100;100;100;100;0;0
27;25099;181;435;;100;100;100;100;100;100;0;0
31;25099;181;435;;100;100;100;100;100;100;0;0
26;25099;181;435;;0;0;0;0;0;0;0;0
2;25099;181;435;;31;31;30.666666666666668;30.857142857142858;30.933333333333334;30.958333333333332;0.3499271061118826;0.19982631347136331
32;25099;181;435;;100;100;100;100;100;100;0;0
28;25099;181;435;;100;100;100;100;100;100;0;0
30;25099;181;435;;100;100;100;100;100;100;0;0
12;25099;181;435;;0;0;0;0;0;0;0;0
18;25098;181;433;;79.25;79.25;79.25;79.25;80.002;79.67730769230769;0;1.0669278603408923
19;25098;181;433;;2;2;2;2;2;2;0;0
9;25098;181;433;;0;0;0;0;0;0;0;0
20;25098;181;433;;18.87;20.75;22.01;18.595714285714287;14.210666666666667;13.386153846153848;5.83201228967659;5.12545313338101
8;25098;181;433;;0;0;0;0;0;0;0;0
15;25098;181;433;;0;;;;;;;
13;25098;181;433;"{""proxy_name"": ""ZYTE_PROXY_MODE"", ""spider_name"": ""pdp_drogaraia_com_br""}";0;0;0;0;0;0;0;0
13;25098;181;433;"{""proxy_name"": ""ZYTE_PROXY_MODE"", ""spider_name"": ""plp_drogaraia_com_br""}";0;0;0;0;0;0;0;0
7;25098;181;433;;0;0;0;0;0;0;0;0
5;25098;181;433;;0;0;0;0;0;0;0;0
21;25098;181;433;;0;;;;;;;
14;25098;181;433;;0;0;0;0;0;0;0;0
10;25098;181;433;;1;1;1;1;1;1;0;0
11;25098;181;433;"{""percentile"": ""p50"", ""proxy_name"": ""ZYTE_PROXY_MODE"", ""spider_name"": ""pdp_drogaraia_com_br""}";0.8074886798858643;1.063031435012817;0.9955863952636718;1.1061983108520508;1.1025116993830755;1.1025116993830755;0.33499966717368956;0.4137591737839566
11;25098;181;433;"{""percentile"": ""p50"", ""proxy_name"": ""ZYTE_PROXY_MODE"", ""spider_name"": ""plp_drogaraia_com_br""}";1.374426126480103;1.285085678100586;1.316389560699463;1.271639347076416;1.26898006959395;1.26898006959395;0.051138277294828456;0.06348899620453846
6;25098;181;433;"{""percentile"": ""p95"", ""proxy_name"": ""ZYTE_PROXY_MODE"", ""spider_name"": ""pdp_drogaraia_com_br""}";2.155209541320801;2.411838293075562;2.52292807896932;2.6599748815808977;2.6012695752657375;2.6012695752657375;0.15466956028269152;0.22899065166590013
6;25098;181;433;"{""percentile"": ""p95"", ""proxy_name"": ""ZYTE_PROXY_MODE"", ""spider_name"": ""plp_drogaraia_com_br""}";2.45268440246582;3.986525297164917;2.8891541957855225;2.6829512119293213;2.515845688906583;2.515845688906583;0.7803545037333337;0.7275718861619986
4;25098;181;433;;53;53;53;53;53;52.80769230769231;0;0.3941134909984461
29;25098;181;433;;100;100;100;100;100;100;0;0
27;25098;181;433;;100;100;100;100;100;100;0;0
31;25098;181;433;;100;100;100;100;100;100;0;0
26;25098;181;433;;0;0;0;0;0;0;0;0
2;25098;181;433;;53;53;53;53;53;52.80769230769231;0;0.3941134909984461
32;25098;181;433;;100;100;100;100;100;100;0;0
28;25098;181;433;;100;100;100;100;100;100;0;0
30;25098;181;433;;100;100;100;100;100;100;0;0
12;25098;181;433;;0;0;0;0;0;0;0;0
18;25097;181;437;;0;0;0;0;0;0;0;0
19;25097;181;437;;2;2;2;2;2;2.0416666666666665;0;0.19982631347136331
9;25097;181;437;;0;0;0;0;0;0;0;0
20;25097;181;437;;0;0;0;0;0;0.15416666666666667;0;0.7393573598440443
8;25097;181;437;;0;0;0;0;0;0;0;0
15;25097;181;437;;0;;;;;;;
13;25097;181;437;"{""proxy_name"": ""ZYTE_PROXY_MODE"", ""spider_name"": ""pdp_drogariavenancio_com_br""}";0;0;0;0;0;0;0;0
13;25097;181;437;"{""proxy_name"": ""ZYTE_PROXY_MODE"", ""spider_name"": ""plp_drogariavenancio_com_br""}";0;0;0;0;0;0;0;0
7;25097;181;437;;0;0;0;0;0;0;0;0
5;25097;181;437;;0;0;0;0;0;0;0;0
21;25097;181;437;;0;;;;;;;
14;25097;181;437;;0;0;0;0;0;0;0;0
10;25097;181;437;;1;1;1;1;1;1;0;0
11;25097;181;437;"{""percentile"": ""p50"", ""proxy_name"": ""ZYTE_PROXY_MODE"", ""spider_name"": ""pdp_drogariavenancio_com_br""}";2.728131294250488;2.790565967559814;2.909077008565267;2.756277254649571;2.705561087681697;2.705561087681697;0.20742060121974057;0.23397921445565714
11;25097;181;437;"{""percentile"": ""p50"", ""proxy_name"": ""ZYTE_PROXY_MODE"", ""spider_name"": ""plp_drogariavenancio_com_br""}";2.492905378341675;3.297297716140747;2.9605701764424643;2.84337169783456;2.772306659004905;2.772306659004905;0.2538201082288264;0.2658695637309165
6;25097;181;437;"{""percentile"": ""p95"", ""proxy_name"": ""ZYTE_PROXY_MODE"", ""spider_name"": ""pdp_drogariavenancio_com_br""}";4.661423683166504;12.88828182220459;9.825508753458656;6.459017992019653;5.2290425300598145;5.2290425300598145;3.942531238559533;3.236748786333932
6;25097;181;437;"{""percentile"": ""p95"", ""proxy_name"": ""ZYTE_PROXY_MODE"", ""spider_name"": ""plp_drogariavenancio_com_br""}";4.350371599197388;18.66876912117004;8.66770060857137;6.277810573577881;5.464381608096036;5.464381608096036;5.076561983182818;4.212257779346856
4;25097;181;437;;27;27;27;27;27;27;0;0
29;25097;181;437;;100;100;100;100;100;100;0;0
27;25097;181;437;;100;100;100;100;100;100;0;0
31;25097;181;437;;100;100;100;100;100;100;0;0
26;25097;181;437;;0;0;0;0;0;0;0;0
2;25097;181;437;;27;27;27;27;27;27;0;0
32;25097;181;437;;100;100;100;100;100;100;0;0
28;25097;181;437;;100;100;100;100;100;100;0;0
30;25097;181;437;;100;100;100;100;100;100;0;0
12;25097;181;437;;0;0;0;0;0;0;0;0
18;25096;181;430;;100;100;100;100;100;100;0;0
19;25096;181;430;;6;6;6;6;6;5.896551724137931;0;0.5473968229788808
9;25096;181;430;;0;0;0;0;0;0;0;0
20;25096;181;430;;0;0;0;0;0;0;0;0
8;25096;181;430;;100;100;100;100;100;100;0;0
15;25096;181;430;;0;;;;;;;
24;25096;181;430;;0;0;0;0;0;0;0;0
23;25096;181;430;;0;0;0;0;0;0;0;0
22;25096;181;430;;0;0;0;0;0;0;0;0
25;25096;181;430;;0;0;0;0;0;0;0;0
16;25096;181;430;;0;0;0;0;0;0.4330769230769231;0;1.6053343031443859
13;25096;181;430;"{""proxy_name"": ""ZYTE_PROXY_MODE"", ""spider_name"": ""pdp_amazon_com_br""}";0;1.97;0.6566666666666666;0.6271428571428571;0.3376923076923077;0.3376923076923077;0.9988667047597247;0.7968607044198632
13;25096;181;430;"{""proxy_name"": ""DEFAULT"", ""spider_name"": ""plp_amazon_com_br""}";0;0;0;0;0;0;0;0
7;25096;181;430;;0;0;0;0;0;0;0;0
35;25096;181;430;;2;1;3.3333333333333335;3;2.8333333333333335;2.8333333333333335;3.1622776601683795;2.9953667926019047
36;25096;181;430;;3;1;4.333333333333333;3.857142857142857;3.5833333333333335;3.5833333333333335;4.5175395145262565;4.290655220618667
5;25096;181;430;;0;0;0;0;0;0;0;0
21;25096;181;430;;0;;;;;;;
14;25096;181;430;;0.8261758691206544;0.8670588235294118;0.8396714589949076;0.8354716658933753;0.8311890792802541;0.8311890792802541;0.01967269065551001;0.015280583349607487
10;25096;181;430;;0.1738241308793456;0.13294117647058823;0.1603285410050924;0.16452833410662462;0.16881092071974596;0.16881092071974596;0.019672690655510028;0.015280583349607498
11;25096;181;430;"{""percentile"": ""p50"", ""proxy_name"": ""ZYTE_PROXY_MODE"", ""spider_name"": ""pdp_amazon_com_br""}";3.057832717895508;3.079486131668091;3.0827063719431558;3.045290333884103;3.03917672083928;3.03917672083928;0.0541740588012514;0.044367534142526525
11;25096;181;430;"{""percentile"": ""p50"", ""proxy_name"": ""DEFAULT"", ""spider_name"": ""plp_amazon_com_br""}";1.48478102684021;1.534242630004883;1.4601170221964521;1.4441956451960976;1.435977385594295;1.435977385594295;0.04495219062597693;0.04055295582962423
6;25096;181;430;"{""percentile"": ""p95"", ""proxy_name"": ""ZYTE_PROXY_MODE"", ""spider_name"": ""pdp_amazon_com_br""}";3.470435857772827;3.391741514205933;3.4071098168691;3.4185609136308943;3.6002860252673807;3.6002860252673807;0.12778042898727485;0.3326677400390831
6;25096;181;430;"{""percentile"": ""p95"", ""proxy_name"": ""DEFAULT"", ""spider_name"": ""plp_amazon_com_br""}";1.68941593170166;1.736876010894775;1.6828281084696448;1.7143204212188718;1.7339958961193378;1.7339958961193378;0.0631668507813934;0.06951604234911313
4;25096;181;430;;38;38;38;38;38;36.44827586206897;0;6.451870655738759
29;25096;181;430;;100;100;100;100;100;100;0;0
27;25096;181;430;;52.23;52.23;52.15333333333333;52.82714285714285;52.71933333333333;53.301034482758624;0.9259082689170577;9.031852960238153
31;25096;181;430;;100;100;100;100;100;100;0;0
34;25096;181;430;;8;1;10.333333333333334;9;8.166666666666666;8.166666666666666;12.023785950000464;11.458863624092729
26;25096;181;430;;0;0;0;0;0;0;0;0
2;25096;181;430;;224;224;224.33333333333334;224.71428571428572;225.46666666666667;216.75862068965517;0.45175395145262565;35.27297996113856
32;25096;181;430;;50;50;49.92666666666667;50.60285714285715;50.50266666666666;51.13206896551724;0.9249202944148256;9.4438739053458
28;25096;181;430;;100;100;100;100;100;100;0;0
30;25096;181;430;;100;100;100;100;100;100;0;0
12;25096;181;430;;0;0;0;0;0;0;0;0
18;25095;181;434;;79.63;79.63;79.63;79.63;80.12333333333332;80.34192307692307;0;0.9314588195644423
19;25095;181;434;;2;2;2;2;2;2;0;0
9;25095;181;434;;0;0;0;0;0;0;0;0
20;25095;181;434;;18.52;20.37;21.603333333333335;18.252857142857142;13.703333333333331;12.569230769230769;5.721864616877749;4.72285354019476
8;25095;181;434;;0;0;0;0;0;0;0;0
15;25095;181;434;;0;;;;;;;
13;25095;181;434;"{""proxy_name"": ""ZYTE_PROXY_MODE"", ""spider_name"": ""pdp_drogasil_com_br""}";0;0;0;0;0;0;0;0
13;25095;181;434;"{""proxy_name"": ""ZYTE_PROXY_MODE"", ""spider_name"": ""plp_drogasil_com_br""}";0;0;0;0;0;0;0;0
7;25095;181;434;;0;0;0;0;0;0;0;0
5;25095;181;434;;0;0;0;0;0;0;0;0
21;25095;181;434;;0;;;;;;;
14;25095;181;434;;0;0;0;0;0;0;0;0
10;25095;181;434;;1;1;1;1;1;1;0;0
11;25095;181;434;"{""percentile"": ""p50"", ""proxy_name"": ""ZYTE_PROXY_MODE"", ""spider_name"": ""pdp_drogasil_com_br""}";1.256881475448608;1.16041898727417;1.2688990434010823;1.1568287440708704;1.0546159010667069;1.0546159010667069;0.17587422275627299;0.2015763841352477
11;25095;181;434;"{""percentile"": ""p50"", ""proxy_name"": ""ZYTE_PROXY_MODE"", ""spider_name"": ""plp_drogasil_com_br""}";1.292296409606934;1.393263101577759;1.364823659261068;1.3154483863285609;1.266918381055196;1.266918381055196;0.05812544203656085;0.07761174614138175
6;25095;181;434;"{""percentile"": ""p95"", ""proxy_name"": ""ZYTE_PROXY_MODE"", ""spider_name"": ""pdp_drogasil_com_br""}";7.602816343307495;10.44099235534668;6.902931372324626;4.551508188247681;4.698698153862586;4.698698153862586;2.917236632789962;4.334799249575582
6;25095;181;434;"{""percentile"": ""p95"", ""proxy_name"": ""ZYTE_PROXY_MODE"", ""spider_name"": ""plp_drogasil_com_br""}";2.42143440246582;11.41836953163147;8.389476299285889;4.9675537177494595;3.9883884390195212;3.9883884390195212;4.135629263716477;3.4119132778462324
4;25095;181;434;;54;54;54;54;54;53.80769230769231;0;0.3941134909984461
29;25095;181;434;;100;100;100;100;100;100;0;0
27;25095;181;434;;100;100;100;100;100;100;0;0
31;25095;181;434;;100;100;100;100;100;100;0;0
26;25095;181;434;;0;0;0;0;0;0;0;0
2;25095;181;434;;54;54;54;54;54;53.80769230769231;0;0.3941134909984461
32;25095;181;434;;100;100;100;100;100;100;0;0
28;25095;181;434;;100;100;100;100;100;100;0;0
30;25095;181;434;;100;100;100;100;100;100;0;0
12;25095;181;434;;0;0;0;0;0;0;0;0
18;25094;152;336;;100;100;100;100;100;100;0;0
19;25094;152;336;;1;1;1;1;1;1;0;0
9;25094;152;336;;0;0;0;0;0;0;0;0
20;25094;152;336;;0;0;0;0;0;0;0;0
8;25094;152;336;;0;0;0;0;0;0;0;0
15;25094;152;336;;0;;;;;;;
13;25094;152;336;;;;;;;;;
7;25094;152;336;;0;0;0;0;0;0;0;0
35;25094;152;336;;1;1;1;1;1;1;0;0
36;25094;152;336;;1;1;1;1;1;1;0;0
5;25094;152;336;;0;0;0;0;0;0;0;0
21;25094;152;336;;0;;;;;;;
11;25094;152;336;;0;;;;;;;
6;25094;152;336;;0;;;;;;;
4;25094;152;336;;18;18;18;18;18;18;0;0
29;25094;152;336;;100;100;100;100;100;100;0;0
27;25094;152;336;;100;100;100;100;100;100;0;0
31;25094;152;336;;100;100;100;100;100;100;0;0
34;25094;152;336;;1;1;1;1;1;1;0;0
26;25094;152;336;;0;0;0;0;0;0;0;0
2;25094;152;336;;18;18;18;18;18;18;0;0
32;25094;152;336;;100;100;100;100;100;100;0;0
28;25094;152;336;;100;100;100;100;100;100;0;0
30;25094;152;336;;100;100;100;100;100;100;0;0
12;25094;152;336;;0;0;0;0;0;0;0;0
18;25093;142;307;;100;100;100;100;100;100;0;0
19;25093;142;307;;4;4;4;4;4.133333333333334;5;0;0.982607368881035
9;25093;142;307;;0;0;0;0;0;0;0;0
20;25093;142;307;;0;0;0;0;0;0;0;0
8;25093;142;307;;0;0;0;0;0;0;0;0
15;25093;142;307;;0;;;;;;;
13;25093;142;307;;;;;;;;;
7;25093;142;307;;0;0;0;0;0;0;0;0
35;25093;142;307;;1;1;1;1;1;1;0;0
36;25093;142;307;;1;1;1;1;1;1;0;0
5;25093;142;307;;0;0;0;0;0;0;0;0
21;25093;142;307;;0;;;;;;;
11;25093;142;307;;0;;;;;;;
6;25093;142;307;;0;;;;;;;
4;25093;142;307;;11;11;11;11;11.733333333333333;16.862068965517242;0;5.958037966397735
29;25093;142;307;;100;100;100;100;100;100;0;0
27;25093;142;307;;100;100;100;100;100;100;0;0
31;25093;142;307;;100;100;100;100;100;100;0;0
34;25093;142;307;;1;1;1;1;1;1;0;0
26;25093;142;307;;0;0;0;0;0;0;0;0
2;25093;142;307;;11;11;11;11;11.733333333333333;16.862068965517242;0;5.958037966397735
32;25093;142;307;;100;100;100;100;100;100;0;0
28;25093;142;307;;100;100;100;100;100;100;0;0
30;25093;142;307;;100;100;100;100;100;100;0;0
12;25093;142;307;;0;0;0;0;0;0;0;0
18;25092;143;309;;93.05;93.23;92.83;92.82857142857144;92.944;93.23035714285713;0.21721803209997886;0.3913482386283989
19;25092;143;309;;5;5;5;5;5;5;0;0
9;25092;143;309;;0;0;0;0;0;0;0;0
20;25092;143;309;;100;100;100;100;100;100;0;0
8;25092;143;309;;0;0;0;0;0;0;0;0
15;25092;143;309;;0;;;;;;;
24;25092;143;309;;0;0;0;0;0;0;0;0
23;25092;143;309;;0.17;0.07;0.11333333333333334;0.04857142857142858;0.11800000000000001;0.07392857142857143;0.09356870225035895;0.23333512511459756
22;25092;143;309;;0.43;1.16;2.78;1.987142857142857;1.526;1.1460714285714286;1.3271097950671848;1.0861575105642376
25;25092;143;309;;0.17;0.62;0.25333333333333335;0.42714285714285716;0.43066666666666664;0.37142857142857144;0.5507582898854552;0.5236596105822007
16;25092;143;309;;44.43;49.66;64.90666666666667;60.57142857142857;54.977999999999994;53.46857142857142;8.396278816188973;8.033270422030457
13;25092;143;309;;;;;;;;;
7;25092;143;309;;0;0;0;0;0;0;0;0
35;25092;143;309;;1;1;1;1;1;1;0;0
36;25092;143;309;;4;4;4;4;4;4;0;0
5;25092;143;309;;0;0;0;0;0;0;0;0
21;25092;143;309;;0;;;;;;;
11;25092;143;309;;0;;;;;;;
6;25092;143;309;;0;;;;;;;
4;25092;143;309;;37731;38232;37570;37351.42857142857;37376.933333333334;37295.642857142855;376.957313666323;304.33266740358255
29;25092;143;309;;0.49;0.45;0.47000000000000003;0.4714285714285714;0.4673333333333333;21.80035714285714;0.03043896536094646;40.83845023662862
27;25092;143;309;;100;100;100;100;100;100;0;0
31;25092;143;309;;0.49;0.45;0.47000000000000003;0.4714285714285714;0.4673333333333333;21.80035714285714;0.03043896536094646;40.83845023662862
34;25092;143;309;;550;553;538.6666666666666;533.2857142857143;534;534.7142857142857;8.429781995389675;6.963461489687966
26;25092;143;309;;0;0;0;0;0;0;0;0
2;25092;143;309;;31038;31569;30938;30736.285714285714;30904.733333333334;31065.535714285714;348.38390740499983;338.8743427187447
32;25092;143;309;;100;100;100;100;100;100;0;0
28;25092;143;309;;100;100;100;100;100;100;0;0
30;25092;143;309;;100;100;100;100;100;100;0;0
12;25092;143;309;;0;0;0;0;0;0;0;0
18;25091;141;304;;78.17;79.59;79.93;80.16142857142857;81.16466666666666;82.00178571428572;0.4703624308196074;1.6387997645738608
19;25091;141;304;;2;2;2;2;2;2;0;0
9;25091;141;304;;0;0;0;0;0;0;0;0
20;25091;141;304;;100;100;100;100;100;100;0;0
8;25091;141;304;;0;0;0;0;0;0;0;0
15;25091;141;304;;0;;;;;;;
24;25091;141;304;;0;0;0;0;0;0;0;0
23;25091;141;304;;0;0;0;0;0;0.3085185185185185;0;1.5731419462306628
22;25091;141;304;;0;0;0;0;0;0.06740740740740742;0;0.3437116857310692
25;25091;141;304;;0;0;0;0;0;0.06740740740740742;0;0.3437116857310692
16;25091;141;304;;85.71;20;29.52333333333333;47.41428571428571;31.394000000000002;31.285925925925927;24.756910641067392;23.504196041346926
13;25091;141;304;;;;;;;;;
7;25091;141;304;;0;0;0;0;0;0;0;0
35;25091;141;304;;0;6;6;6;5.733333333333333;4;0;2.1712405933672376
36;25091;141;304;;4;18;18;17.142857142857142;16.133333333333333;13.285714285714286;0.832993127835043;3.6533462435841204
5;25091;141;304;;0;0;0;0;0;0;0;0
21;25091;141;304;;0;;;;;;;
11;25091;141;304;;0;;;;;;;
6;25091;141;304;;0;;;;;;;
4;25091;141;304;;197;196;196;195.85714285714286;222.2;297.7857142857143;0.832993127835043;94.27253695795926
29;25091;141;304;;5.26;2.61;3.7066666666666666;3.5357142857142856;3.3626666666666667;24.060714285714287;0.8312616425454424;39.66435606872925
27;25091;141;304;;100;100;100;100;100;100;0;0
31;25091;141;304;;5.26;2.61;3.7066666666666666;3.5357142857142856;3.3626666666666667;24.060714285714287;0.8312616425454424;39.66435606872925
34;25091;141;304;;5;54;54;53.714285714285715;59.666666666666664;77.53571428571429;1.0301575072754254;21.89338148987553
26;25091;141;304;;0;0;0;0;0;0;0;0
2;25091;141;304;;114;115;116.66666666666667;117;149.2;213.32142857142858;1.1952286093343936;80.07989473529749
32;25091;141;304;;100;100;100;100;100;100;0;0
28;25091;141;304;;100;100;100;100;100;100;0;0
30;25091;141;304;;100;100;100;100;100;100;0;0
12;25091;141;304;;0;0;0;0;0;0;0;0
